{
  "fio version" : "fio-3.36",
  "timestamp" : 1733289007,
  "timestamp_ms" : 1733289007488,
  "time" : "Wed Dec  4 05:10:07 2024",
  "jobs" : [
    {
      "jobname" : "ROLLBACCINE_write_direct0_fsync0_threads_64_a244",
      "groupid" : 0,
      "job_start" : 1733288906127,
      "error" : 0,
      "eta" : 0,
      "elapsed" : 132,
      "job options" : {
        "name" : "ROLLBACCINE_write_direct0_fsync0_threads_64_a244",
        "rw" : "write",
        "direct" : "0",
        "filename" : "/dev/mapper/rollbaccine1",
        "numjobs" : "64",
        "fsync" : "0",
        "bs" : "4k",
        "ramp_time" : "30",
        "runtime" : "60",
        "iodepth" : "1",
        "end_fsync" : "1"
      },
      "read" : {
        "io_bytes" : 0,
        "io_kbytes" : 0,
        "bw_bytes" : 0,
        "bw" : 0,
        "iops" : 0.000000,
        "runtime" : 0,
        "total_ios" : 0,
        "short_ios" : 0,
        "drop_ios" : 0,
        "slat_ns" : {
          "min" : 0,
          "max" : 0,
          "mean" : 0.000000,
          "stddev" : 0.000000,
          "N" : 0
        },
        "clat_ns" : {
          "min" : 0,
          "max" : 0,
          "mean" : 0.000000,
          "stddev" : 0.000000,
          "N" : 0
        },
        "lat_ns" : {
          "min" : 0,
          "max" : 0,
          "mean" : 0.000000,
          "stddev" : 0.000000,
          "N" : 0
        },
        "bw_min" : 0,
        "bw_max" : 0,
        "bw_agg" : 0.000000,
        "bw_mean" : 0.000000,
        "bw_dev" : 0.000000,
        "bw_samples" : 0,
        "iops_min" : 0,
        "iops_max" : 0,
        "iops_mean" : 0.000000,
        "iops_stddev" : 0.000000,
        "iops_samples" : 0
      },
      "write" : {
        "io_bytes" : 1318784524288,
        "io_kbytes" : 1287875512,
        "bw_bytes" : 13708208850,
        "bw" : 13386922,
        "iops" : 3346730.676479,
        "runtime" : 96204,
        "total_ios" : 321968878,
        "short_ios" : 0,
        "drop_ios" : 0,
        "slat_ns" : {
          "min" : 0,
          "max" : 0,
          "mean" : 0.000000,
          "stddev" : 0.000000,
          "N" : 0
        },
        "clat_ns" : {
          "min" : 1100,
          "max" : 222717611,
          "mean" : 11116.385647,
          "stddev" : 673484.601788,
          "N" : 321968878,
          "percentile" : {
            "1.000000" : 1096,
            "5.000000" : 1208,
            "10.000000" : 1208,
            "20.000000" : 1496,
            "30.000000" : 1608,
            "40.000000" : 1608,
            "50.000000" : 1608,
            "60.000000" : 1704,
            "70.000000" : 1800,
            "80.000000" : 1896,
            "90.000000" : 2192,
            "95.000000" : 2416,
            "99.000000" : 4016,
            "99.500000" : 6432,
            "99.900000" : 67072,
            "99.950000" : 98816,
            "99.990000" : 46923776
          }
        },
        "lat_ns" : {
          "min" : 1100,
          "max" : 222717711,
          "mean" : 11269.612373,
          "stddev" : 674402.566690,
          "N" : 321968878
        },
        "bw_min" : 8619250,
        "bw_max" : 69846548,
        "bw_agg" : 100.000000,
        "bw_mean" : 21476669.773109,
        "bw_dev" : 131889.564148,
        "bw_samples" : 7616,
        "iops_min" : 2154812,
        "iops_max" : 17461634,
        "iops_mean" : 5369163.462185,
        "iops_stddev" : 32972.386729,
        "iops_samples" : 7616
      },
      "trim" : {
        "io_bytes" : 0,
        "io_kbytes" : 0,
        "bw_bytes" : 0,
        "bw" : 0,
        "iops" : 0.000000,
        "runtime" : 0,
        "total_ios" : 0,
        "short_ios" : 0,
        "drop_ios" : 0,
        "slat_ns" : {
          "min" : 0,
          "max" : 0,
          "mean" : 0.000000,
          "stddev" : 0.000000,
          "N" : 0
        },
        "clat_ns" : {
          "min" : 0,
          "max" : 0,
          "mean" : 0.000000,
          "stddev" : 0.000000,
          "N" : 0
        },
        "lat_ns" : {
          "min" : 0,
          "max" : 0,
          "mean" : 0.000000,
          "stddev" : 0.000000,
          "N" : 0
        },
        "bw_min" : 0,
        "bw_max" : 0,
        "bw_agg" : 0.000000,
        "bw_mean" : 0.000000,
        "bw_dev" : 0.000000,
        "bw_samples" : 0,
        "iops_min" : 0,
        "iops_max" : 0,
        "iops_mean" : 0.000000,
        "iops_stddev" : 0.000000,
        "iops_samples" : 0
      },
      "sync" : {
        "total_ios" : 0,
        "lat_ns" : {
          "min" : 0,
          "max" : 0,
          "mean" : 0.000000,
          "stddev" : 0.000000,
          "N" : 0
        }
      },
      "job_runtime" : 6154553,
      "usr_cpu" : 3.416235,
      "sys_cpu" : 11.675210,
      "ctx" : 7714629,
      "majf" : 0,
      "minf" : 2364,
      "iodepth_level" : {
        "1" : 100.000000,
        "2" : 0.000000,
        "4" : 0.000000,
        "8" : 0.000000,
        "16" : 0.000000,
        "32" : 0.000000,
        ">=64" : 0.000000
      },
      "iodepth_submit" : {
        "0" : 0.000000,
        "4" : 100.000000,
        "8" : 0.000000,
        "16" : 0.000000,
        "32" : 0.000000,
        "64" : 0.000000,
        ">=64" : 0.000000
      },
      "iodepth_complete" : {
        "0" : 0.000000,
        "4" : 100.000000,
        "8" : 0.000000,
        "16" : 0.000000,
        "32" : 0.000000,
        "64" : 0.000000,
        ">=64" : 0.000000
      },
      "latency_ns" : {
        "2" : 0.000000,
        "4" : 0.000000,
        "10" : 0.000000,
        "20" : 0.000000,
        "50" : 0.000000,
        "100" : 0.000000,
        "250" : 0.000000,
        "500" : 0.000000,
        "750" : 0.000000,
        "1000" : 0.000000
      },
      "latency_us" : {
        "2" : 82.289148,
        "4" : 16.600470,
        "10" : 0.705612,
        "20" : 0.064959,
        "50" : 0.194055,
        "100" : 0.096054,
        "250" : 0.012966,
        "500" : 0.010000,
        "750" : 0.010000,
        "1000" : 0.010000
      },
      "latency_ms" : {
        "2" : 0.010000,
        "4" : 0.010000,
        "10" : 0.010000,
        "20" : 0.010000,
        "50" : 0.010000,
        "100" : 0.010000,
        "250" : 0.010000,
        "500" : 0.000000,
        "750" : 0.000000,
        "1000" : 0.000000,
        "2000" : 0.000000,
        ">=2000" : 0.000000
      },
      "latency_depth" : 1,
      "latency_target" : 0,
      "latency_percentile" : 100.000000,
      "latency_window" : 0
    }
  ]
}
