{
  "fio version" : "fio-3.36",
  "timestamp" : 1733289099,
  "timestamp_ms" : 1733289099625,
  "time" : "Wed Dec  4 05:11:39 2024",
  "jobs" : [
    {
      "jobname" : "ROLLBACCINE_read_direct0_fsync0_threads_6_bce8",
      "groupid" : 0,
      "job_start" : 1733289037712,
      "error" : 0,
      "eta" : 0,
      "elapsed" : 93,
      "job options" : {
        "name" : "ROLLBACCINE_read_direct0_fsync0_threads_6_bce8",
        "rw" : "read",
        "direct" : "0",
        "filename" : "/dev/mapper/rollbaccine1",
        "numjobs" : "6",
        "fsync" : "0",
        "bs" : "4k",
        "ramp_time" : "30",
        "runtime" : "60",
        "iodepth" : "1",
        "end_fsync" : "1"
      },
      "read" : {
        "io_bytes" : 75019743232,
        "io_kbytes" : 73261468,
        "bw_bytes" : 1250245704,
        "bw" : 1220943,
        "iops" : 305235.767615,
        "runtime" : 60004,
        "total_ios" : 18315367,
        "short_ios" : 0,
        "drop_ios" : 0,
        "slat_ns" : {
          "min" : 0,
          "max" : 0,
          "mean" : 0.000000,
          "stddev" : 0.000000,
          "N" : 0
        },
        "clat_ns" : {
          "min" : 700,
          "max" : 109647823,
          "mean" : 19330.550551,
          "stddev" : 97305.932451,
          "N" : 18315367,
          "percentile" : {
            "1.000000" : 700,
            "5.000000" : 700,
            "10.000000" : 804,
            "20.000000" : 804,
            "30.000000" : 804,
            "40.000000" : 804,
            "50.000000" : 900,
            "60.000000" : 1004,
            "70.000000" : 1096,
            "80.000000" : 2512,
            "90.000000" : 64256,
            "95.000000" : 85504,
            "99.000000" : 259072,
            "99.500000" : 448512,
            "99.900000" : 667648,
            "99.950000" : 929792,
            "99.990000" : 2039808
          }
        },
        "lat_ns" : {
          "min" : 700,
          "max" : 109647923,
          "mean" : 19382.804683,
          "stddev" : 97307.217260,
          "N" : 18315367
        },
        "bw_min" : 543608,
        "bw_max" : 2074848,
        "bw_agg" : 100.000000,
        "bw_mean" : 1221481.191667,
        "bw_dev" : 67665.234265,
        "bw_samples" : 720,
        "iops_min" : 135902,
        "iops_max" : 518712,
        "iops_mean" : 305369.858333,
        "iops_stddev" : 16916.301059,
        "iops_samples" : 720
      },
      "write" : {
        "io_bytes" : 0,
        "io_kbytes" : 0,
        "bw_bytes" : 0,
        "bw" : 0,
        "iops" : 0.000000,
        "runtime" : 0,
        "total_ios" : 0,
        "short_ios" : 0,
        "drop_ios" : 0,
        "slat_ns" : {
          "min" : 0,
          "max" : 0,
          "mean" : 0.000000,
          "stddev" : 0.000000,
          "N" : 0
        },
        "clat_ns" : {
          "min" : 0,
          "max" : 0,
          "mean" : 0.000000,
          "stddev" : 0.000000,
          "N" : 0
        },
        "lat_ns" : {
          "min" : 0,
          "max" : 0,
          "mean" : 0.000000,
          "stddev" : 0.000000,
          "N" : 0
        },
        "bw_min" : 0,
        "bw_max" : 0,
        "bw_agg" : 0.000000,
        "bw_mean" : 0.000000,
        "bw_dev" : 0.000000,
        "bw_samples" : 0,
        "iops_min" : 0,
        "iops_max" : 0,
        "iops_mean" : 0.000000,
        "iops_stddev" : 0.000000,
        "iops_samples" : 0
      },
      "trim" : {
        "io_bytes" : 0,
        "io_kbytes" : 0,
        "bw_bytes" : 0,
        "bw" : 0,
        "iops" : 0.000000,
        "runtime" : 0,
        "total_ios" : 0,
        "short_ios" : 0,
        "drop_ios" : 0,
        "slat_ns" : {
          "min" : 0,
          "max" : 0,
          "mean" : 0.000000,
          "stddev" : 0.000000,
          "N" : 0
        },
        "clat_ns" : {
          "min" : 0,
          "max" : 0,
          "mean" : 0.000000,
          "stddev" : 0.000000,
          "N" : 0
        },
        "lat_ns" : {
          "min" : 0,
          "max" : 0,
          "mean" : 0.000000,
          "stddev" : 0.000000,
          "N" : 0
        },
        "bw_min" : 0,
        "bw_max" : 0,
        "bw_agg" : 0.000000,
        "bw_mean" : 0.000000,
        "bw_dev" : 0.000000,
        "bw_samples" : 0,
        "iops_min" : 0,
        "iops_max" : 0,
        "iops_mean" : 0.000000,
        "iops_stddev" : 0.000000,
        "iops_samples" : 0
      },
      "sync" : {
        "total_ios" : 0,
        "lat_ns" : {
          "min" : 0,
          "max" : 0,
          "mean" : 0.000000,
          "stddev" : 0.000000,
          "N" : 0
        }
      },
      "job_runtime" : 360003,
      "usr_cpu" : 7.056886,
      "sys_cpu" : 17.919573,
      "ctx" : 3455062,
      "majf" : 0,
      "minf" : 219,
      "iodepth_level" : {
        "1" : 100.000000,
        "2" : 0.000000,
        "4" : 0.000000,
        "8" : 0.000000,
        "16" : 0.000000,
        "32" : 0.000000,
        ">=64" : 0.000000
      },
      "iodepth_submit" : {
        "0" : 0.000000,
        "4" : 100.000000,
        "8" : 0.000000,
        "16" : 0.000000,
        "32" : 0.000000,
        "64" : 0.000000,
        ">=64" : 0.000000
      },
      "iodepth_complete" : {
        "0" : 0.000000,
        "4" : 100.000000,
        "8" : 0.000000,
        "16" : 0.000000,
        "32" : 0.000000,
        "64" : 0.000000,
        ">=64" : 0.000000
      },
      "latency_ns" : {
        "2" : 0.000000,
        "4" : 0.000000,
        "10" : 0.000000,
        "20" : 0.000000,
        "50" : 0.000000,
        "100" : 0.000000,
        "250" : 0.000000,
        "500" : 0.000000,
        "750" : 7.464972,
        "1000" : 45.786754
      },
      "latency_us" : {
        "2" : 26.455533,
        "4" : 1.149570,
        "10" : 0.024340,
        "20" : 0.010000,
        "50" : 1.510147,
        "100" : 15.089777,
        "250" : 1.472157,
        "500" : 0.693991,
        "750" : 0.270931,
        "1000" : 0.031045
      },
      "latency_ms" : {
        "2" : 0.033223,
        "4" : 0.010000,
        "10" : 0.010000,
        "20" : 0.010000,
        "50" : 0.010000,
        "100" : 0.000000,
        "250" : 0.010000,
        "500" : 0.000000,
        "750" : 0.000000,
        "1000" : 0.000000,
        "2000" : 0.000000,
        ">=2000" : 0.000000
      },
      "latency_depth" : 1,
      "latency_target" : 0,
      "latency_percentile" : 100.000000,
      "latency_window" : 0
    }
  ]
}
