{
  "fio version" : "fio-3.36",
  "timestamp" : 1733289518,
  "timestamp_ms" : 1733289518558,
  "time" : "Wed Dec  4 05:18:38 2024",
  "jobs" : [
    {
      "jobname" : "ROLLBACCINE_write_direct1_fsync1_threads_32_c83c",
      "groupid" : 0,
      "job_start" : 1733289458542,
      "error" : 0,
      "eta" : 0,
      "elapsed" : 91,
      "job options" : {
        "name" : "ROLLBACCINE_write_direct1_fsync1_threads_32_c83c",
        "rw" : "write",
        "direct" : "1",
        "filename" : "/dev/mapper/rollbaccine1",
        "numjobs" : "32",
        "fsync" : "1",
        "bs" : "4k",
        "ramp_time" : "30",
        "runtime" : "60",
        "iodepth" : "1",
        "end_fsync" : "1"
      },
      "read" : {
        "io_bytes" : 0,
        "io_kbytes" : 0,
        "bw_bytes" : 0,
        "bw" : 0,
        "iops" : 0.000000,
        "runtime" : 0,
        "total_ios" : 0,
        "short_ios" : 0,
        "drop_ios" : 0,
        "slat_ns" : {
          "min" : 0,
          "max" : 0,
          "mean" : 0.000000,
          "stddev" : 0.000000,
          "N" : 0
        },
        "clat_ns" : {
          "min" : 0,
          "max" : 0,
          "mean" : 0.000000,
          "stddev" : 0.000000,
          "N" : 0
        },
        "lat_ns" : {
          "min" : 0,
          "max" : 0,
          "mean" : 0.000000,
          "stddev" : 0.000000,
          "N" : 0
        },
        "bw_min" : 0,
        "bw_max" : 0,
        "bw_agg" : 0.000000,
        "bw_mean" : 0.000000,
        "bw_dev" : 0.000000,
        "bw_samples" : 0,
        "iops_min" : 0,
        "iops_max" : 0,
        "iops_mean" : 0.000000,
        "iops_stddev" : 0.000000,
        "iops_samples" : 0
      },
      "write" : {
        "io_bytes" : 7190917120,
        "io_kbytes" : 7022380,
        "bw_bytes" : 119842626,
        "bw" : 117033,
        "iops" : 29258.453744,
        "runtime" : 60003,
        "total_ios" : 1755595,
        "short_ios" : 0,
        "drop_ios" : 0,
        "slat_ns" : {
          "min" : 0,
          "max" : 0,
          "mean" : 0.000000,
          "stddev" : 0.000000,
          "N" : 0
        },
        "clat_ns" : {
          "min" : 79700,
          "max" : 57667199,
          "mean" : 357967.273797,
          "stddev" : 929350.978431,
          "N" : 1755595,
          "percentile" : {
            "1.000000" : 134144,
            "5.000000" : 156672,
            "10.000000" : 173056,
            "20.000000" : 197632,
            "30.000000" : 222208,
            "40.000000" : 248832,
            "50.000000" : 276480,
            "60.000000" : 305152,
            "70.000000" : 342016,
            "80.000000" : 391168,
            "90.000000" : 481280,
            "95.000000" : 602112,
            "99.000000" : 1368064,
            "99.500000" : 2572288,
            "99.900000" : 12124160,
            "99.950000" : 20578304,
            "99.990000" : 41156608
          }
        },
        "lat_ns" : {
          "min" : 80000,
          "max" : 57667299,
          "mean" : 358239.733711,
          "stddev" : 929351.396884,
          "N" : 1755595
        },
        "bw_min" : 92649,
        "bw_max" : 126092,
        "bw_agg" : 100.000000,
        "bw_mean" : 117078.943417,
        "bw_dev" : 186.086049,
        "bw_samples" : 3834,
        "iops_min" : 23159,
        "iops_max" : 31520,
        "iops_mean" : 29265.366457,
        "iops_stddev" : 46.489749,
        "iops_samples" : 3834
      },
      "trim" : {
        "io_bytes" : 0,
        "io_kbytes" : 0,
        "bw_bytes" : 0,
        "bw" : 0,
        "iops" : 0.000000,
        "runtime" : 0,
        "total_ios" : 0,
        "short_ios" : 0,
        "drop_ios" : 0,
        "slat_ns" : {
          "min" : 0,
          "max" : 0,
          "mean" : 0.000000,
          "stddev" : 0.000000,
          "N" : 0
        },
        "clat_ns" : {
          "min" : 0,
          "max" : 0,
          "mean" : 0.000000,
          "stddev" : 0.000000,
          "N" : 0
        },
        "lat_ns" : {
          "min" : 0,
          "max" : 0,
          "mean" : 0.000000,
          "stddev" : 0.000000,
          "N" : 0
        },
        "bw_min" : 0,
        "bw_max" : 0,
        "bw_agg" : 0.000000,
        "bw_mean" : 0.000000,
        "bw_dev" : 0.000000,
        "bw_samples" : 0,
        "iops_min" : 0,
        "iops_max" : 0,
        "iops_mean" : 0.000000,
        "iops_stddev" : 0.000000,
        "iops_samples" : 0
      },
      "sync" : {
        "total_ios" : 1755581,
        "lat_ns" : {
          "min" : 246503,
          "max" : 7562891,
          "mean" : 732605.403090,
          "stddev" : 236852.920049,
          "N" : 1755581,
          "percentile" : {
            "1.000000" : 448512,
            "5.000000" : 528384,
            "10.000000" : 569344,
            "20.000000" : 610304,
            "30.000000" : 643072,
            "40.000000" : 675840,
            "50.000000" : 708608,
            "60.000000" : 733184,
            "70.000000" : 774144,
            "80.000000" : 815104,
            "90.000000" : 880640,
            "95.000000" : 962560,
            "99.000000" : 1499136,
            "99.500000" : 1957888,
            "99.900000" : 4046848,
            "99.950000" : 4751360,
            "99.990000" : 5472256
          }
        }
      },
      "job_runtime" : 1920023,
      "usr_cpu" : 0.862021,
      "sys_cpu" : 9.139682,
      "ctx" : 3900678,
      "majf" : 0,
      "minf" : 1166,
      "iodepth_level" : {
        "1" : 199.999203,
        "2" : 0.000000,
        "4" : 0.000000,
        "8" : 0.000000,
        "16" : 0.000000,
        "32" : 0.000000,
        ">=64" : 0.000000
      },
      "iodepth_submit" : {
        "0" : 0.000000,
        "4" : 100.000000,
        "8" : 0.000000,
        "16" : 0.000000,
        "32" : 0.000000,
        "64" : 0.000000,
        ">=64" : 0.000000
      },
      "iodepth_complete" : {
        "0" : 0.000000,
        "4" : 100.000000,
        "8" : 0.000000,
        "16" : 0.000000,
        "32" : 0.000000,
        "64" : 0.000000,
        ">=64" : 0.000000
      },
      "latency_ns" : {
        "2" : 0.000000,
        "4" : 0.000000,
        "10" : 0.000000,
        "20" : 0.000000,
        "50" : 0.000000,
        "100" : 0.000000,
        "250" : 0.000000,
        "500" : 0.000000,
        "750" : 0.000000,
        "1000" : 0.000000
      },
      "latency_us" : {
        "2" : 0.000000,
        "4" : 0.000000,
        "10" : 0.000000,
        "20" : 0.000000,
        "50" : 0.000000,
        "100" : 0.010880,
        "250" : 40.752736,
        "500" : 50.409804,
        "750" : 5.969201,
        "1000" : 1.268345
      },
      "latency_ms" : {
        "2" : 0.978472,
        "4" : 0.265836,
        "10" : 0.212691,
        "20" : 0.081055,
        "50" : 0.047050,
        "100" : 0.010000,
        "250" : 0.000000,
        "500" : 0.000000,
        "750" : 0.000000,
        "1000" : 0.000000,
        "2000" : 0.000000,
        ">=2000" : 0.000000
      },
      "latency_depth" : 1,
      "latency_target" : 0,
      "latency_percentile" : 100.000000,
      "latency_window" : 0
    }
  ]
}
