{
  "fio version" : "fio-3.36",
  "timestamp" : 1732587796,
  "timestamp_ms" : 1732587796430,
  "time" : "Tue Nov 26 02:23:16 2024",
  "jobs" : [
    {
      "jobname" : "rand_write_direct0_fsync1",
      "groupid" : 0,
      "job_start" : 1732587759108,
      "error" : 0,
      "eta" : 0,
      "elapsed" : 98,
      "job options" : {
        "name" : "rand_write_direct0_fsync1",
        "rw" : "randwrite",
        "direct" : "0",
        "bs" : "4k",
        "runtime" : "30",
        "ramp_time" : "60",
        "filename" : "/dev/sdb1",
        "iodepth" : "1",
        "numjobs" : "16",
        "fsync" : "1"
      },
      "read" : {
        "io_bytes" : 0,
        "io_kbytes" : 0,
        "bw_bytes" : 0,
        "bw" : 0,
        "iops" : 0.000000,
        "runtime" : 0,
        "total_ios" : 0,
        "short_ios" : 0,
        "drop_ios" : 0,
        "slat_ns" : {
          "min" : 0,
          "max" : 0,
          "mean" : 0.000000,
          "stddev" : 0.000000,
          "N" : 0
        },
        "clat_ns" : {
          "min" : 0,
          "max" : 0,
          "mean" : 0.000000,
          "stddev" : 0.000000,
          "N" : 0
        },
        "lat_ns" : {
          "min" : 0,
          "max" : 0,
          "mean" : 0.000000,
          "stddev" : 0.000000,
          "N" : 0
        },
        "bw_min" : 0,
        "bw_max" : 0,
        "bw_agg" : 0.000000,
        "bw_mean" : 0.000000,
        "bw_dev" : 0.000000,
        "bw_samples" : 0,
        "iops_min" : 0,
        "iops_max" : 0,
        "iops_mean" : 0.000000,
        "iops_stddev" : 0.000000,
        "iops_samples" : 0
      },
      "write" : {
        "io_bytes" : 5771804672,
        "io_kbytes" : 5636528,
        "bw_bytes" : 192387076,
        "bw" : 187878,
        "iops" : 46969.501017,
        "runtime" : 30001,
        "total_ios" : 1409132,
        "short_ios" : 0,
        "drop_ios" : 0,
        "slat_ns" : {
          "min" : 0,
          "max" : 0,
          "mean" : 0.000000,
          "stddev" : 0.000000,
          "N" : 0
        },
        "clat_ns" : {
          "min" : 2900,
          "max" : 3337642,
          "mean" : 8787.102803,
          "stddev" : 31900.092739,
          "N" : 1409132,
          "percentile" : {
            "1.000000" : 4384,
            "5.000000" : 4704,
            "10.000000" : 4896,
            "20.000000" : 5088,
            "30.000000" : 5408,
            "40.000000" : 5792,
            "50.000000" : 6304,
            "60.000000" : 7200,
            "70.000000" : 8640,
            "80.000000" : 10048,
            "90.000000" : 11456,
            "95.000000" : 13120,
            "99.000000" : 42752,
            "99.500000" : 58624,
            "99.900000" : 168960,
            "99.950000" : 292864,
            "99.990000" : 1941504
          }
        },
        "lat_ns" : {
          "min" : 3000,
          "max" : 3337842,
          "mean" : 9031.887843,
          "stddev" : 32383.111396,
          "N" : 1409132
        },
        "bw_min" : 166983,
        "bw_max" : 204218,
        "bw_agg" : 100.000000,
        "bw_mean" : 188039.209605,
        "bw_dev" : 503.522265,
        "bw_samples" : 952,
        "iops_min" : 41744,
        "iops_max" : 51054,
        "iops_mean" : 47007.399435,
        "iops_stddev" : 125.933620,
        "iops_samples" : 952
      },
      "trim" : {
        "io_bytes" : 0,
        "io_kbytes" : 0,
        "bw_bytes" : 0,
        "bw" : 0,
        "iops" : 0.000000,
        "runtime" : 0,
        "total_ios" : 0,
        "short_ios" : 0,
        "drop_ios" : 0,
        "slat_ns" : {
          "min" : 0,
          "max" : 0,
          "mean" : 0.000000,
          "stddev" : 0.000000,
          "N" : 0
        },
        "clat_ns" : {
          "min" : 0,
          "max" : 0,
          "mean" : 0.000000,
          "stddev" : 0.000000,
          "N" : 0
        },
        "lat_ns" : {
          "min" : 0,
          "max" : 0,
          "mean" : 0.000000,
          "stddev" : 0.000000,
          "N" : 0
        },
        "bw_min" : 0,
        "bw_max" : 0,
        "bw_agg" : 0.000000,
        "bw_mean" : 0.000000,
        "bw_dev" : 0.000000,
        "bw_samples" : 0,
        "iops_min" : 0,
        "iops_max" : 0,
        "iops_mean" : 0.000000,
        "iops_stddev" : 0.000000,
        "iops_samples" : 0
      },
      "sync" : {
        "total_ios" : 1409130,
        "lat_ns" : {
          "min" : 44701,
          "max" : 53818163,
          "mean" : 329217.831654,
          "stddev" : 291863.484507,
          "N" : 1409130,
          "percentile" : {
            "1.000000" : 112128,
            "5.000000" : 140288,
            "10.000000" : 162816,
            "20.000000" : 199680,
            "30.000000" : 234496,
            "40.000000" : 268288,
            "50.000000" : 301056,
            "60.000000" : 337920,
            "70.000000" : 374784,
            "80.000000" : 419840,
            "90.000000" : 489472,
            "95.000000" : 561152,
            "99.000000" : 847872,
            "99.500000" : 1351680,
            "99.900000" : 2932736,
            "99.950000" : 3391488,
            "99.990000" : 7962624
          }
        }
      },
      "job_runtime" : 480000,
      "usr_cpu" : 2.613750,
      "sys_cpu" : 20.902917,
      "ctx" : 2770527,
      "majf" : 0,
      "minf" : 584,
      "iodepth_level" : {
        "1" : 199.999858,
        "2" : 0.000000,
        "4" : 0.000000,
        "8" : 0.000000,
        "16" : 0.000000,
        "32" : 0.000000,
        ">=64" : 0.000000
      },
      "iodepth_submit" : {
        "0" : 0.000000,
        "4" : 100.000000,
        "8" : 0.000000,
        "16" : 0.000000,
        "32" : 0.000000,
        "64" : 0.000000,
        ">=64" : 0.000000
      },
      "iodepth_complete" : {
        "0" : 0.000000,
        "4" : 100.000000,
        "8" : 0.000000,
        "16" : 0.000000,
        "32" : 0.000000,
        "64" : 0.000000,
        ">=64" : 0.000000
      },
      "latency_ns" : {
        "2" : 0.000000,
        "4" : 0.000000,
        "10" : 0.000000,
        "20" : 0.000000,
        "50" : 0.000000,
        "100" : 0.000000,
        "250" : 0.000000,
        "500" : 0.000000,
        "750" : 0.000000,
        "1000" : 0.000000
      },
      "latency_us" : {
        "2" : 0.000000,
        "4" : 0.170318,
        "10" : 79.218129,
        "20" : 18.235197,
        "50" : 1.691538,
        "100" : 0.461206,
        "250" : 0.163647,
        "500" : 0.027109,
        "750" : 0.010000,
        "1000" : 0.010000
      },
      "latency_ms" : {
        "2" : 0.010000,
        "4" : 0.010000,
        "10" : 0.000000,
        "20" : 0.000000,
        "50" : 0.000000,
        "100" : 0.000000,
        "250" : 0.000000,
        "500" : 0.000000,
        "750" : 0.000000,
        "1000" : 0.000000,
        "2000" : 0.000000,
        ">=2000" : 0.000000
      },
      "latency_depth" : 1,
      "latency_target" : 0,
      "latency_percentile" : 100.000000,
      "latency_window" : 0
    }
  ],
  "disk_util" : [
    {
      "name" : "sdb",
      "read_ios" : 118,
      "write_ios" : 4133092,
      "read_sectors" : 8336,
      "write_sectors" : 33064752,
      "read_merges" : 0,
      "write_merges" : 0,
      "read_ticks" : 22,
      "write_ticks" : 696251,
      "in_queue" : 696272,
      "util" : 68.913833
    }
  ]
}
