{
  "fio version" : "fio-3.36",
  "timestamp" : 1732317516,
  "timestamp_ms" : 1732317516053,
  "time" : "Fri Nov 22 23:18:36 2024",
  "jobs" : [
    {
      "jobname" : "rand_read_direct0_fsync0",
      "groupid" : 0,
      "job_start" : 1732317486040,
      "error" : 0,
      "eta" : 0,
      "elapsed" : 91,
      "job options" : {
        "name" : "rand_read_direct0_fsync0",
        "rw" : "randread",
        "direct" : "0",
        "bs" : "4k",
        "runtime" : "30",
        "ramp_time" : "60",
        "filename" : "/dev/sdb1",
        "iodepth" : "1",
        "numjobs" : "2"
      },
      "read" : {
        "io_bytes" : 1282449408,
        "io_kbytes" : 1252392,
        "bw_bytes" : 42746888,
        "bw" : 41745,
        "iops" : 10436.252125,
        "runtime" : 30001,
        "total_ios" : 313098,
        "short_ios" : 0,
        "drop_ios" : 0,
        "slat_ns" : {
          "min" : 0,
          "max" : 0,
          "mean" : 0.000000,
          "stddev" : 0.000000,
          "N" : 0
        },
        "clat_ns" : {
          "min" : 1200,
          "max" : 20043439,
          "mean" : 190753.903567,
          "stddev" : 205833.555095,
          "N" : 313098,
          "percentile" : {
            "1.000000" : 70144,
            "5.000000" : 82432,
            "10.000000" : 87552,
            "20.000000" : 96768,
            "30.000000" : 103936,
            "40.000000" : 111104,
            "50.000000" : 124416,
            "60.000000" : 146432,
            "70.000000" : 183296,
            "80.000000" : 240640,
            "90.000000" : 362496,
            "95.000000" : 505856,
            "99.000000" : 897024,
            "99.500000" : 1105920,
            "99.900000" : 2146304,
            "99.950000" : 2572288,
            "99.990000" : 4227072
          }
        },
        "lat_ns" : {
          "min" : 1200,
          "max" : 20043439,
          "mean" : 190825.494404,
          "stddev" : 205833.651261,
          "N" : 313098
        },
        "bw_min" : 30784,
        "bw_max" : 57608,
        "bw_agg" : 100.000000,
        "bw_mean" : 41771.383333,
        "bw_dev" : 2550.785853,
        "bw_samples" : 120,
        "iops_min" : 7696,
        "iops_max" : 14402,
        "iops_mean" : 10442.666667,
        "iops_stddev" : 637.675096,
        "iops_samples" : 120
      },
      "write" : {
        "io_bytes" : 0,
        "io_kbytes" : 0,
        "bw_bytes" : 0,
        "bw" : 0,
        "iops" : 0.000000,
        "runtime" : 0,
        "total_ios" : 0,
        "short_ios" : 0,
        "drop_ios" : 0,
        "slat_ns" : {
          "min" : 0,
          "max" : 0,
          "mean" : 0.000000,
          "stddev" : 0.000000,
          "N" : 0
        },
        "clat_ns" : {
          "min" : 0,
          "max" : 0,
          "mean" : 0.000000,
          "stddev" : 0.000000,
          "N" : 0
        },
        "lat_ns" : {
          "min" : 0,
          "max" : 0,
          "mean" : 0.000000,
          "stddev" : 0.000000,
          "N" : 0
        },
        "bw_min" : 0,
        "bw_max" : 0,
        "bw_agg" : 0.000000,
        "bw_mean" : 0.000000,
        "bw_dev" : 0.000000,
        "bw_samples" : 0,
        "iops_min" : 0,
        "iops_max" : 0,
        "iops_mean" : 0.000000,
        "iops_stddev" : 0.000000,
        "iops_samples" : 0
      },
      "trim" : {
        "io_bytes" : 0,
        "io_kbytes" : 0,
        "bw_bytes" : 0,
        "bw" : 0,
        "iops" : 0.000000,
        "runtime" : 0,
        "total_ios" : 0,
        "short_ios" : 0,
        "drop_ios" : 0,
        "slat_ns" : {
          "min" : 0,
          "max" : 0,
          "mean" : 0.000000,
          "stddev" : 0.000000,
          "N" : 0
        },
        "clat_ns" : {
          "min" : 0,
          "max" : 0,
          "mean" : 0.000000,
          "stddev" : 0.000000,
          "N" : 0
        },
        "lat_ns" : {
          "min" : 0,
          "max" : 0,
          "mean" : 0.000000,
          "stddev" : 0.000000,
          "N" : 0
        },
        "bw_min" : 0,
        "bw_max" : 0,
        "bw_agg" : 0.000000,
        "bw_mean" : 0.000000,
        "bw_dev" : 0.000000,
        "bw_samples" : 0,
        "iops_min" : 0,
        "iops_max" : 0,
        "iops_mean" : 0.000000,
        "iops_stddev" : 0.000000,
        "iops_samples" : 0
      },
      "sync" : {
        "total_ios" : 0,
        "lat_ns" : {
          "min" : 0,
          "max" : 0,
          "mean" : 0.000000,
          "stddev" : 0.000000,
          "N" : 0
        }
      },
      "job_runtime" : 60000,
      "usr_cpu" : 2.073333,
      "sys_cpu" : 13.405000,
      "ctx" : 312322,
      "majf" : 0,
      "minf" : 73,
      "iodepth_level" : {
        "1" : 100.000000,
        "2" : 0.000000,
        "4" : 0.000000,
        "8" : 0.000000,
        "16" : 0.000000,
        "32" : 0.000000,
        ">=64" : 0.000000
      },
      "iodepth_submit" : {
        "0" : 0.000000,
        "4" : 100.000000,
        "8" : 0.000000,
        "16" : 0.000000,
        "32" : 0.000000,
        "64" : 0.000000,
        ">=64" : 0.000000
      },
      "iodepth_complete" : {
        "0" : 0.000000,
        "4" : 100.000000,
        "8" : 0.000000,
        "16" : 0.000000,
        "32" : 0.000000,
        "64" : 0.000000,
        ">=64" : 0.000000
      },
      "latency_ns" : {
        "2" : 0.000000,
        "4" : 0.000000,
        "10" : 0.000000,
        "20" : 0.000000,
        "50" : 0.000000,
        "100" : 0.000000,
        "250" : 0.000000,
        "500" : 0.000000,
        "750" : 0.000000,
        "1000" : 0.000000
      },
      "latency_us" : {
        "2" : 0.010000,
        "4" : 0.237306,
        "10" : 0.010000,
        "20" : 0.010000,
        "50" : 0.010000,
        "100" : 24.339664,
        "250" : 56.500521,
        "500" : 13.730206,
        "750" : 3.422571,
        "1000" : 1.063565
      },
      "latency_ms" : {
        "2" : 0.568831,
        "4" : 0.112105,
        "10" : 0.010000,
        "20" : 0.010000,
        "50" : 0.010000,
        "100" : 0.000000,
        "250" : 0.000000,
        "500" : 0.000000,
        "750" : 0.000000,
        "1000" : 0.000000,
        "2000" : 0.000000,
        ">=2000" : 0.000000
      },
      "latency_depth" : 1,
      "latency_target" : 0,
      "latency_percentile" : 100.000000,
      "latency_window" : 0
    }
  ],
  "disk_util" : [
    {
      "name" : "sdb",
      "read_ios" : 886974,
      "write_ios" : 0,
      "read_sectors" : 7095792,
      "write_sectors" : 0,
      "read_merges" : 0,
      "write_merges" : 0,
      "read_ticks" : 153179,
      "write_ticks" : 0,
      "in_queue" : 153179,
      "util" : 79.753484
    }
  ]
}
