{
  "fio version" : "fio-3.36",
  "timestamp" : 1732586869,
  "timestamp_ms" : 1732586869217,
  "time" : "Tue Nov 26 02:07:49 2024",
  "jobs" : [
    {
      "jobname" : "rand_write_direct1_fsync1",
      "groupid" : 0,
      "job_start" : 1732586839188,
      "error" : 0,
      "eta" : 0,
      "elapsed" : 91,
      "job options" : {
        "name" : "rand_write_direct1_fsync1",
        "rw" : "randwrite",
        "direct" : "1",
        "bs" : "4k",
        "runtime" : "30",
        "ramp_time" : "60",
        "filename" : "/dev/sdb1",
        "iodepth" : "1",
        "numjobs" : "16",
        "fsync" : "1"
      },
      "read" : {
        "io_bytes" : 0,
        "io_kbytes" : 0,
        "bw_bytes" : 0,
        "bw" : 0,
        "iops" : 0.000000,
        "runtime" : 0,
        "total_ios" : 0,
        "short_ios" : 0,
        "drop_ios" : 0,
        "slat_ns" : {
          "min" : 0,
          "max" : 0,
          "mean" : 0.000000,
          "stddev" : 0.000000,
          "N" : 0
        },
        "clat_ns" : {
          "min" : 0,
          "max" : 0,
          "mean" : 0.000000,
          "stddev" : 0.000000,
          "N" : 0
        },
        "lat_ns" : {
          "min" : 0,
          "max" : 0,
          "mean" : 0.000000,
          "stddev" : 0.000000,
          "N" : 0
        },
        "bw_min" : 0,
        "bw_max" : 0,
        "bw_agg" : 0.000000,
        "bw_mean" : 0.000000,
        "bw_dev" : 0.000000,
        "bw_samples" : 0,
        "iops_min" : 0,
        "iops_max" : 0,
        "iops_mean" : 0.000000,
        "iops_stddev" : 0.000000,
        "iops_samples" : 0
      },
      "write" : {
        "io_bytes" : 9402290176,
        "io_kbytes" : 9181924,
        "bw_bytes" : 313399225,
        "bw" : 306053,
        "iops" : 76513.482884,
        "runtime" : 30001,
        "total_ios" : 2295481,
        "short_ios" : 0,
        "drop_ios" : 0,
        "slat_ns" : {
          "min" : 0,
          "max" : 0,
          "mean" : 0.000000,
          "stddev" : 0.000000,
          "N" : 0
        },
        "clat_ns" : {
          "min" : 35700,
          "max" : 28468244,
          "mean" : 204889.405502,
          "stddev" : 886121.584186,
          "N" : 2295481,
          "percentile" : {
            "1.000000" : 80384,
            "5.000000" : 91648,
            "10.000000" : 97792,
            "20.000000" : 108032,
            "30.000000" : 116224,
            "40.000000" : 125440,
            "50.000000" : 136192,
            "60.000000" : 150528,
            "70.000000" : 166912,
            "80.000000" : 187392,
            "90.000000" : 222208,
            "95.000000" : 261120,
            "99.000000" : 399360,
            "99.500000" : 790528,
            "99.900000" : 11993088,
            "99.950000" : 19267584,
            "99.990000" : 27656192
          }
        },
        "lat_ns" : {
          "min" : 35800,
          "max" : 28468344,
          "mean" : 205051.113526,
          "stddev" : 886125.846767,
          "N" : 2295481
        },
        "bw_min" : 235864,
        "bw_max" : 361869,
        "bw_agg" : 100.000000,
        "bw_mean" : 306389.440678,
        "bw_dev" : 1813.135027,
        "bw_samples" : 944,
        "iops_min" : 58968,
        "iops_max" : 90465,
        "iops_mean" : 76596.711864,
        "iops_stddev" : 453.273547,
        "iops_samples" : 944
      },
      "trim" : {
        "io_bytes" : 0,
        "io_kbytes" : 0,
        "bw_bytes" : 0,
        "bw" : 0,
        "iops" : 0.000000,
        "runtime" : 0,
        "total_ios" : 0,
        "short_ios" : 0,
        "drop_ios" : 0,
        "slat_ns" : {
          "min" : 0,
          "max" : 0,
          "mean" : 0.000000,
          "stddev" : 0.000000,
          "N" : 0
        },
        "clat_ns" : {
          "min" : 0,
          "max" : 0,
          "mean" : 0.000000,
          "stddev" : 0.000000,
          "N" : 0
        },
        "lat_ns" : {
          "min" : 0,
          "max" : 0,
          "mean" : 0.000000,
          "stddev" : 0.000000,
          "N" : 0
        },
        "bw_min" : 0,
        "bw_max" : 0,
        "bw_agg" : 0.000000,
        "bw_mean" : 0.000000,
        "bw_dev" : 0.000000,
        "bw_samples" : 0,
        "iops_min" : 0,
        "iops_max" : 0,
        "iops_mean" : 0.000000,
        "iops_stddev" : 0.000000,
        "iops_samples" : 0
      },
      "sync" : {
        "total_ios" : 2295465,
        "lat_ns" : {
          "min" : 700,
          "max" : 339704,
          "mean" : 1820.571885,
          "stddev" : 5880.942062,
          "N" : 2295465,
          "percentile" : {
            "1.000000" : 804,
            "5.000000" : 900,
            "10.000000" : 900,
            "20.000000" : 900,
            "30.000000" : 1004,
            "40.000000" : 1004,
            "50.000000" : 1096,
            "60.000000" : 1304,
            "70.000000" : 1400,
            "80.000000" : 1704,
            "90.000000" : 2608,
            "95.000000" : 2800,
            "99.000000" : 3504,
            "99.500000" : 38144,
            "99.900000" : 94720,
            "99.950000" : 116224,
            "99.990000" : 166912
          }
        }
      },
      "job_runtime" : 480000,
      "usr_cpu" : 3.500625,
      "sys_cpu" : 17.253958,
      "ctx" : 2292688,
      "majf" : 0,
      "minf" : 582,
      "iodepth_level" : {
        "1" : 199.999303,
        "2" : 0.000000,
        "4" : 0.000000,
        "8" : 0.000000,
        "16" : 0.000000,
        "32" : 0.000000,
        ">=64" : 0.000000
      },
      "iodepth_submit" : {
        "0" : 0.000000,
        "4" : 100.000000,
        "8" : 0.000000,
        "16" : 0.000000,
        "32" : 0.000000,
        "64" : 0.000000,
        ">=64" : 0.000000
      },
      "iodepth_complete" : {
        "0" : 0.000000,
        "4" : 100.000000,
        "8" : 0.000000,
        "16" : 0.000000,
        "32" : 0.000000,
        "64" : 0.000000,
        ">=64" : 0.000000
      },
      "latency_ns" : {
        "2" : 0.000000,
        "4" : 0.000000,
        "10" : 0.000000,
        "20" : 0.000000,
        "50" : 0.000000,
        "100" : 0.000000,
        "250" : 0.000000,
        "500" : 0.000000,
        "750" : 0.000000,
        "1000" : 0.000000
      },
      "latency_us" : {
        "2" : 0.000000,
        "4" : 0.000000,
        "10" : 0.000000,
        "20" : 0.000000,
        "50" : 0.010000,
        "100" : 11.820268,
        "250" : 82.142131,
        "500" : 5.412286,
        "750" : 0.119147,
        "1000" : 0.031802
      },
      "latency_ms" : {
        "2" : 0.050665,
        "4" : 0.012111,
        "10" : 0.052015,
        "20" : 0.310872,
        "50" : 0.047615,
        "100" : 0.000000,
        "250" : 0.000000,
        "500" : 0.000000,
        "750" : 0.000000,
        "1000" : 0.000000,
        "2000" : 0.000000,
        ">=2000" : 0.000000
      },
      "latency_depth" : 1,
      "latency_target" : 0,
      "latency_percentile" : 100.000000,
      "latency_window" : 0
    }
  ],
  "disk_util" : [
    {
      "name" : "sdb",
      "read_ios" : 148,
      "write_ios" : 6882525,
      "read_sectors" : 10424,
      "write_sectors" : 55060200,
      "read_merges" : 0,
      "write_merges" : 0,
      "read_ticks" : 25,
      "write_ticks" : 1142687,
      "in_queue" : 1142712,
      "util" : 88.157895
    }
  ]
}
