{
  "fio version" : "fio-3.36",
  "timestamp" : 1732584066,
  "timestamp_ms" : 1732584066370,
  "time" : "Tue Nov 26 01:21:06 2024",
  "jobs" : [
    {
      "jobname" : "rand_read_direct1_fsync0",
      "groupid" : 0,
      "job_start" : 1732584036345,
      "error" : 0,
      "eta" : 0,
      "elapsed" : 91,
      "job options" : {
        "name" : "rand_read_direct1_fsync0",
        "rw" : "randread",
        "direct" : "1",
        "bs" : "4k",
        "runtime" : "30",
        "ramp_time" : "60",
        "filename" : "/dev/sdb1",
        "iodepth" : "1",
        "numjobs" : "16"
      },
      "read" : {
        "io_bytes" : 9399480320,
        "io_kbytes" : 9179180,
        "bw_bytes" : 313242920,
        "bw" : 305901,
        "iops" : 76475.322425,
        "runtime" : 30007,
        "total_ios" : 2294795,
        "short_ios" : 0,
        "drop_ios" : 0,
        "slat_ns" : {
          "min" : 0,
          "max" : 0,
          "mean" : 0.000000,
          "stddev" : 0.000000,
          "N" : 0
        },
        "clat_ns" : {
          "min" : 23600,
          "max" : 43679902,
          "mean" : 207115.215044,
          "stddev" : 1245932.595059,
          "N" : 2294795,
          "percentile" : {
            "1.000000" : 61696,
            "5.000000" : 75264,
            "10.000000" : 82432,
            "20.000000" : 90624,
            "30.000000" : 96768,
            "40.000000" : 102912,
            "50.000000" : 110080,
            "60.000000" : 118272,
            "70.000000" : 129536,
            "80.000000" : 146432,
            "90.000000" : 193536,
            "95.000000" : 250880,
            "99.000000" : 569344,
            "99.500000" : 1171456,
            "99.900000" : 17956864,
            "99.950000" : 26083328,
            "99.990000" : 33816576
          }
        },
        "lat_ns" : {
          "min" : 23700,
          "max" : 43680002,
          "mean" : 207267.367303,
          "stddev" : 1245939.814033,
          "N" : 2294795
        },
        "bw_min" : 220744,
        "bw_max" : 364673,
        "bw_agg" : 100.000000,
        "bw_mean" : 306315.694915,
        "bw_dev" : 1957.221219,
        "bw_samples" : 944,
        "iops_min" : 55185,
        "iops_max" : 91167,
        "iops_mean" : 76577.779661,
        "iops_stddev" : 489.307719,
        "iops_samples" : 944
      },
      "write" : {
        "io_bytes" : 0,
        "io_kbytes" : 0,
        "bw_bytes" : 0,
        "bw" : 0,
        "iops" : 0.000000,
        "runtime" : 0,
        "total_ios" : 0,
        "short_ios" : 0,
        "drop_ios" : 0,
        "slat_ns" : {
          "min" : 0,
          "max" : 0,
          "mean" : 0.000000,
          "stddev" : 0.000000,
          "N" : 0
        },
        "clat_ns" : {
          "min" : 0,
          "max" : 0,
          "mean" : 0.000000,
          "stddev" : 0.000000,
          "N" : 0
        },
        "lat_ns" : {
          "min" : 0,
          "max" : 0,
          "mean" : 0.000000,
          "stddev" : 0.000000,
          "N" : 0
        },
        "bw_min" : 0,
        "bw_max" : 0,
        "bw_agg" : 0.000000,
        "bw_mean" : 0.000000,
        "bw_dev" : 0.000000,
        "bw_samples" : 0,
        "iops_min" : 0,
        "iops_max" : 0,
        "iops_mean" : 0.000000,
        "iops_stddev" : 0.000000,
        "iops_samples" : 0
      },
      "trim" : {
        "io_bytes" : 0,
        "io_kbytes" : 0,
        "bw_bytes" : 0,
        "bw" : 0,
        "iops" : 0.000000,
        "runtime" : 0,
        "total_ios" : 0,
        "short_ios" : 0,
        "drop_ios" : 0,
        "slat_ns" : {
          "min" : 0,
          "max" : 0,
          "mean" : 0.000000,
          "stddev" : 0.000000,
          "N" : 0
        },
        "clat_ns" : {
          "min" : 0,
          "max" : 0,
          "mean" : 0.000000,
          "stddev" : 0.000000,
          "N" : 0
        },
        "lat_ns" : {
          "min" : 0,
          "max" : 0,
          "mean" : 0.000000,
          "stddev" : 0.000000,
          "N" : 0
        },
        "bw_min" : 0,
        "bw_max" : 0,
        "bw_agg" : 0.000000,
        "bw_mean" : 0.000000,
        "bw_dev" : 0.000000,
        "bw_samples" : 0,
        "iops_min" : 0,
        "iops_max" : 0,
        "iops_mean" : 0.000000,
        "iops_stddev" : 0.000000,
        "iops_samples" : 0
      },
      "sync" : {
        "total_ios" : 0,
        "lat_ns" : {
          "min" : 0,
          "max" : 0,
          "mean" : 0.000000,
          "stddev" : 0.000000,
          "N" : 0
        }
      },
      "job_runtime" : 480068,
      "usr_cpu" : 2.856887,
      "sys_cpu" : 19.243524,
      "ctx" : 2287932,
      "majf" : 0,
      "minf" : 582,
      "iodepth_level" : {
        "1" : 100.000000,
        "2" : 0.000000,
        "4" : 0.000000,
        "8" : 0.000000,
        "16" : 0.000000,
        "32" : 0.000000,
        ">=64" : 0.000000
      },
      "iodepth_submit" : {
        "0" : 0.000000,
        "4" : 100.000000,
        "8" : 0.000000,
        "16" : 0.000000,
        "32" : 0.000000,
        "64" : 0.000000,
        ">=64" : 0.000000
      },
      "iodepth_complete" : {
        "0" : 0.000000,
        "4" : 100.000000,
        "8" : 0.000000,
        "16" : 0.000000,
        "32" : 0.000000,
        "64" : 0.000000,
        ">=64" : 0.000000
      },
      "latency_ns" : {
        "2" : 0.000000,
        "4" : 0.000000,
        "10" : 0.000000,
        "20" : 0.000000,
        "50" : 0.000000,
        "100" : 0.000000,
        "250" : 0.000000,
        "500" : 0.000000,
        "750" : 0.000000,
        "1000" : 0.000000
      },
      "latency_us" : {
        "2" : 0.000000,
        "4" : 0.000000,
        "10" : 0.000000,
        "20" : 0.000000,
        "50" : 0.276582,
        "100" : 34.770688,
        "250" : 59.867265,
        "500" : 3.879301,
        "750" : 0.493290,
        "1000" : 0.161845
      },
      "latency_ms" : {
        "2" : 0.113126,
        "4" : 0.015644,
        "10" : 0.011984,
        "20" : 0.342471,
        "50" : 0.067806,
        "100" : 0.000000,
        "250" : 0.000000,
        "500" : 0.000000,
        "750" : 0.000000,
        "1000" : 0.000000,
        "2000" : 0.000000,
        ">=2000" : 0.000000
      },
      "latency_depth" : 1,
      "latency_target" : 0,
      "latency_percentile" : 100.000000,
      "latency_window" : 0
    }
  ],
  "disk_util" : [
    {
      "name" : "sdb",
      "read_ios" : 6867542,
      "write_ios" : 0,
      "read_sectors" : 54940344,
      "write_sectors" : 0,
      "read_merges" : 0,
      "write_merges" : 0,
      "read_ticks" : 1117342,
      "write_ticks" : 0,
      "in_queue" : 1117342,
      "util" : 87.271047
    }
  ]
}
