{
  "fio version" : "fio-3.36",
  "timestamp" : 1732584444,
  "timestamp_ms" : 1732584444294,
  "time" : "Tue Nov 26 01:27:24 2024",
  "jobs" : [
    {
      "jobname" : "rand_read_direct0_fsync0",
      "groupid" : 0,
      "job_start" : 1732584406935,
      "error" : 0,
      "eta" : 0,
      "elapsed" : 98,
      "job options" : {
        "name" : "rand_read_direct0_fsync0",
        "rw" : "randread",
        "direct" : "0",
        "bs" : "4k",
        "runtime" : "30",
        "ramp_time" : "60",
        "filename" : "/dev/sdb1",
        "iodepth" : "1",
        "numjobs" : "8"
      },
      "read" : {
        "io_bytes" : 9515208704,
        "io_kbytes" : 9292196,
        "bw_bytes" : 317163051,
        "bw" : 309729,
        "iops" : 77432.385587,
        "runtime" : 30001,
        "total_ios" : 2323049,
        "short_ios" : 0,
        "drop_ios" : 0,
        "slat_ns" : {
          "min" : 0,
          "max" : 0,
          "mean" : 0.000000,
          "stddev" : 0.000000,
          "N" : 0
        },
        "clat_ns" : {
          "min" : 1100,
          "max" : 49476472,
          "mean" : 102125.016837,
          "stddev" : 273833.068388,
          "N" : 2323049,
          "percentile" : {
            "1.000000" : 2096,
            "5.000000" : 60160,
            "10.000000" : 69120,
            "20.000000" : 77312,
            "30.000000" : 82432,
            "40.000000" : 88576,
            "50.000000" : 94720,
            "60.000000" : 99840,
            "70.000000" : 104960,
            "80.000000" : 112128,
            "90.000000" : 124416,
            "95.000000" : 138240,
            "99.000000" : 189440,
            "99.500000" : 226304,
            "99.900000" : 1564672,
            "99.950000" : 3817472,
            "99.990000" : 16580608
          }
        },
        "lat_ns" : {
          "min" : 1100,
          "max" : 49476572,
          "mean" : 102230.795798,
          "stddev" : 273836.528692,
          "N" : 2323049
        },
        "bw_min" : 237887,
        "bw_max" : 374328,
        "bw_agg" : 100.000000,
        "bw_mean" : 310024.389831,
        "bw_dev" : 4046.361871,
        "bw_samples" : 472,
        "iops_min" : 59471,
        "iops_max" : 93581,
        "iops_mean" : 77505.000000,
        "iops_stddev" : 1011.572207,
        "iops_samples" : 472
      },
      "write" : {
        "io_bytes" : 0,
        "io_kbytes" : 0,
        "bw_bytes" : 0,
        "bw" : 0,
        "iops" : 0.000000,
        "runtime" : 0,
        "total_ios" : 0,
        "short_ios" : 0,
        "drop_ios" : 0,
        "slat_ns" : {
          "min" : 0,
          "max" : 0,
          "mean" : 0.000000,
          "stddev" : 0.000000,
          "N" : 0
        },
        "clat_ns" : {
          "min" : 0,
          "max" : 0,
          "mean" : 0.000000,
          "stddev" : 0.000000,
          "N" : 0
        },
        "lat_ns" : {
          "min" : 0,
          "max" : 0,
          "mean" : 0.000000,
          "stddev" : 0.000000,
          "N" : 0
        },
        "bw_min" : 0,
        "bw_max" : 0,
        "bw_agg" : 0.000000,
        "bw_mean" : 0.000000,
        "bw_dev" : 0.000000,
        "bw_samples" : 0,
        "iops_min" : 0,
        "iops_max" : 0,
        "iops_mean" : 0.000000,
        "iops_stddev" : 0.000000,
        "iops_samples" : 0
      },
      "trim" : {
        "io_bytes" : 0,
        "io_kbytes" : 0,
        "bw_bytes" : 0,
        "bw" : 0,
        "iops" : 0.000000,
        "runtime" : 0,
        "total_ios" : 0,
        "short_ios" : 0,
        "drop_ios" : 0,
        "slat_ns" : {
          "min" : 0,
          "max" : 0,
          "mean" : 0.000000,
          "stddev" : 0.000000,
          "N" : 0
        },
        "clat_ns" : {
          "min" : 0,
          "max" : 0,
          "mean" : 0.000000,
          "stddev" : 0.000000,
          "N" : 0
        },
        "lat_ns" : {
          "min" : 0,
          "max" : 0,
          "mean" : 0.000000,
          "stddev" : 0.000000,
          "N" : 0
        },
        "bw_min" : 0,
        "bw_max" : 0,
        "bw_agg" : 0.000000,
        "bw_mean" : 0.000000,
        "bw_dev" : 0.000000,
        "bw_samples" : 0,
        "iops_min" : 0,
        "iops_max" : 0,
        "iops_mean" : 0.000000,
        "iops_stddev" : 0.000000,
        "iops_samples" : 0
      },
      "sync" : {
        "total_ios" : 0,
        "lat_ns" : {
          "min" : 0,
          "max" : 0,
          "mean" : 0.000000,
          "stddev" : 0.000000,
          "N" : 0
        }
      },
      "job_runtime" : 240000,
      "usr_cpu" : 4.258750,
      "sys_cpu" : 25.520000,
      "ctx" : 2249023,
      "majf" : 0,
      "minf" : 292,
      "iodepth_level" : {
        "1" : 100.000000,
        "2" : 0.000000,
        "4" : 0.000000,
        "8" : 0.000000,
        "16" : 0.000000,
        "32" : 0.000000,
        ">=64" : 0.000000
      },
      "iodepth_submit" : {
        "0" : 0.000000,
        "4" : 100.000000,
        "8" : 0.000000,
        "16" : 0.000000,
        "32" : 0.000000,
        "64" : 0.000000,
        ">=64" : 0.000000
      },
      "iodepth_complete" : {
        "0" : 0.000000,
        "4" : 100.000000,
        "8" : 0.000000,
        "16" : 0.000000,
        "32" : 0.000000,
        "64" : 0.000000,
        ">=64" : 0.000000
      },
      "latency_ns" : {
        "2" : 0.000000,
        "4" : 0.000000,
        "10" : 0.000000,
        "20" : 0.000000,
        "50" : 0.000000,
        "100" : 0.000000,
        "250" : 0.000000,
        "500" : 0.000000,
        "750" : 0.000000,
        "1000" : 0.000000
      },
      "latency_us" : {
        "2" : 0.442952,
        "4" : 2.287253,
        "10" : 0.405243,
        "20" : 0.010000,
        "50" : 0.179376,
        "100" : 57.428535,
        "250" : 38.843649,
        "500" : 0.209552,
        "750" : 0.031424,
        "1000" : 0.035686
      },
      "latency_ms" : {
        "2" : 0.052259,
        "4" : 0.037322,
        "10" : 0.023633,
        "20" : 0.021954,
        "50" : 0.010000,
        "100" : 0.000000,
        "250" : 0.000000,
        "500" : 0.000000,
        "750" : 0.000000,
        "1000" : 0.000000,
        "2000" : 0.000000,
        ">=2000" : 0.000000
      },
      "latency_depth" : 1,
      "latency_target" : 0,
      "latency_percentile" : 100.000000,
      "latency_window" : 0
    }
  ],
  "disk_util" : [
    {
      "name" : "sdb",
      "read_ios" : 6716240,
      "write_ios" : 0,
      "read_sectors" : 53729928,
      "write_sectors" : 0,
      "read_merges" : 0,
      "write_merges" : 0,
      "read_ticks" : 513802,
      "write_ticks" : 0,
      "in_queue" : 513802,
      "util" : 90.414987
    }
  ]
}
