{
  "fio version" : "fio-3.36",
  "timestamp" : 1732587601,
  "timestamp_ms" : 1732587601347,
  "time" : "Tue Nov 26 02:20:01 2024",
  "jobs" : [
    {
      "jobname" : "rand_write_direct0_fsync1",
      "groupid" : 0,
      "job_start" : 1732587565825,
      "error" : 0,
      "eta" : 0,
      "elapsed" : 96,
      "job options" : {
        "name" : "rand_write_direct0_fsync1",
        "rw" : "randwrite",
        "direct" : "0",
        "bs" : "4k",
        "runtime" : "30",
        "ramp_time" : "60",
        "filename" : "/dev/sdb1",
        "iodepth" : "1",
        "numjobs" : "4",
        "fsync" : "1"
      },
      "read" : {
        "io_bytes" : 0,
        "io_kbytes" : 0,
        "bw_bytes" : 0,
        "bw" : 0,
        "iops" : 0.000000,
        "runtime" : 0,
        "total_ios" : 0,
        "short_ios" : 0,
        "drop_ios" : 0,
        "slat_ns" : {
          "min" : 0,
          "max" : 0,
          "mean" : 0.000000,
          "stddev" : 0.000000,
          "N" : 0
        },
        "clat_ns" : {
          "min" : 0,
          "max" : 0,
          "mean" : 0.000000,
          "stddev" : 0.000000,
          "N" : 0
        },
        "lat_ns" : {
          "min" : 0,
          "max" : 0,
          "mean" : 0.000000,
          "stddev" : 0.000000,
          "N" : 0
        },
        "bw_min" : 0,
        "bw_max" : 0,
        "bw_agg" : 0.000000,
        "bw_mean" : 0.000000,
        "bw_dev" : 0.000000,
        "bw_samples" : 0,
        "iops_min" : 0,
        "iops_max" : 0,
        "iops_mean" : 0.000000,
        "iops_stddev" : 0.000000,
        "iops_samples" : 0
      },
      "write" : {
        "io_bytes" : 3950379008,
        "io_kbytes" : 3857792,
        "bw_bytes" : 131674911,
        "bw" : 128588,
        "iops" : 32147.195093,
        "runtime" : 30001,
        "total_ios" : 964448,
        "short_ios" : 0,
        "drop_ios" : 0,
        "slat_ns" : {
          "min" : 0,
          "max" : 0,
          "mean" : 0.000000,
          "stddev" : 0.000000,
          "N" : 0
        },
        "clat_ns" : {
          "min" : 2600,
          "max" : 178302,
          "mean" : 5497.420855,
          "stddev" : 3388.379300,
          "N" : 964448,
          "percentile" : {
            "1.000000" : 4128,
            "5.000000" : 4320,
            "10.000000" : 4384,
            "20.000000" : 4512,
            "30.000000" : 4576,
            "40.000000" : 4704,
            "50.000000" : 4832,
            "60.000000" : 5024,
            "70.000000" : 5216,
            "80.000000" : 5600,
            "90.000000" : 6624,
            "95.000000" : 8768,
            "99.000000" : 12096,
            "99.500000" : 34560,
            "99.900000" : 50432,
            "99.950000" : 56064,
            "99.990000" : 75264
          }
        },
        "lat_ns" : {
          "min" : 2700,
          "max" : 178502,
          "mean" : 5621.689551,
          "stddev" : 3425.829057,
          "N" : 964448
        },
        "bw_min" : 101849,
        "bw_max" : 142679,
        "bw_agg" : 100.000000,
        "bw_mean" : 128718.600000,
        "bw_dev" : 1954.794835,
        "bw_samples" : 240,
        "iops_min" : 25461,
        "iops_max" : 35669,
        "iops_mean" : 32178.983333,
        "iops_stddev" : 488.717453,
        "iops_samples" : 240
      },
      "trim" : {
        "io_bytes" : 0,
        "io_kbytes" : 0,
        "bw_bytes" : 0,
        "bw" : 0,
        "iops" : 0.000000,
        "runtime" : 0,
        "total_ios" : 0,
        "short_ios" : 0,
        "drop_ios" : 0,
        "slat_ns" : {
          "min" : 0,
          "max" : 0,
          "mean" : 0.000000,
          "stddev" : 0.000000,
          "N" : 0
        },
        "clat_ns" : {
          "min" : 0,
          "max" : 0,
          "mean" : 0.000000,
          "stddev" : 0.000000,
          "N" : 0
        },
        "lat_ns" : {
          "min" : 0,
          "max" : 0,
          "mean" : 0.000000,
          "stddev" : 0.000000,
          "N" : 0
        },
        "bw_min" : 0,
        "bw_max" : 0,
        "bw_agg" : 0.000000,
        "bw_mean" : 0.000000,
        "bw_dev" : 0.000000,
        "bw_samples" : 0,
        "iops_min" : 0,
        "iops_max" : 0,
        "iops_mean" : 0.000000,
        "iops_stddev" : 0.000000,
        "iops_samples" : 0
      },
      "sync" : {
        "total_ios" : 964448,
        "lat_ns" : {
          "min" : 1500,
          "max" : 112657715,
          "mean" : 117495.113437,
          "stddev" : 254017.595147,
          "N" : 964448,
          "percentile" : {
            "1.000000" : 67072,
            "5.000000" : 80384,
            "10.000000" : 85504,
            "20.000000" : 93696,
            "30.000000" : 98816,
            "40.000000" : 103936,
            "50.000000" : 110080,
            "60.000000" : 115200,
            "70.000000" : 122368,
            "80.000000" : 132096,
            "90.000000" : 148480,
            "95.000000" : 164864,
            "99.000000" : 214016,
            "99.500000" : 264192,
            "99.900000" : 856064,
            "99.950000" : 1253376,
            "99.990000" : 3817472
          }
        }
      },
      "job_runtime" : 120000,
      "usr_cpu" : 3.831667,
      "sys_cpu" : 27.227500,
      "ctx" : 1138338,
      "majf" : 0,
      "minf" : 146,
      "iodepth_level" : {
        "1" : 200.000000,
        "2" : 0.000000,
        "4" : 0.000000,
        "8" : 0.000000,
        "16" : 0.000000,
        "32" : 0.000000,
        ">=64" : 0.000000
      },
      "iodepth_submit" : {
        "0" : 0.000000,
        "4" : 100.000000,
        "8" : 0.000000,
        "16" : 0.000000,
        "32" : 0.000000,
        "64" : 0.000000,
        ">=64" : 0.000000
      },
      "iodepth_complete" : {
        "0" : 0.000000,
        "4" : 100.000000,
        "8" : 0.000000,
        "16" : 0.000000,
        "32" : 0.000000,
        "64" : 0.000000,
        ">=64" : 0.000000
      },
      "latency_ns" : {
        "2" : 0.000000,
        "4" : 0.000000,
        "10" : 0.000000,
        "20" : 0.000000,
        "50" : 0.000000,
        "100" : 0.000000,
        "250" : 0.000000,
        "500" : 0.000000,
        "750" : 0.000000,
        "1000" : 0.000000
      },
      "latency_us" : {
        "2" : 0.000000,
        "4" : 0.610090,
        "10" : 96.854781,
        "20" : 1.810258,
        "50" : 0.620770,
        "100" : 0.101509,
        "250" : 0.010000,
        "500" : 0.000000,
        "750" : 0.000000,
        "1000" : 0.000000
      },
      "latency_ms" : {
        "2" : 0.000000,
        "4" : 0.000000,
        "10" : 0.000000,
        "20" : 0.000000,
        "50" : 0.000000,
        "100" : 0.000000,
        "250" : 0.000000,
        "500" : 0.000000,
        "750" : 0.000000,
        "1000" : 0.000000,
        "2000" : 0.000000,
        ">=2000" : 0.000000
      },
      "latency_depth" : 1,
      "latency_target" : 0,
      "latency_percentile" : 100.000000,
      "latency_window" : 0
    }
  ],
  "disk_util" : [
    {
      "name" : "sdb",
      "read_ios" : 59,
      "write_ios" : 2906839,
      "read_sectors" : 4168,
      "write_sectors" : 23254712,
      "read_merges" : 0,
      "write_merges" : 0,
      "read_ticks" : 10,
      "write_ticks" : 252327,
      "in_queue" : 252337,
      "util" : 72.515744
    }
  ]
}
