{
  "fio version" : "fio-3.36",
  "timestamp" : 1732586598,
  "timestamp_ms" : 1732586598480,
  "time" : "Tue Nov 26 02:03:18 2024",
  "jobs" : [
    {
      "jobname" : "rand_write_direct1_fsync1",
      "groupid" : 0,
      "job_start" : 1732586568462,
      "error" : 0,
      "eta" : 0,
      "elapsed" : 91,
      "job options" : {
        "name" : "rand_write_direct1_fsync1",
        "rw" : "randwrite",
        "direct" : "1",
        "bs" : "4k",
        "runtime" : "30",
        "ramp_time" : "60",
        "filename" : "/dev/sdb1",
        "iodepth" : "1",
        "numjobs" : "2",
        "fsync" : "1"
      },
      "read" : {
        "io_bytes" : 0,
        "io_kbytes" : 0,
        "bw_bytes" : 0,
        "bw" : 0,
        "iops" : 0.000000,
        "runtime" : 0,
        "total_ios" : 0,
        "short_ios" : 0,
        "drop_ios" : 0,
        "slat_ns" : {
          "min" : 0,
          "max" : 0,
          "mean" : 0.000000,
          "stddev" : 0.000000,
          "N" : 0
        },
        "clat_ns" : {
          "min" : 0,
          "max" : 0,
          "mean" : 0.000000,
          "stddev" : 0.000000,
          "N" : 0
        },
        "lat_ns" : {
          "min" : 0,
          "max" : 0,
          "mean" : 0.000000,
          "stddev" : 0.000000,
          "N" : 0
        },
        "bw_min" : 0,
        "bw_max" : 0,
        "bw_agg" : 0.000000,
        "bw_mean" : 0.000000,
        "bw_dev" : 0.000000,
        "bw_samples" : 0,
        "iops_min" : 0,
        "iops_max" : 0,
        "iops_mean" : 0.000000,
        "iops_stddev" : 0.000000,
        "iops_samples" : 0
      },
      "write" : {
        "io_bytes" : 1668063232,
        "io_kbytes" : 1628968,
        "bw_bytes" : 55600254,
        "bw" : 54297,
        "iops" : 13574.280857,
        "runtime" : 30001,
        "total_ios" : 407242,
        "short_ios" : 0,
        "drop_ios" : 0,
        "slat_ns" : {
          "min" : 0,
          "max" : 0,
          "mean" : 0.000000,
          "stddev" : 0.000000,
          "N" : 0
        },
        "clat_ns" : {
          "min" : 58001,
          "max" : 41228079,
          "mean" : 145067.809067,
          "stddev" : 118592.484614,
          "N" : 407242,
          "percentile" : {
            "1.000000" : 79360,
            "5.000000" : 87552,
            "10.000000" : 94720,
            "20.000000" : 107008,
            "30.000000" : 123392,
            "40.000000" : 140288,
            "50.000000" : 148480,
            "60.000000" : 154624,
            "70.000000" : 162816,
            "80.000000" : 171008,
            "90.000000" : 183296,
            "95.000000" : 195584,
            "99.000000" : 228352,
            "99.500000" : 261120,
            "99.900000" : 561152,
            "99.950000" : 987136,
            "99.990000" : 1744896
          }
        },
        "lat_ns" : {
          "min" : 58101,
          "max" : 41228179,
          "mean" : 145143.386623,
          "stddev" : 118593.906412,
          "N" : 407242
        },
        "bw_min" : 46840,
        "bw_max" : 69512,
        "bw_agg" : 100.000000,
        "bw_mean" : 54331.950000,
        "bw_dev" : 3240.000889,
        "bw_samples" : 120,
        "iops_min" : 11710,
        "iops_max" : 17378,
        "iops_mean" : 13582.716667,
        "iops_stddev" : 809.976099,
        "iops_samples" : 120
      },
      "trim" : {
        "io_bytes" : 0,
        "io_kbytes" : 0,
        "bw_bytes" : 0,
        "bw" : 0,
        "iops" : 0.000000,
        "runtime" : 0,
        "total_ios" : 0,
        "short_ios" : 0,
        "drop_ios" : 0,
        "slat_ns" : {
          "min" : 0,
          "max" : 0,
          "mean" : 0.000000,
          "stddev" : 0.000000,
          "N" : 0
        },
        "clat_ns" : {
          "min" : 0,
          "max" : 0,
          "mean" : 0.000000,
          "stddev" : 0.000000,
          "N" : 0
        },
        "lat_ns" : {
          "min" : 0,
          "max" : 0,
          "mean" : 0.000000,
          "stddev" : 0.000000,
          "N" : 0
        },
        "bw_min" : 0,
        "bw_max" : 0,
        "bw_agg" : 0.000000,
        "bw_mean" : 0.000000,
        "bw_dev" : 0.000000,
        "bw_samples" : 0,
        "iops_min" : 0,
        "iops_max" : 0,
        "iops_mean" : 0.000000,
        "iops_stddev" : 0.000000,
        "iops_samples" : 0
      },
      "sync" : {
        "total_ios" : 407240,
        "lat_ns" : {
          "min" : 700,
          "max" : 103402,
          "mean" : 1082.440652,
          "stddev" : 1497.202362,
          "N" : 407240,
          "percentile" : {
            "1.000000" : 804,
            "5.000000" : 804,
            "10.000000" : 900,
            "20.000000" : 900,
            "30.000000" : 900,
            "40.000000" : 900,
            "50.000000" : 1004,
            "60.000000" : 1004,
            "70.000000" : 1004,
            "80.000000" : 1096,
            "90.000000" : 1096,
            "95.000000" : 1400,
            "99.000000" : 2704,
            "99.500000" : 2896,
            "99.900000" : 34048,
            "99.950000" : 36096,
            "99.990000" : 56064
          }
        }
      },
      "job_runtime" : 60000,
      "usr_cpu" : 3.881667,
      "sys_cpu" : 15.268333,
      "ctx" : 407238,
      "majf" : 0,
      "minf" : 73,
      "iodepth_level" : {
        "1" : 199.999509,
        "2" : 0.000000,
        "4" : 0.000000,
        "8" : 0.000000,
        "16" : 0.000000,
        "32" : 0.000000,
        ">=64" : 0.000000
      },
      "iodepth_submit" : {
        "0" : 0.000000,
        "4" : 100.000000,
        "8" : 0.000000,
        "16" : 0.000000,
        "32" : 0.000000,
        "64" : 0.000000,
        ">=64" : 0.000000
      },
      "iodepth_complete" : {
        "0" : 0.000000,
        "4" : 100.000000,
        "8" : 0.000000,
        "16" : 0.000000,
        "32" : 0.000000,
        "64" : 0.000000,
        ">=64" : 0.000000
      },
      "latency_ns" : {
        "2" : 0.000000,
        "4" : 0.000000,
        "10" : 0.000000,
        "20" : 0.000000,
        "50" : 0.000000,
        "100" : 0.000000,
        "250" : 0.000000,
        "500" : 0.000000,
        "750" : 0.000000,
        "1000" : 0.000000
      },
      "latency_us" : {
        "2" : 0.000000,
        "4" : 0.000000,
        "10" : 0.000000,
        "20" : 0.000000,
        "50" : 0.000000,
        "100" : 13.995364,
        "250" : 85.403274,
        "500" : 0.485706,
        "750" : 0.036342,
        "1000" : 0.031431
      },
      "latency_ms" : {
        "2" : 0.040762,
        "4" : 0.010000,
        "10" : 0.010000,
        "20" : 0.010000,
        "50" : 0.010000,
        "100" : 0.000000,
        "250" : 0.000000,
        "500" : 0.000000,
        "750" : 0.000000,
        "1000" : 0.000000,
        "2000" : 0.000000,
        ">=2000" : 0.000000
      },
      "latency_depth" : 1,
      "latency_target" : 0,
      "latency_percentile" : 100.000000,
      "latency_window" : 0
    }
  ],
  "disk_util" : [
    {
      "name" : "sdb",
      "read_ios" : 59,
      "write_ios" : 1324366,
      "read_sectors" : 4168,
      "write_sectors" : 10594936,
      "read_merges" : 0,
      "write_merges" : 0,
      "read_ticks" : 10,
      "write_ticks" : 141322,
      "in_queue" : 141332,
      "util" : 67.719403
    }
  ]
}
