{
  "fio version" : "fio-3.36",
  "timestamp" : 1732587320,
  "timestamp_ms" : 1732587320414,
  "time" : "Tue Nov 26 02:15:20 2024",
  "jobs" : [
    {
      "jobname" : "rand_write_direct1_fsync0",
      "groupid" : 0,
      "job_start" : 1732587290399,
      "error" : 0,
      "eta" : 0,
      "elapsed" : 91,
      "job options" : {
        "name" : "rand_write_direct1_fsync0",
        "rw" : "randwrite",
        "direct" : "1",
        "bs" : "4k",
        "runtime" : "30",
        "ramp_time" : "60",
        "filename" : "/dev/sdb1",
        "iodepth" : "1",
        "numjobs" : "16"
      },
      "read" : {
        "io_bytes" : 0,
        "io_kbytes" : 0,
        "bw_bytes" : 0,
        "bw" : 0,
        "iops" : 0.000000,
        "runtime" : 0,
        "total_ios" : 0,
        "short_ios" : 0,
        "drop_ios" : 0,
        "slat_ns" : {
          "min" : 0,
          "max" : 0,
          "mean" : 0.000000,
          "stddev" : 0.000000,
          "N" : 0
        },
        "clat_ns" : {
          "min" : 0,
          "max" : 0,
          "mean" : 0.000000,
          "stddev" : 0.000000,
          "N" : 0
        },
        "lat_ns" : {
          "min" : 0,
          "max" : 0,
          "mean" : 0.000000,
          "stddev" : 0.000000,
          "N" : 0
        },
        "bw_min" : 0,
        "bw_max" : 0,
        "bw_agg" : 0.000000,
        "bw_mean" : 0.000000,
        "bw_dev" : 0.000000,
        "bw_samples" : 0,
        "iops_min" : 0,
        "iops_max" : 0,
        "iops_mean" : 0.000000,
        "iops_stddev" : 0.000000,
        "iops_samples" : 0
      },
      "write" : {
        "io_bytes" : 9223909376,
        "io_kbytes" : 9007724,
        "bw_bytes" : 307371434,
        "bw" : 300167,
        "iops" : 75041.854110,
        "runtime" : 30009,
        "total_ios" : 2251931,
        "short_ios" : 0,
        "drop_ios" : 0,
        "slat_ns" : {
          "min" : 0,
          "max" : 0,
          "mean" : 0.000000,
          "stddev" : 0.000000,
          "N" : 0
        },
        "clat_ns" : {
          "min" : 41400,
          "max" : 190826107,
          "mean" : 211105.362802,
          "stddev" : 1066901.506696,
          "N" : 2251931,
          "percentile" : {
            "1.000000" : 82432,
            "5.000000" : 93696,
            "10.000000" : 100864,
            "20.000000" : 110080,
            "30.000000" : 118272,
            "40.000000" : 126464,
            "50.000000" : 136192,
            "60.000000" : 148480,
            "70.000000" : 162816,
            "80.000000" : 185344,
            "90.000000" : 228352,
            "95.000000" : 276480,
            "99.000000" : 448512,
            "99.500000" : 1138688,
            "99.900000" : 14221312,
            "99.950000" : 21102592,
            "99.990000" : 29753344
          }
        },
        "lat_ns" : {
          "min" : 41600,
          "max" : 190826207,
          "mean" : 211292.022697,
          "stddev" : 1066905.746879,
          "N" : 2251931
        },
        "bw_min" : 191904,
        "bw_max" : 369586,
        "bw_agg" : 100.000000,
        "bw_mean" : 300588.135593,
        "bw_dev" : 2131.286123,
        "bw_samples" : 944,
        "iops_min" : 47976,
        "iops_max" : 92395,
        "iops_mean" : 75146.254237,
        "iops_stddev" : 532.816374,
        "iops_samples" : 944
      },
      "trim" : {
        "io_bytes" : 0,
        "io_kbytes" : 0,
        "bw_bytes" : 0,
        "bw" : 0,
        "iops" : 0.000000,
        "runtime" : 0,
        "total_ios" : 0,
        "short_ios" : 0,
        "drop_ios" : 0,
        "slat_ns" : {
          "min" : 0,
          "max" : 0,
          "mean" : 0.000000,
          "stddev" : 0.000000,
          "N" : 0
        },
        "clat_ns" : {
          "min" : 0,
          "max" : 0,
          "mean" : 0.000000,
          "stddev" : 0.000000,
          "N" : 0
        },
        "lat_ns" : {
          "min" : 0,
          "max" : 0,
          "mean" : 0.000000,
          "stddev" : 0.000000,
          "N" : 0
        },
        "bw_min" : 0,
        "bw_max" : 0,
        "bw_agg" : 0.000000,
        "bw_mean" : 0.000000,
        "bw_dev" : 0.000000,
        "bw_samples" : 0,
        "iops_min" : 0,
        "iops_max" : 0,
        "iops_mean" : 0.000000,
        "iops_stddev" : 0.000000,
        "iops_samples" : 0
      },
      "sync" : {
        "total_ios" : 0,
        "lat_ns" : {
          "min" : 0,
          "max" : 0,
          "mean" : 0.000000,
          "stddev" : 0.000000,
          "N" : 0
        }
      },
      "job_runtime" : 480008,
      "usr_cpu" : 2.960992,
      "sys_cpu" : 16.422018,
      "ctx" : 2248958,
      "majf" : 0,
      "minf" : 598,
      "iodepth_level" : {
        "1" : 100.000000,
        "2" : 0.000000,
        "4" : 0.000000,
        "8" : 0.000000,
        "16" : 0.000000,
        "32" : 0.000000,
        ">=64" : 0.000000
      },
      "iodepth_submit" : {
        "0" : 0.000000,
        "4" : 100.000000,
        "8" : 0.000000,
        "16" : 0.000000,
        "32" : 0.000000,
        "64" : 0.000000,
        ">=64" : 0.000000
      },
      "iodepth_complete" : {
        "0" : 0.000000,
        "4" : 100.000000,
        "8" : 0.000000,
        "16" : 0.000000,
        "32" : 0.000000,
        "64" : 0.000000,
        ">=64" : 0.000000
      },
      "latency_ns" : {
        "2" : 0.000000,
        "4" : 0.000000,
        "10" : 0.000000,
        "20" : 0.000000,
        "50" : 0.000000,
        "100" : 0.000000,
        "250" : 0.000000,
        "500" : 0.000000,
        "750" : 0.000000,
        "1000" : 0.000000
      },
      "latency_us" : {
        "2" : 0.000000,
        "4" : 0.000000,
        "10" : 0.000000,
        "20" : 0.000000,
        "50" : 0.010000,
        "100" : 9.635420,
        "250" : 83.182256,
        "500" : 6.370222,
        "750" : 0.237130,
        "1000" : 0.048581
      },
      "latency_ms" : {
        "2" : 0.084949,
        "4" : 0.027399,
        "10" : 0.098715,
        "20" : 0.260665,
        "50" : 0.051645,
        "100" : 0.010000,
        "250" : 0.010000,
        "500" : 0.000000,
        "750" : 0.000000,
        "1000" : 0.000000,
        "2000" : 0.000000,
        ">=2000" : 0.000000
      },
      "latency_depth" : 1,
      "latency_target" : 0,
      "latency_percentile" : 100.000000,
      "latency_window" : 0
    }
  ],
  "disk_util" : [
    {
      "name" : "sdb",
      "read_ios" : 141,
      "write_ios" : 6835546,
      "read_sectors" : 8920,
      "write_sectors" : 54684368,
      "read_merges" : 0,
      "write_merges" : 0,
      "read_ticks" : 24,
      "write_ticks" : 1151178,
      "in_queue" : 1151202,
      "util" : 88.324191
    }
  ]
}
