{
  "fio version" : "fio-3.36",
  "timestamp" : 1732586688,
  "timestamp_ms" : 1732586688711,
  "time" : "Tue Nov 26 02:04:48 2024",
  "jobs" : [
    {
      "jobname" : "rand_write_direct1_fsync1",
      "groupid" : 0,
      "job_start" : 1732586658692,
      "error" : 0,
      "eta" : 0,
      "elapsed" : 91,
      "job options" : {
        "name" : "rand_write_direct1_fsync1",
        "rw" : "randwrite",
        "direct" : "1",
        "bs" : "4k",
        "runtime" : "30",
        "ramp_time" : "60",
        "filename" : "/dev/sdb1",
        "iodepth" : "1",
        "numjobs" : "4",
        "fsync" : "1"
      },
      "read" : {
        "io_bytes" : 0,
        "io_kbytes" : 0,
        "bw_bytes" : 0,
        "bw" : 0,
        "iops" : 0.000000,
        "runtime" : 0,
        "total_ios" : 0,
        "short_ios" : 0,
        "drop_ios" : 0,
        "slat_ns" : {
          "min" : 0,
          "max" : 0,
          "mean" : 0.000000,
          "stddev" : 0.000000,
          "N" : 0
        },
        "clat_ns" : {
          "min" : 0,
          "max" : 0,
          "mean" : 0.000000,
          "stddev" : 0.000000,
          "N" : 0
        },
        "lat_ns" : {
          "min" : 0,
          "max" : 0,
          "mean" : 0.000000,
          "stddev" : 0.000000,
          "N" : 0
        },
        "bw_min" : 0,
        "bw_max" : 0,
        "bw_agg" : 0.000000,
        "bw_mean" : 0.000000,
        "bw_dev" : 0.000000,
        "bw_samples" : 0,
        "iops_min" : 0,
        "iops_max" : 0,
        "iops_mean" : 0.000000,
        "iops_stddev" : 0.000000,
        "iops_samples" : 0
      },
      "write" : {
        "io_bytes" : 3359784960,
        "io_kbytes" : 3281040,
        "bw_bytes" : 111989099,
        "bw" : 109364,
        "iops" : 27341.088630,
        "runtime" : 30001,
        "total_ios" : 820260,
        "short_ios" : 0,
        "drop_ios" : 0,
        "slat_ns" : {
          "min" : 0,
          "max" : 0,
          "mean" : 0.000000,
          "stddev" : 0.000000,
          "N" : 0
        },
        "clat_ns" : {
          "min" : 38801,
          "max" : 188717854,
          "mean" : 143985.704172,
          "stddev" : 384805.312836,
          "N" : 820260,
          "percentile" : {
            "1.000000" : 77312,
            "5.000000" : 85504,
            "10.000000" : 90624,
            "20.000000" : 98816,
            "30.000000" : 108032,
            "40.000000" : 121344,
            "50.000000" : 138240,
            "60.000000" : 148480,
            "70.000000" : 158720,
            "80.000000" : 173056,
            "90.000000" : 195584,
            "95.000000" : 222208,
            "99.000000" : 288768,
            "99.500000" : 329728,
            "99.900000" : 765952,
            "99.950000" : 1105920,
            "99.990000" : 3915776
          }
        },
        "lat_ns" : {
          "min" : 38901,
          "max" : 188717854,
          "mean" : 144071.702127,
          "stddev" : 384806.000701,
          "N" : 820260
        },
        "bw_min" : 70165,
        "bw_max" : 139405,
        "bw_agg" : 100.000000,
        "bw_mean" : 109535.546328,
        "bw_dev" : 4911.149026,
        "bw_samples" : 239,
        "iops_min" : 17540,
        "iops_max" : 34850,
        "iops_mean" : 27383.371751,
        "iops_stddev" : 1227.799813,
        "iops_samples" : 239
      },
      "trim" : {
        "io_bytes" : 0,
        "io_kbytes" : 0,
        "bw_bytes" : 0,
        "bw" : 0,
        "iops" : 0.000000,
        "runtime" : 0,
        "total_ios" : 0,
        "short_ios" : 0,
        "drop_ios" : 0,
        "slat_ns" : {
          "min" : 0,
          "max" : 0,
          "mean" : 0.000000,
          "stddev" : 0.000000,
          "N" : 0
        },
        "clat_ns" : {
          "min" : 0,
          "max" : 0,
          "mean" : 0.000000,
          "stddev" : 0.000000,
          "N" : 0
        },
        "lat_ns" : {
          "min" : 0,
          "max" : 0,
          "mean" : 0.000000,
          "stddev" : 0.000000,
          "N" : 0
        },
        "bw_min" : 0,
        "bw_max" : 0,
        "bw_agg" : 0.000000,
        "bw_mean" : 0.000000,
        "bw_dev" : 0.000000,
        "bw_samples" : 0,
        "iops_min" : 0,
        "iops_max" : 0,
        "iops_mean" : 0.000000,
        "iops_stddev" : 0.000000,
        "iops_samples" : 0
      },
      "sync" : {
        "total_ios" : 820256,
        "lat_ns" : {
          "min" : 700,
          "max" : 96602,
          "mean" : 1116.555519,
          "stddev" : 1627.849322,
          "N" : 820256,
          "percentile" : {
            "1.000000" : 804,
            "5.000000" : 804,
            "10.000000" : 804,
            "20.000000" : 900,
            "30.000000" : 900,
            "40.000000" : 900,
            "50.000000" : 900,
            "60.000000" : 1004,
            "70.000000" : 1004,
            "80.000000" : 1096,
            "90.000000" : 1304,
            "95.000000" : 1704,
            "99.000000" : 2896,
            "99.500000" : 3088,
            "99.900000" : 34560,
            "99.950000" : 36096,
            "99.990000" : 53504
          }
        }
      },
      "job_runtime" : 120000,
      "usr_cpu" : 3.913333,
      "sys_cpu" : 15.324167,
      "ctx" : 820248,
      "majf" : 0,
      "minf" : 146,
      "iodepth_level" : {
        "1" : 199.999512,
        "2" : 0.000000,
        "4" : 0.000000,
        "8" : 0.000000,
        "16" : 0.000000,
        "32" : 0.000000,
        ">=64" : 0.000000
      },
      "iodepth_submit" : {
        "0" : 0.000000,
        "4" : 100.000000,
        "8" : 0.000000,
        "16" : 0.000000,
        "32" : 0.000000,
        "64" : 0.000000,
        ">=64" : 0.000000
      },
      "iodepth_complete" : {
        "0" : 0.000000,
        "4" : 100.000000,
        "8" : 0.000000,
        "16" : 0.000000,
        "32" : 0.000000,
        "64" : 0.000000,
        ">=64" : 0.000000
      },
      "latency_ns" : {
        "2" : 0.000000,
        "4" : 0.000000,
        "10" : 0.000000,
        "20" : 0.000000,
        "50" : 0.000000,
        "100" : 0.000000,
        "250" : 0.000000,
        "500" : 0.000000,
        "750" : 0.000000,
        "1000" : 0.000000
      },
      "latency_us" : {
        "2" : 0.000000,
        "4" : 0.000000,
        "10" : 0.000000,
        "20" : 0.000000,
        "50" : 0.010000,
        "100" : 21.294833,
        "250" : 76.278131,
        "500" : 2.261600,
        "750" : 0.063151,
        "1000" : 0.037183
      },
      "latency_ms" : {
        "2" : 0.047546,
        "4" : 0.010000,
        "10" : 0.010000,
        "20" : 0.010000,
        "50" : 0.010000,
        "100" : 0.010000,
        "250" : 0.010000,
        "500" : 0.000000,
        "750" : 0.000000,
        "1000" : 0.000000,
        "2000" : 0.000000,
        ">=2000" : 0.000000
      },
      "latency_depth" : 1,
      "latency_target" : 0,
      "latency_percentile" : 100.000000,
      "latency_window" : 0
    }
  ],
  "disk_util" : [
    {
      "name" : "sdb",
      "read_ios" : 59,
      "write_ios" : 2742933,
      "read_sectors" : 4168,
      "write_sectors" : 21943464,
      "read_merges" : 0,
      "write_merges" : 0,
      "read_ticks" : 10,
      "write_ticks" : 282793,
      "in_queue" : 282803,
      "util" : 68.574538
    }
  ]
}
