{
  "fio version" : "fio-3.36",
  "timestamp" : 1732587139,
  "timestamp_ms" : 1732587139909,
  "time" : "Tue Nov 26 02:12:19 2024",
  "jobs" : [
    {
      "jobname" : "rand_write_direct1_fsync0",
      "groupid" : 0,
      "job_start" : 1732587109894,
      "error" : 0,
      "eta" : 0,
      "elapsed" : 91,
      "job options" : {
        "name" : "rand_write_direct1_fsync0",
        "rw" : "randwrite",
        "direct" : "1",
        "bs" : "4k",
        "runtime" : "30",
        "ramp_time" : "60",
        "filename" : "/dev/sdb1",
        "iodepth" : "1",
        "numjobs" : "4"
      },
      "read" : {
        "io_bytes" : 0,
        "io_kbytes" : 0,
        "bw_bytes" : 0,
        "bw" : 0,
        "iops" : 0.000000,
        "runtime" : 0,
        "total_ios" : 0,
        "short_ios" : 0,
        "drop_ios" : 0,
        "slat_ns" : {
          "min" : 0,
          "max" : 0,
          "mean" : 0.000000,
          "stddev" : 0.000000,
          "N" : 0
        },
        "clat_ns" : {
          "min" : 0,
          "max" : 0,
          "mean" : 0.000000,
          "stddev" : 0.000000,
          "N" : 0
        },
        "lat_ns" : {
          "min" : 0,
          "max" : 0,
          "mean" : 0.000000,
          "stddev" : 0.000000,
          "N" : 0
        },
        "bw_min" : 0,
        "bw_max" : 0,
        "bw_agg" : 0.000000,
        "bw_mean" : 0.000000,
        "bw_dev" : 0.000000,
        "bw_samples" : 0,
        "iops_min" : 0,
        "iops_max" : 0,
        "iops_mean" : 0.000000,
        "iops_stddev" : 0.000000,
        "iops_samples" : 0
      },
      "write" : {
        "io_bytes" : 4385411072,
        "io_kbytes" : 4282628,
        "bw_bytes" : 146175496,
        "bw" : 142749,
        "iops" : 35687.377087,
        "runtime" : 30001,
        "total_ios" : 1070657,
        "short_ios" : 0,
        "drop_ios" : 0,
        "slat_ns" : {
          "min" : 0,
          "max" : 0,
          "mean" : 0.000000,
          "stddev" : 0.000000,
          "N" : 0
        },
        "clat_ns" : {
          "min" : 39301,
          "max" : 42282693,
          "mean" : 111130.388997,
          "stddev" : 111035.110704,
          "N" : 1070657,
          "percentile" : {
            "1.000000" : 73216,
            "5.000000" : 81408,
            "10.000000" : 85504,
            "20.000000" : 91648,
            "30.000000" : 95744,
            "40.000000" : 99840,
            "50.000000" : 102912,
            "60.000000" : 107008,
            "70.000000" : 113152,
            "80.000000" : 122368,
            "90.000000" : 146432,
            "95.000000" : 162816,
            "99.000000" : 195584,
            "99.500000" : 218112,
            "99.900000" : 497664,
            "99.950000" : 946176,
            "99.990000" : 3194880
          }
        },
        "lat_ns" : {
          "min" : 39401,
          "max" : 42282693,
          "mean" : 111247.945987,
          "stddev" : 111038.789485,
          "N" : 1070657
        },
        "bw_min" : 117103,
        "bw_max" : 167104,
        "bw_agg" : 100.000000,
        "bw_mean" : 142850.650000,
        "bw_dev" : 3149.473456,
        "bw_samples" : 240,
        "iops_min" : 29274,
        "iops_max" : 41776,
        "iops_mean" : 35712.100000,
        "iops_stddev" : 787.363771,
        "iops_samples" : 240
      },
      "trim" : {
        "io_bytes" : 0,
        "io_kbytes" : 0,
        "bw_bytes" : 0,
        "bw" : 0,
        "iops" : 0.000000,
        "runtime" : 0,
        "total_ios" : 0,
        "short_ios" : 0,
        "drop_ios" : 0,
        "slat_ns" : {
          "min" : 0,
          "max" : 0,
          "mean" : 0.000000,
          "stddev" : 0.000000,
          "N" : 0
        },
        "clat_ns" : {
          "min" : 0,
          "max" : 0,
          "mean" : 0.000000,
          "stddev" : 0.000000,
          "N" : 0
        },
        "lat_ns" : {
          "min" : 0,
          "max" : 0,
          "mean" : 0.000000,
          "stddev" : 0.000000,
          "N" : 0
        },
        "bw_min" : 0,
        "bw_max" : 0,
        "bw_agg" : 0.000000,
        "bw_mean" : 0.000000,
        "bw_dev" : 0.000000,
        "bw_samples" : 0,
        "iops_min" : 0,
        "iops_max" : 0,
        "iops_mean" : 0.000000,
        "iops_stddev" : 0.000000,
        "iops_samples" : 0
      },
      "sync" : {
        "total_ios" : 0,
        "lat_ns" : {
          "min" : 0,
          "max" : 0,
          "mean" : 0.000000,
          "stddev" : 0.000000,
          "N" : 0
        }
      },
      "job_runtime" : 120000,
      "usr_cpu" : 4.230833,
      "sys_cpu" : 19.246667,
      "ctx" : 1070619,
      "majf" : 0,
      "minf" : 146,
      "iodepth_level" : {
        "1" : 100.000000,
        "2" : 0.000000,
        "4" : 0.000000,
        "8" : 0.000000,
        "16" : 0.000000,
        "32" : 0.000000,
        ">=64" : 0.000000
      },
      "iodepth_submit" : {
        "0" : 0.000000,
        "4" : 100.000000,
        "8" : 0.000000,
        "16" : 0.000000,
        "32" : 0.000000,
        "64" : 0.000000,
        ">=64" : 0.000000
      },
      "iodepth_complete" : {
        "0" : 0.000000,
        "4" : 100.000000,
        "8" : 0.000000,
        "16" : 0.000000,
        "32" : 0.000000,
        "64" : 0.000000,
        ">=64" : 0.000000
      },
      "latency_ns" : {
        "2" : 0.000000,
        "4" : 0.000000,
        "10" : 0.000000,
        "20" : 0.000000,
        "50" : 0.000000,
        "100" : 0.000000,
        "250" : 0.000000,
        "500" : 0.000000,
        "750" : 0.000000,
        "1000" : 0.000000
      },
      "latency_us" : {
        "2" : 0.000000,
        "4" : 0.000000,
        "10" : 0.000000,
        "20" : 0.000000,
        "50" : 0.010000,
        "100" : 41.400467,
        "250" : 58.311672,
        "500" : 0.187829,
        "750" : 0.026432,
        "1000" : 0.029982
      },
      "latency_ms" : {
        "2" : 0.030262,
        "4" : 0.010000,
        "10" : 0.010000,
        "20" : 0.010000,
        "50" : 0.010000,
        "100" : 0.000000,
        "250" : 0.000000,
        "500" : 0.000000,
        "750" : 0.000000,
        "1000" : 0.000000,
        "2000" : 0.000000,
        ">=2000" : 0.000000
      },
      "latency_depth" : 1,
      "latency_target" : 0,
      "latency_percentile" : 100.000000,
      "latency_window" : 0
    }
  ],
  "disk_util" : [
    {
      "name" : "sdb",
      "read_ios" : 59,
      "write_ios" : 3387656,
      "read_sectors" : 4168,
      "write_sectors" : 27101248,
      "read_merges" : 0,
      "write_merges" : 0,
      "read_ticks" : 9,
      "write_ticks" : 273038,
      "in_queue" : 273048,
      "util" : 70.200786
    }
  ]
}
