{
  "fio version" : "fio-3.36",
  "timestamp" : 1732584542,
  "timestamp_ms" : 1732584542008,
  "time" : "Tue Nov 26 01:29:02 2024",
  "jobs" : [
    {
      "jobname" : "rand_read_direct0_fsync0",
      "groupid" : 0,
      "job_start" : 1732584504553,
      "error" : 0,
      "eta" : 0,
      "elapsed" : 98,
      "job options" : {
        "name" : "rand_read_direct0_fsync0",
        "rw" : "randread",
        "direct" : "0",
        "bs" : "4k",
        "runtime" : "30",
        "ramp_time" : "60",
        "filename" : "/dev/sdb1",
        "iodepth" : "1",
        "numjobs" : "16"
      },
      "read" : {
        "io_bytes" : 9738485760,
        "io_kbytes" : 9510240,
        "bw_bytes" : 324605371,
        "bw" : 316997,
        "iops" : 79249.358355,
        "runtime" : 30001,
        "total_ios" : 2377560,
        "short_ios" : 0,
        "drop_ios" : 0,
        "slat_ns" : {
          "min" : 0,
          "max" : 0,
          "mean" : 0.000000,
          "stddev" : 0.000000,
          "N" : 0
        },
        "clat_ns" : {
          "min" : 1200,
          "max" : 57330560,
          "mean" : 199760.968287,
          "stddev" : 1177931.396495,
          "N" : 2377560,
          "percentile" : {
            "1.000000" : 2512,
            "5.000000" : 69120,
            "10.000000" : 81408,
            "20.000000" : 91648,
            "30.000000" : 98816,
            "40.000000" : 105984,
            "50.000000" : 112128,
            "60.000000" : 121344,
            "70.000000" : 132096,
            "80.000000" : 148480,
            "90.000000" : 191488,
            "95.000000" : 248832,
            "99.000000" : 528384,
            "99.500000" : 962560,
            "99.900000" : 17432576,
            "99.950000" : 23199744,
            "99.990000" : 32899072
          }
        },
        "lat_ns" : {
          "min" : 1300,
          "max" : 57330760,
          "mean" : 199920.381208,
          "stddev" : 1177938.240272,
          "N" : 2377560
        },
        "bw_min" : 237360,
        "bw_max" : 386358,
        "bw_agg" : 100.000000,
        "bw_mean" : 317134.322034,
        "bw_dev" : 2058.602886,
        "bw_samples" : 944,
        "iops_min" : 59339,
        "iops_max" : 96589,
        "iops_mean" : 79282.779661,
        "iops_stddev" : 514.655869,
        "iops_samples" : 944
      },
      "write" : {
        "io_bytes" : 0,
        "io_kbytes" : 0,
        "bw_bytes" : 0,
        "bw" : 0,
        "iops" : 0.000000,
        "runtime" : 0,
        "total_ios" : 0,
        "short_ios" : 0,
        "drop_ios" : 0,
        "slat_ns" : {
          "min" : 0,
          "max" : 0,
          "mean" : 0.000000,
          "stddev" : 0.000000,
          "N" : 0
        },
        "clat_ns" : {
          "min" : 0,
          "max" : 0,
          "mean" : 0.000000,
          "stddev" : 0.000000,
          "N" : 0
        },
        "lat_ns" : {
          "min" : 0,
          "max" : 0,
          "mean" : 0.000000,
          "stddev" : 0.000000,
          "N" : 0
        },
        "bw_min" : 0,
        "bw_max" : 0,
        "bw_agg" : 0.000000,
        "bw_mean" : 0.000000,
        "bw_dev" : 0.000000,
        "bw_samples" : 0,
        "iops_min" : 0,
        "iops_max" : 0,
        "iops_mean" : 0.000000,
        "iops_stddev" : 0.000000,
        "iops_samples" : 0
      },
      "trim" : {
        "io_bytes" : 0,
        "io_kbytes" : 0,
        "bw_bytes" : 0,
        "bw" : 0,
        "iops" : 0.000000,
        "runtime" : 0,
        "total_ios" : 0,
        "short_ios" : 0,
        "drop_ios" : 0,
        "slat_ns" : {
          "min" : 0,
          "max" : 0,
          "mean" : 0.000000,
          "stddev" : 0.000000,
          "N" : 0
        },
        "clat_ns" : {
          "min" : 0,
          "max" : 0,
          "mean" : 0.000000,
          "stddev" : 0.000000,
          "N" : 0
        },
        "lat_ns" : {
          "min" : 0,
          "max" : 0,
          "mean" : 0.000000,
          "stddev" : 0.000000,
          "N" : 0
        },
        "bw_min" : 0,
        "bw_max" : 0,
        "bw_agg" : 0.000000,
        "bw_mean" : 0.000000,
        "bw_dev" : 0.000000,
        "bw_samples" : 0,
        "iops_min" : 0,
        "iops_max" : 0,
        "iops_mean" : 0.000000,
        "iops_stddev" : 0.000000,
        "iops_samples" : 0
      },
      "sync" : {
        "total_ios" : 0,
        "lat_ns" : {
          "min" : 0,
          "max" : 0,
          "mean" : 0.000000,
          "stddev" : 0.000000,
          "N" : 0
        }
      },
      "job_runtime" : 480000,
      "usr_cpu" : 2.528542,
      "sys_cpu" : 21.764792,
      "ctx" : 2288268,
      "majf" : 0,
      "minf" : 582,
      "iodepth_level" : {
        "1" : 100.000000,
        "2" : 0.000000,
        "4" : 0.000000,
        "8" : 0.000000,
        "16" : 0.000000,
        "32" : 0.000000,
        ">=64" : 0.000000
      },
      "iodepth_submit" : {
        "0" : 0.000000,
        "4" : 100.000000,
        "8" : 0.000000,
        "16" : 0.000000,
        "32" : 0.000000,
        "64" : 0.000000,
        ">=64" : 0.000000
      },
      "iodepth_complete" : {
        "0" : 0.000000,
        "4" : 100.000000,
        "8" : 0.000000,
        "16" : 0.000000,
        "32" : 0.000000,
        "64" : 0.000000,
        ">=64" : 0.000000
      },
      "latency_ns" : {
        "2" : 0.000000,
        "4" : 0.000000,
        "10" : 0.000000,
        "20" : 0.000000,
        "50" : 0.000000,
        "100" : 0.000000,
        "250" : 0.000000,
        "500" : 0.000000,
        "750" : 0.000000,
        "1000" : 0.000000
      },
      "latency_us" : {
        "2" : 0.027675,
        "4" : 2.410244,
        "10" : 0.941511,
        "20" : 0.010000,
        "50" : 0.167062,
        "100" : 27.803252,
        "250" : 63.702073,
        "500" : 3.868041,
        "750" : 0.463038,
        "1000" : 0.126180
      },
      "latency_ms" : {
        "2" : 0.067338,
        "4" : 0.010000,
        "10" : 0.021787,
        "20" : 0.327352,
        "50" : 0.063889,
        "100" : 0.010000,
        "250" : 0.000000,
        "500" : 0.000000,
        "750" : 0.000000,
        "1000" : 0.000000,
        "2000" : 0.000000,
        ">=2000" : 0.000000
      },
      "latency_depth" : 1,
      "latency_target" : 0,
      "latency_percentile" : 100.000000,
      "latency_window" : 0
    }
  ],
  "disk_util" : [
    {
      "name" : "sdb",
      "read_ios" : 6886944,
      "write_ios" : 0,
      "read_sectors" : 55095552,
      "write_sectors" : 0,
      "read_merges" : 0,
      "write_merges" : 0,
      "read_ticks" : 1093255,
      "write_ticks" : 0,
      "in_queue" : 1093255,
      "util" : 87.650977
    }
  ]
}
