{
  "fio version" : "fio-3.36",
  "timestamp" : 1732587934,
  "timestamp_ms" : 1732587934475,
  "time" : "Tue Nov 26 02:25:34 2024",
  "jobs" : [
    {
      "jobname" : "rand_write_direct0_fsync0",
      "groupid" : 0,
      "job_start" : 1732587856656,
      "error" : 0,
      "eta" : 0,
      "elapsed" : 138,
      "job options" : {
        "name" : "rand_write_direct0_fsync0",
        "rw" : "randwrite",
        "direct" : "0",
        "bs" : "4k",
        "runtime" : "30",
        "ramp_time" : "60",
        "filename" : "/dev/sdb1",
        "iodepth" : "1",
        "numjobs" : "1"
      },
      "read" : {
        "io_bytes" : 0,
        "io_kbytes" : 0,
        "bw_bytes" : 0,
        "bw" : 0,
        "iops" : 0.000000,
        "runtime" : 0,
        "total_ios" : 0,
        "short_ios" : 0,
        "drop_ios" : 0,
        "slat_ns" : {
          "min" : 0,
          "max" : 0,
          "mean" : 0.000000,
          "stddev" : 0.000000,
          "N" : 0
        },
        "clat_ns" : {
          "min" : 0,
          "max" : 0,
          "mean" : 0.000000,
          "stddev" : 0.000000,
          "N" : 0
        },
        "lat_ns" : {
          "min" : 0,
          "max" : 0,
          "mean" : 0.000000,
          "stddev" : 0.000000,
          "N" : 0
        },
        "bw_min" : 0,
        "bw_max" : 0,
        "bw_agg" : 0.000000,
        "bw_mean" : 0.000000,
        "bw_dev" : 0.000000,
        "bw_samples" : 0,
        "iops_min" : 0,
        "iops_max" : 0,
        "iops_mean" : 0.000000,
        "iops_stddev" : 0.000000,
        "iops_samples" : 0
      },
      "write" : {
        "io_bytes" : 9857896448,
        "io_kbytes" : 9626852,
        "bw_bytes" : 328519893,
        "bw" : 320820,
        "iops" : 80205.052154,
        "runtime" : 30007,
        "total_ios" : 2406713,
        "short_ios" : 0,
        "drop_ios" : 0,
        "slat_ns" : {
          "min" : 0,
          "max" : 0,
          "mean" : 0.000000,
          "stddev" : 0.000000,
          "N" : 0
        },
        "clat_ns" : {
          "min" : 2600,
          "max" : 13350161,
          "mean" : 12039.148668,
          "stddev" : 276769.837995,
          "N" : 2406713,
          "percentile" : {
            "1.000000" : 2896,
            "5.000000" : 2992,
            "10.000000" : 2992,
            "20.000000" : 3088,
            "30.000000" : 3088,
            "40.000000" : 3216,
            "50.000000" : 3312,
            "60.000000" : 3408,
            "70.000000" : 3600,
            "80.000000" : 4016,
            "90.000000" : 4576,
            "95.000000" : 5024,
            "99.000000" : 7776,
            "99.500000" : 27520,
            "99.900000" : 626688,
            "99.950000" : 6193152,
            "99.990000" : 12255232
          }
        },
        "lat_ns" : {
          "min" : 2600,
          "max" : 13350261,
          "mean" : 12092.996416,
          "stddev" : 276769.825758,
          "N" : 2406713
        },
        "bw_min" : 313696,
        "bw_max" : 329536,
        "bw_agg" : 100.000000,
        "bw_mean" : 321247.350000,
        "bw_dev" : 3461.267353,
        "bw_samples" : 60,
        "iops_min" : 78424,
        "iops_max" : 82384,
        "iops_mean" : 80311.650000,
        "iops_stddev" : 865.337297,
        "iops_samples" : 60
      },
      "trim" : {
        "io_bytes" : 0,
        "io_kbytes" : 0,
        "bw_bytes" : 0,
        "bw" : 0,
        "iops" : 0.000000,
        "runtime" : 0,
        "total_ios" : 0,
        "short_ios" : 0,
        "drop_ios" : 0,
        "slat_ns" : {
          "min" : 0,
          "max" : 0,
          "mean" : 0.000000,
          "stddev" : 0.000000,
          "N" : 0
        },
        "clat_ns" : {
          "min" : 0,
          "max" : 0,
          "mean" : 0.000000,
          "stddev" : 0.000000,
          "N" : 0
        },
        "lat_ns" : {
          "min" : 0,
          "max" : 0,
          "mean" : 0.000000,
          "stddev" : 0.000000,
          "N" : 0
        },
        "bw_min" : 0,
        "bw_max" : 0,
        "bw_agg" : 0.000000,
        "bw_mean" : 0.000000,
        "bw_dev" : 0.000000,
        "bw_samples" : 0,
        "iops_min" : 0,
        "iops_max" : 0,
        "iops_mean" : 0.000000,
        "iops_stddev" : 0.000000,
        "iops_samples" : 0
      },
      "sync" : {
        "total_ios" : 0,
        "lat_ns" : {
          "min" : 0,
          "max" : 0,
          "mean" : 0.000000,
          "stddev" : 0.000000,
          "N" : 0
        }
      },
      "job_runtime" : 30006,
      "usr_cpu" : 5.078984,
      "sys_cpu" : 28.624275,
      "ctx" : 2422,
      "majf" : 0,
      "minf" : 36,
      "iodepth_level" : {
        "1" : 100.000000,
        "2" : 0.000000,
        "4" : 0.000000,
        "8" : 0.000000,
        "16" : 0.000000,
        "32" : 0.000000,
        ">=64" : 0.000000
      },
      "iodepth_submit" : {
        "0" : 0.000000,
        "4" : 100.000000,
        "8" : 0.000000,
        "16" : 0.000000,
        "32" : 0.000000,
        "64" : 0.000000,
        ">=64" : 0.000000
      },
      "iodepth_complete" : {
        "0" : 0.000000,
        "4" : 100.000000,
        "8" : 0.000000,
        "16" : 0.000000,
        "32" : 0.000000,
        "64" : 0.000000,
        ">=64" : 0.000000
      },
      "latency_ns" : {
        "2" : 0.000000,
        "4" : 0.000000,
        "10" : 0.000000,
        "20" : 0.000000,
        "50" : 0.000000,
        "100" : 0.000000,
        "250" : 0.000000,
        "500" : 0.000000,
        "750" : 0.000000,
        "1000" : 0.000000
      },
      "latency_us" : {
        "2" : 0.000000,
        "4" : 79.821981,
        "10" : 19.353824,
        "20" : 0.153446,
        "50" : 0.526610,
        "100" : 0.040138,
        "250" : 0.010000,
        "500" : 0.010000,
        "750" : 0.010000,
        "1000" : 0.000000
      },
      "latency_ms" : {
        "2" : 0.010000,
        "4" : 0.000000,
        "10" : 0.064486,
        "20" : 0.035401,
        "50" : 0.000000,
        "100" : 0.000000,
        "250" : 0.000000,
        "500" : 0.000000,
        "750" : 0.000000,
        "1000" : 0.000000,
        "2000" : 0.000000,
        ">=2000" : 0.000000
      },
      "latency_depth" : 1,
      "latency_target" : 0,
      "latency_percentile" : 100.000000,
      "latency_window" : 0
    }
  ],
  "disk_util" : [
    {
      "name" : "sdb",
      "read_ios" : 59,
      "write_ios" : 6427881,
      "read_sectors" : 4168,
      "write_sectors" : 53858304,
      "read_merges" : 0,
      "write_merges" : 304450,
      "read_ticks" : 10,
      "write_ticks" : 57840061,
      "in_queue" : 57840071,
      "util" : 81.965246
    }
  ]
}
