{
  "fio version" : "fio-3.36",
  "timestamp" : 1732587505,
  "timestamp_ms" : 1732587505614,
  "time" : "Tue Nov 26 02:18:25 2024",
  "jobs" : [
    {
      "jobname" : "rand_write_direct0_fsync1",
      "groupid" : 0,
      "job_start" : 1732587472511,
      "error" : 0,
      "eta" : 0,
      "elapsed" : 94,
      "job options" : {
        "name" : "rand_write_direct0_fsync1",
        "rw" : "randwrite",
        "direct" : "0",
        "bs" : "4k",
        "runtime" : "30",
        "ramp_time" : "60",
        "filename" : "/dev/sdb1",
        "iodepth" : "1",
        "numjobs" : "2",
        "fsync" : "1"
      },
      "read" : {
        "io_bytes" : 0,
        "io_kbytes" : 0,
        "bw_bytes" : 0,
        "bw" : 0,
        "iops" : 0.000000,
        "runtime" : 0,
        "total_ios" : 0,
        "short_ios" : 0,
        "drop_ios" : 0,
        "slat_ns" : {
          "min" : 0,
          "max" : 0,
          "mean" : 0.000000,
          "stddev" : 0.000000,
          "N" : 0
        },
        "clat_ns" : {
          "min" : 0,
          "max" : 0,
          "mean" : 0.000000,
          "stddev" : 0.000000,
          "N" : 0
        },
        "lat_ns" : {
          "min" : 0,
          "max" : 0,
          "mean" : 0.000000,
          "stddev" : 0.000000,
          "N" : 0
        },
        "bw_min" : 0,
        "bw_max" : 0,
        "bw_agg" : 0.000000,
        "bw_mean" : 0.000000,
        "bw_dev" : 0.000000,
        "bw_samples" : 0,
        "iops_min" : 0,
        "iops_max" : 0,
        "iops_mean" : 0.000000,
        "iops_stddev" : 0.000000,
        "iops_samples" : 0
      },
      "write" : {
        "io_bytes" : 2007793664,
        "io_kbytes" : 1960736,
        "bw_bytes" : 66924224,
        "bw" : 65355,
        "iops" : 16338.922036,
        "runtime" : 30001,
        "total_ios" : 490184,
        "short_ios" : 0,
        "drop_ios" : 0,
        "slat_ns" : {
          "min" : 0,
          "max" : 0,
          "mean" : 0.000000,
          "stddev" : 0.000000,
          "N" : 0
        },
        "clat_ns" : {
          "min" : 2900,
          "max" : 85501,
          "mean" : 5045.857347,
          "stddev" : 2719.052243,
          "N" : 490184,
          "percentile" : {
            "1.000000" : 4128,
            "5.000000" : 4192,
            "10.000000" : 4320,
            "20.000000" : 4384,
            "30.000000" : 4384,
            "40.000000" : 4512,
            "50.000000" : 4576,
            "60.000000" : 4704,
            "70.000000" : 5024,
            "80.000000" : 5216,
            "90.000000" : 5600,
            "95.000000" : 6176,
            "99.000000" : 9280,
            "99.500000" : 28800,
            "99.900000" : 42240,
            "99.950000" : 48896,
            "99.990000" : 57088
          }
        },
        "lat_ns" : {
          "min" : 3000,
          "max" : 85501,
          "mean" : 5168.034962,
          "stddev" : 2754.380007,
          "N" : 490184
        },
        "bw_min" : 58626,
        "bw_max" : 72119,
        "bw_agg" : 100.000000,
        "bw_mean" : 65402.850000,
        "bw_dev" : 1609.399309,
        "bw_samples" : 120,
        "iops_min" : 14656,
        "iops_max" : 18029,
        "iops_mean" : 16350.433333,
        "iops_stddev" : 402.310194,
        "iops_samples" : 120
      },
      "trim" : {
        "io_bytes" : 0,
        "io_kbytes" : 0,
        "bw_bytes" : 0,
        "bw" : 0,
        "iops" : 0.000000,
        "runtime" : 0,
        "total_ios" : 0,
        "short_ios" : 0,
        "drop_ios" : 0,
        "slat_ns" : {
          "min" : 0,
          "max" : 0,
          "mean" : 0.000000,
          "stddev" : 0.000000,
          "N" : 0
        },
        "clat_ns" : {
          "min" : 0,
          "max" : 0,
          "mean" : 0.000000,
          "stddev" : 0.000000,
          "N" : 0
        },
        "lat_ns" : {
          "min" : 0,
          "max" : 0,
          "mean" : 0.000000,
          "stddev" : 0.000000,
          "N" : 0
        },
        "bw_min" : 0,
        "bw_max" : 0,
        "bw_agg" : 0.000000,
        "bw_mean" : 0.000000,
        "bw_dev" : 0.000000,
        "bw_samples" : 0,
        "iops_min" : 0,
        "iops_max" : 0,
        "iops_mean" : 0.000000,
        "iops_stddev" : 0.000000,
        "iops_samples" : 0
      },
      "sync" : {
        "total_ios" : 490183,
        "lat_ns" : {
          "min" : 49001,
          "max" : 11028330,
          "mean" : 116222.152472,
          "stddev" : 51404.224523,
          "N" : 490183,
          "percentile" : {
            "1.000000" : 78336,
            "5.000000" : 89600,
            "10.000000" : 97792,
            "20.000000" : 102912,
            "30.000000" : 107008,
            "40.000000" : 109056,
            "50.000000" : 113152,
            "60.000000" : 116224,
            "70.000000" : 119296,
            "80.000000" : 125440,
            "90.000000" : 136192,
            "95.000000" : 146432,
            "99.000000" : 177152,
            "99.500000" : 201728,
            "99.900000" : 585728,
            "99.950000" : 946176,
            "99.990000" : 1761280
          }
        }
      },
      "job_runtime" : 60000,
      "usr_cpu" : 3.816667,
      "sys_cpu" : 25.546667,
      "ctx" : 514203,
      "majf" : 0,
      "minf" : 73,
      "iodepth_level" : {
        "1" : 199.999796,
        "2" : 0.000000,
        "4" : 0.000000,
        "8" : 0.000000,
        "16" : 0.000000,
        "32" : 0.000000,
        ">=64" : 0.000000
      },
      "iodepth_submit" : {
        "0" : 0.000000,
        "4" : 100.000000,
        "8" : 0.000000,
        "16" : 0.000000,
        "32" : 0.000000,
        "64" : 0.000000,
        ">=64" : 0.000000
      },
      "iodepth_complete" : {
        "0" : 0.000000,
        "4" : 100.000000,
        "8" : 0.000000,
        "16" : 0.000000,
        "32" : 0.000000,
        "64" : 0.000000,
        ">=64" : 0.000000
      },
      "latency_ns" : {
        "2" : 0.000000,
        "4" : 0.000000,
        "10" : 0.000000,
        "20" : 0.000000,
        "50" : 0.000000,
        "100" : 0.000000,
        "250" : 0.000000,
        "500" : 0.000000,
        "750" : 0.000000,
        "1000" : 0.000000
      },
      "latency_us" : {
        "2" : 0.000000,
        "4" : 0.356805,
        "10" : 98.841659,
        "20" : 0.257658,
        "50" : 0.502464,
        "100" : 0.041413,
        "250" : 0.000000,
        "500" : 0.000000,
        "750" : 0.000000,
        "1000" : 0.000000
      },
      "latency_ms" : {
        "2" : 0.000000,
        "4" : 0.000000,
        "10" : 0.000000,
        "20" : 0.000000,
        "50" : 0.000000,
        "100" : 0.000000,
        "250" : 0.000000,
        "500" : 0.000000,
        "750" : 0.000000,
        "1000" : 0.000000,
        "2000" : 0.000000,
        ">=2000" : 0.000000
      },
      "latency_depth" : 1,
      "latency_target" : 0,
      "latency_percentile" : 100.000000,
      "latency_window" : 0
    }
  ],
  "disk_util" : [
    {
      "name" : "sdb",
      "read_ios" : 59,
      "write_ios" : 1468538,
      "read_sectors" : 4168,
      "write_sectors" : 11748312,
      "read_merges" : 0,
      "write_merges" : 0,
      "read_ticks" : 11,
      "write_ticks" : 129454,
      "in_queue" : 129466,
      "util" : 65.123717
    }
  ]
}
