{
  "fio version" : "fio-3.36",
  "timestamp" : 1732587698,
  "timestamp_ms" : 1732587698866,
  "time" : "Tue Nov 26 02:21:38 2024",
  "jobs" : [
    {
      "jobname" : "rand_write_direct0_fsync1",
      "groupid" : 0,
      "job_start" : 1732587661565,
      "error" : 0,
      "eta" : 0,
      "elapsed" : 98,
      "job options" : {
        "name" : "rand_write_direct0_fsync1",
        "rw" : "randwrite",
        "direct" : "0",
        "bs" : "4k",
        "runtime" : "30",
        "ramp_time" : "60",
        "filename" : "/dev/sdb1",
        "iodepth" : "1",
        "numjobs" : "8",
        "fsync" : "1"
      },
      "read" : {
        "io_bytes" : 0,
        "io_kbytes" : 0,
        "bw_bytes" : 0,
        "bw" : 0,
        "iops" : 0.000000,
        "runtime" : 0,
        "total_ios" : 0,
        "short_ios" : 0,
        "drop_ios" : 0,
        "slat_ns" : {
          "min" : 0,
          "max" : 0,
          "mean" : 0.000000,
          "stddev" : 0.000000,
          "N" : 0
        },
        "clat_ns" : {
          "min" : 0,
          "max" : 0,
          "mean" : 0.000000,
          "stddev" : 0.000000,
          "N" : 0
        },
        "lat_ns" : {
          "min" : 0,
          "max" : 0,
          "mean" : 0.000000,
          "stddev" : 0.000000,
          "N" : 0
        },
        "bw_min" : 0,
        "bw_max" : 0,
        "bw_agg" : 0.000000,
        "bw_mean" : 0.000000,
        "bw_dev" : 0.000000,
        "bw_samples" : 0,
        "iops_min" : 0,
        "iops_max" : 0,
        "iops_mean" : 0.000000,
        "iops_stddev" : 0.000000,
        "iops_samples" : 0
      },
      "write" : {
        "io_bytes" : 5601943552,
        "io_kbytes" : 5470648,
        "bw_bytes" : 186725227,
        "bw" : 182348,
        "iops" : 45587.213760,
        "runtime" : 30001,
        "total_ios" : 1367662,
        "short_ios" : 0,
        "drop_ios" : 0,
        "slat_ns" : {
          "min" : 0,
          "max" : 0,
          "mean" : 0.000000,
          "stddev" : 0.000000,
          "N" : 0
        },
        "clat_ns" : {
          "min" : 2600,
          "max" : 1427018,
          "mean" : 7625.453434,
          "stddev" : 12686.434543,
          "N" : 1367662,
          "percentile" : {
            "1.000000" : 4192,
            "5.000000" : 4384,
            "10.000000" : 4512,
            "20.000000" : 4704,
            "30.000000" : 4896,
            "40.000000" : 5216,
            "50.000000" : 5472,
            "60.000000" : 5984,
            "70.000000" : 6880,
            "80.000000" : 8768,
            "90.000000" : 10432,
            "95.000000" : 11712,
            "99.000000" : 44288,
            "99.500000" : 69120,
            "99.900000" : 177152,
            "99.950000" : 246784,
            "99.990000" : 436224
          }
        },
        "lat_ns" : {
          "min" : 2700,
          "max" : 1427118,
          "mean" : 7852.162345,
          "stddev" : 12901.924921,
          "N" : 1367662
        },
        "bw_min" : 151853,
        "bw_max" : 205589,
        "bw_agg" : 100.000000,
        "bw_mean" : 182550.050847,
        "bw_dev" : 1576.835815,
        "bw_samples" : 472,
        "iops_min" : 37963,
        "iops_max" : 51395,
        "iops_mean" : 45636.559322,
        "iops_stddev" : 394.180890,
        "iops_samples" : 472
      },
      "trim" : {
        "io_bytes" : 0,
        "io_kbytes" : 0,
        "bw_bytes" : 0,
        "bw" : 0,
        "iops" : 0.000000,
        "runtime" : 0,
        "total_ios" : 0,
        "short_ios" : 0,
        "drop_ios" : 0,
        "slat_ns" : {
          "min" : 0,
          "max" : 0,
          "mean" : 0.000000,
          "stddev" : 0.000000,
          "N" : 0
        },
        "clat_ns" : {
          "min" : 0,
          "max" : 0,
          "mean" : 0.000000,
          "stddev" : 0.000000,
          "N" : 0
        },
        "lat_ns" : {
          "min" : 0,
          "max" : 0,
          "mean" : 0.000000,
          "stddev" : 0.000000,
          "N" : 0
        },
        "bw_min" : 0,
        "bw_max" : 0,
        "bw_agg" : 0.000000,
        "bw_mean" : 0.000000,
        "bw_dev" : 0.000000,
        "bw_samples" : 0,
        "iops_min" : 0,
        "iops_max" : 0,
        "iops_mean" : 0.000000,
        "iops_stddev" : 0.000000,
        "iops_samples" : 0
      },
      "sync" : {
        "total_ios" : 1367661,
        "lat_ns" : {
          "min" : 1400,
          "max" : 29798683,
          "mean" : 165680.834160,
          "stddev" : 165580.029494,
          "N" : 1367661,
          "percentile" : {
            "1.000000" : 76288,
            "5.000000" : 91648,
            "10.000000" : 100864,
            "20.000000" : 112128,
            "30.000000" : 123392,
            "40.000000" : 134144,
            "50.000000" : 144384,
            "60.000000" : 158720,
            "70.000000" : 177152,
            "80.000000" : 203776,
            "90.000000" : 242688,
            "95.000000" : 284672,
            "99.000000" : 423936,
            "99.500000" : 536576,
            "99.900000" : 1187840,
            "99.950000" : 1613824,
            "99.990000" : 5668864
          }
        }
      },
      "job_runtime" : 240000,
      "usr_cpu" : 3.760000,
      "sys_cpu" : 29.941667,
      "ctx" : 1946208,
      "majf" : 0,
      "minf" : 291,
      "iodepth_level" : {
        "1" : 199.999927,
        "2" : 0.000000,
        "4" : 0.000000,
        "8" : 0.000000,
        "16" : 0.000000,
        "32" : 0.000000,
        ">=64" : 0.000000
      },
      "iodepth_submit" : {
        "0" : 0.000000,
        "4" : 100.000000,
        "8" : 0.000000,
        "16" : 0.000000,
        "32" : 0.000000,
        "64" : 0.000000,
        ">=64" : 0.000000
      },
      "iodepth_complete" : {
        "0" : 0.000000,
        "4" : 100.000000,
        "8" : 0.000000,
        "16" : 0.000000,
        "32" : 0.000000,
        "64" : 0.000000,
        ">=64" : 0.000000
      },
      "latency_ns" : {
        "2" : 0.000000,
        "4" : 0.000000,
        "10" : 0.000000,
        "20" : 0.000000,
        "50" : 0.000000,
        "100" : 0.000000,
        "250" : 0.000000,
        "500" : 0.000000,
        "750" : 0.000000,
        "1000" : 0.000000
      },
      "latency_us" : {
        "2" : 0.000000,
        "4" : 0.486962,
        "10" : 86.488621,
        "20" : 11.007983,
        "50" : 1.213019,
        "100" : 0.521986,
        "250" : 0.232514,
        "500" : 0.042262,
        "750" : 0.010000,
        "1000" : 0.010000
      },
      "latency_ms" : {
        "2" : 0.010000,
        "4" : 0.000000,
        "10" : 0.000000,
        "20" : 0.000000,
        "50" : 0.000000,
        "100" : 0.000000,
        "250" : 0.000000,
        "500" : 0.000000,
        "750" : 0.000000,
        "1000" : 0.000000,
        "2000" : 0.000000,
        ">=2000" : 0.000000
      },
      "latency_depth" : 1,
      "latency_target" : 0,
      "latency_percentile" : 100.000000,
      "latency_window" : 0
    }
  ],
  "disk_util" : [
    {
      "name" : "sdb",
      "read_ios" : 177,
      "write_ios" : 4097220,
      "read_sectors" : 12504,
      "write_sectors" : 32777760,
      "read_merges" : 0,
      "write_merges" : 0,
      "read_ticks" : 33,
      "write_ticks" : 437310,
      "in_queue" : 437344,
      "util" : 72.449943
    }
  ]
}
