{
  "fio version" : "fio-3.36",
  "timestamp" : 1732586959,
  "timestamp_ms" : 1732586959448,
  "time" : "Tue Nov 26 02:09:19 2024",
  "jobs" : [
    {
      "jobname" : "rand_write_direct1_fsync0",
      "groupid" : 0,
      "job_start" : 1732586929432,
      "error" : 0,
      "eta" : 0,
      "elapsed" : 91,
      "job options" : {
        "name" : "rand_write_direct1_fsync0",
        "rw" : "randwrite",
        "direct" : "1",
        "bs" : "4k",
        "runtime" : "30",
        "ramp_time" : "60",
        "filename" : "/dev/sdb1",
        "iodepth" : "1",
        "numjobs" : "1"
      },
      "read" : {
        "io_bytes" : 0,
        "io_kbytes" : 0,
        "bw_bytes" : 0,
        "bw" : 0,
        "iops" : 0.000000,
        "runtime" : 0,
        "total_ios" : 0,
        "short_ios" : 0,
        "drop_ios" : 0,
        "slat_ns" : {
          "min" : 0,
          "max" : 0,
          "mean" : 0.000000,
          "stddev" : 0.000000,
          "N" : 0
        },
        "clat_ns" : {
          "min" : 0,
          "max" : 0,
          "mean" : 0.000000,
          "stddev" : 0.000000,
          "N" : 0
        },
        "lat_ns" : {
          "min" : 0,
          "max" : 0,
          "mean" : 0.000000,
          "stddev" : 0.000000,
          "N" : 0
        },
        "bw_min" : 0,
        "bw_max" : 0,
        "bw_agg" : 0.000000,
        "bw_mean" : 0.000000,
        "bw_dev" : 0.000000,
        "bw_samples" : 0,
        "iops_min" : 0,
        "iops_max" : 0,
        "iops_mean" : 0.000000,
        "iops_stddev" : 0.000000,
        "iops_samples" : 0
      },
      "write" : {
        "io_bytes" : 1110265856,
        "io_kbytes" : 1084244,
        "bw_bytes" : 37007628,
        "bw" : 36140,
        "iops" : 9035.065498,
        "runtime" : 30001,
        "total_ios" : 271061,
        "short_ios" : 0,
        "drop_ios" : 0,
        "slat_ns" : {
          "min" : 0,
          "max" : 0,
          "mean" : 0.000000,
          "stddev" : 0.000000,
          "N" : 0
        },
        "clat_ns" : {
          "min" : 66501,
          "max" : 6359277,
          "mean" : 109865.437422,
          "stddev" : 41906.775049,
          "N" : 271061,
          "percentile" : {
            "1.000000" : 83456,
            "5.000000" : 90624,
            "10.000000" : 92672,
            "20.000000" : 93696,
            "30.000000" : 96768,
            "40.000000" : 101888,
            "50.000000" : 103936,
            "60.000000" : 109056,
            "70.000000" : 114176,
            "80.000000" : 116224,
            "90.000000" : 129536,
            "95.000000" : 150528,
            "99.000000" : 181248,
            "99.500000" : 205824,
            "99.900000" : 473088,
            "99.950000" : 716800,
            "99.990000" : 1400832
          }
        },
        "lat_ns" : {
          "min" : 66501,
          "max" : 6359377,
          "mean" : 109975.882783,
          "stddev" : 41911.346548,
          "N" : 271061
        },
        "bw_min" : 28873,
        "bw_max" : 41832,
        "bw_agg" : 100.000000,
        "bw_mean" : 36162.666667,
        "bw_dev" : 3657.769602,
        "bw_samples" : 60,
        "iops_min" : 7218,
        "iops_max" : 10458,
        "iops_mean" : 9040.533333,
        "iops_stddev" : 914.439302,
        "iops_samples" : 60
      },
      "trim" : {
        "io_bytes" : 0,
        "io_kbytes" : 0,
        "bw_bytes" : 0,
        "bw" : 0,
        "iops" : 0.000000,
        "runtime" : 0,
        "total_ios" : 0,
        "short_ios" : 0,
        "drop_ios" : 0,
        "slat_ns" : {
          "min" : 0,
          "max" : 0,
          "mean" : 0.000000,
          "stddev" : 0.000000,
          "N" : 0
        },
        "clat_ns" : {
          "min" : 0,
          "max" : 0,
          "mean" : 0.000000,
          "stddev" : 0.000000,
          "N" : 0
        },
        "lat_ns" : {
          "min" : 0,
          "max" : 0,
          "mean" : 0.000000,
          "stddev" : 0.000000,
          "N" : 0
        },
        "bw_min" : 0,
        "bw_max" : 0,
        "bw_agg" : 0.000000,
        "bw_mean" : 0.000000,
        "bw_dev" : 0.000000,
        "bw_samples" : 0,
        "iops_min" : 0,
        "iops_max" : 0,
        "iops_mean" : 0.000000,
        "iops_stddev" : 0.000000,
        "iops_samples" : 0
      },
      "sync" : {
        "total_ios" : 0,
        "lat_ns" : {
          "min" : 0,
          "max" : 0,
          "mean" : 0.000000,
          "stddev" : 0.000000,
          "N" : 0
        }
      },
      "job_runtime" : 30000,
      "usr_cpu" : 3.840000,
      "sys_cpu" : 19.806667,
      "ctx" : 271064,
      "majf" : 0,
      "minf" : 36,
      "iodepth_level" : {
        "1" : 100.000000,
        "2" : 0.000000,
        "4" : 0.000000,
        "8" : 0.000000,
        "16" : 0.000000,
        "32" : 0.000000,
        ">=64" : 0.000000
      },
      "iodepth_submit" : {
        "0" : 0.000000,
        "4" : 100.000000,
        "8" : 0.000000,
        "16" : 0.000000,
        "32" : 0.000000,
        "64" : 0.000000,
        ">=64" : 0.000000
      },
      "iodepth_complete" : {
        "0" : 0.000000,
        "4" : 100.000000,
        "8" : 0.000000,
        "16" : 0.000000,
        "32" : 0.000000,
        "64" : 0.000000,
        ">=64" : 0.000000
      },
      "latency_ns" : {
        "2" : 0.000000,
        "4" : 0.000000,
        "10" : 0.000000,
        "20" : 0.000000,
        "50" : 0.000000,
        "100" : 0.000000,
        "250" : 0.000000,
        "500" : 0.000000,
        "750" : 0.000000,
        "1000" : 0.000000
      },
      "latency_us" : {
        "2" : 0.000000,
        "4" : 0.000000,
        "10" : 0.000000,
        "20" : 0.000000,
        "50" : 0.000000,
        "100" : 34.941581,
        "250" : 64.771029,
        "500" : 0.196635,
        "750" : 0.045008,
        "1000" : 0.022873
      },
      "latency_ms" : {
        "2" : 0.017708,
        "4" : 0.010000,
        "10" : 0.010000,
        "20" : 0.000000,
        "50" : 0.000000,
        "100" : 0.000000,
        "250" : 0.000000,
        "500" : 0.000000,
        "750" : 0.000000,
        "1000" : 0.000000,
        "2000" : 0.000000,
        ">=2000" : 0.000000
      },
      "latency_depth" : 1,
      "latency_target" : 0,
      "latency_percentile" : 100.000000,
      "latency_window" : 0
    }
  ],
  "disk_util" : [
    {
      "name" : "sdb",
      "read_ios" : 59,
      "write_ios" : 836839,
      "read_sectors" : 4168,
      "write_sectors" : 6694712,
      "read_merges" : 0,
      "write_merges" : 0,
      "read_ticks" : 11,
      "write_ticks" : 68446,
      "in_queue" : 68455,
      "util" : 65.502116
    }
  ]
}
