{
  "fio version" : "fio-3.36",
  "timestamp" : 1732584346,
  "timestamp_ms" : 1732584346711,
  "time" : "Tue Nov 26 01:25:46 2024",
  "jobs" : [
    {
      "jobname" : "rand_read_direct0_fsync0",
      "groupid" : 0,
      "job_start" : 1732584311567,
      "error" : 0,
      "eta" : 0,
      "elapsed" : 96,
      "job options" : {
        "name" : "rand_read_direct0_fsync0",
        "rw" : "randread",
        "direct" : "0",
        "bs" : "4k",
        "runtime" : "30",
        "ramp_time" : "60",
        "filename" : "/dev/sdb1",
        "iodepth" : "1",
        "numjobs" : "4"
      },
      "read" : {
        "io_bytes" : 5559910400,
        "io_kbytes" : 5429600,
        "bw_bytes" : 185324169,
        "bw" : 180980,
        "iops" : 45245.158495,
        "runtime" : 30001,
        "total_ios" : 1357400,
        "short_ios" : 0,
        "drop_ios" : 0,
        "slat_ns" : {
          "min" : 0,
          "max" : 0,
          "mean" : 0.000000,
          "stddev" : 0.000000,
          "N" : 0
        },
        "clat_ns" : {
          "min" : 1200,
          "max" : 160111346,
          "mean" : 87603.309152,
          "stddev" : 243660.497472,
          "N" : 1357400,
          "percentile" : {
            "1.000000" : 2192,
            "5.000000" : 64256,
            "10.000000" : 69120,
            "20.000000" : 72192,
            "30.000000" : 77312,
            "40.000000" : 81408,
            "50.000000" : 84480,
            "60.000000" : 88576,
            "70.000000" : 93696,
            "80.000000" : 96768,
            "90.000000" : 104960,
            "95.000000" : 115200,
            "99.000000" : 160768,
            "99.500000" : 177152,
            "99.900000" : 387072,
            "99.950000" : 790528,
            "99.990000" : 1646592
          }
        },
        "lat_ns" : {
          "min" : 1200,
          "max" : 160111446,
          "mean" : 87661.985046,
          "stddev" : 243661.143458,
          "N" : 1357400
        },
        "bw_min" : 138976,
        "bw_max" : 215048,
        "bw_agg" : 100.000000,
        "bw_mean" : 181115.216667,
        "bw_dev" : 4096.173256,
        "bw_samples" : 240,
        "iops_min" : 34744,
        "iops_max" : 53762,
        "iops_mean" : 45278.283333,
        "iops_stddev" : 1024.037321,
        "iops_samples" : 240
      },
      "write" : {
        "io_bytes" : 0,
        "io_kbytes" : 0,
        "bw_bytes" : 0,
        "bw" : 0,
        "iops" : 0.000000,
        "runtime" : 0,
        "total_ios" : 0,
        "short_ios" : 0,
        "drop_ios" : 0,
        "slat_ns" : {
          "min" : 0,
          "max" : 0,
          "mean" : 0.000000,
          "stddev" : 0.000000,
          "N" : 0
        },
        "clat_ns" : {
          "min" : 0,
          "max" : 0,
          "mean" : 0.000000,
          "stddev" : 0.000000,
          "N" : 0
        },
        "lat_ns" : {
          "min" : 0,
          "max" : 0,
          "mean" : 0.000000,
          "stddev" : 0.000000,
          "N" : 0
        },
        "bw_min" : 0,
        "bw_max" : 0,
        "bw_agg" : 0.000000,
        "bw_mean" : 0.000000,
        "bw_dev" : 0.000000,
        "bw_samples" : 0,
        "iops_min" : 0,
        "iops_max" : 0,
        "iops_mean" : 0.000000,
        "iops_stddev" : 0.000000,
        "iops_samples" : 0
      },
      "trim" : {
        "io_bytes" : 0,
        "io_kbytes" : 0,
        "bw_bytes" : 0,
        "bw" : 0,
        "iops" : 0.000000,
        "runtime" : 0,
        "total_ios" : 0,
        "short_ios" : 0,
        "drop_ios" : 0,
        "slat_ns" : {
          "min" : 0,
          "max" : 0,
          "mean" : 0.000000,
          "stddev" : 0.000000,
          "N" : 0
        },
        "clat_ns" : {
          "min" : 0,
          "max" : 0,
          "mean" : 0.000000,
          "stddev" : 0.000000,
          "N" : 0
        },
        "lat_ns" : {
          "min" : 0,
          "max" : 0,
          "mean" : 0.000000,
          "stddev" : 0.000000,
          "N" : 0
        },
        "bw_min" : 0,
        "bw_max" : 0,
        "bw_agg" : 0.000000,
        "bw_mean" : 0.000000,
        "bw_dev" : 0.000000,
        "bw_samples" : 0,
        "iops_min" : 0,
        "iops_max" : 0,
        "iops_mean" : 0.000000,
        "iops_stddev" : 0.000000,
        "iops_samples" : 0
      },
      "sync" : {
        "total_ios" : 0,
        "lat_ns" : {
          "min" : 0,
          "max" : 0,
          "mean" : 0.000000,
          "stddev" : 0.000000,
          "N" : 0
        }
      },
      "job_runtime" : 120000,
      "usr_cpu" : 4.101667,
      "sys_cpu" : 26.444167,
      "ctx" : 1335770,
      "majf" : 0,
      "minf" : 146,
      "iodepth_level" : {
        "1" : 100.000000,
        "2" : 0.000000,
        "4" : 0.000000,
        "8" : 0.000000,
        "16" : 0.000000,
        "32" : 0.000000,
        ">=64" : 0.000000
      },
      "iodepth_submit" : {
        "0" : 0.000000,
        "4" : 100.000000,
        "8" : 0.000000,
        "16" : 0.000000,
        "32" : 0.000000,
        "64" : 0.000000,
        ">=64" : 0.000000
      },
      "iodepth_complete" : {
        "0" : 0.000000,
        "4" : 100.000000,
        "8" : 0.000000,
        "16" : 0.000000,
        "32" : 0.000000,
        "64" : 0.000000,
        ">=64" : 0.000000
      },
      "latency_ns" : {
        "2" : 0.000000,
        "4" : 0.000000,
        "10" : 0.000000,
        "20" : 0.000000,
        "50" : 0.000000,
        "100" : 0.000000,
        "250" : 0.000000,
        "500" : 0.000000,
        "750" : 0.000000,
        "1000" : 0.000000
      },
      "latency_us" : {
        "2" : 0.326433,
        "4" : 1.200678,
        "10" : 0.050611,
        "20" : 0.010000,
        "50" : 0.051496,
        "100" : 83.447105,
        "250" : 14.741270,
        "500" : 0.108737,
        "750" : 0.019817,
        "1000" : 0.024311
      },
      "latency_ms" : {
        "2" : 0.021733,
        "4" : 0.010000,
        "10" : 0.010000,
        "20" : 0.010000,
        "50" : 0.010000,
        "100" : 0.010000,
        "250" : 0.010000,
        "500" : 0.000000,
        "750" : 0.000000,
        "1000" : 0.000000,
        "2000" : 0.000000,
        ">=2000" : 0.000000
      },
      "latency_depth" : 1,
      "latency_target" : 0,
      "latency_percentile" : 100.000000,
      "latency_window" : 0
    }
  ],
  "disk_util" : [
    {
      "name" : "sdb",
      "read_ios" : 3956797,
      "write_ios" : 0,
      "read_sectors" : 31654376,
      "write_sectors" : 0,
      "read_merges" : 0,
      "write_merges" : 0,
      "read_ticks" : 249303,
      "write_ticks" : 0,
      "in_queue" : 249303,
      "util" : 73.607224
    }
  ]
}
