{
  "fio version" : "fio-3.36",
  "timestamp" : 1732583705,
  "timestamp_ms" : 1732583705418,
  "time" : "Tue Nov 26 01:15:05 2024",
  "jobs" : [
    {
      "jobname" : "rand_read_direct1_fsync0",
      "groupid" : 0,
      "job_start" : 1732583675404,
      "error" : 0,
      "eta" : 0,
      "elapsed" : 91,
      "job options" : {
        "name" : "rand_read_direct1_fsync0",
        "rw" : "randread",
        "direct" : "1",
        "bs" : "4k",
        "runtime" : "30",
        "ramp_time" : "60",
        "filename" : "/dev/sdb1",
        "iodepth" : "1",
        "numjobs" : "1"
      },
      "read" : {
        "io_bytes" : 1376681984,
        "io_kbytes" : 1344416,
        "bw_bytes" : 45887869,
        "bw" : 44812,
        "iops" : 11203.093230,
        "runtime" : 30001,
        "total_ios" : 336104,
        "short_ios" : 0,
        "drop_ios" : 0,
        "slat_ns" : {
          "min" : 0,
          "max" : 0,
          "mean" : 0.000000,
          "stddev" : 0.000000,
          "N" : 0
        },
        "clat_ns" : {
          "min" : 47900,
          "max" : 44892543,
          "mean" : 88583.232589,
          "stddev" : 92491.768972,
          "N" : 336104,
          "percentile" : {
            "1.000000" : 65280,
            "5.000000" : 73216,
            "10.000000" : 75264,
            "20.000000" : 77312,
            "30.000000" : 80384,
            "40.000000" : 84480,
            "50.000000" : 85504,
            "60.000000" : 86528,
            "70.000000" : 88576,
            "80.000000" : 92672,
            "90.000000" : 98816,
            "95.000000" : 111104,
            "99.000000" : 166912,
            "99.500000" : 183296,
            "99.900000" : 448512,
            "99.950000" : 774144,
            "99.990000" : 1843200
          }
        },
        "lat_ns" : {
          "min" : 48000,
          "max" : 44892543,
          "mean" : 88649.035102,
          "stddev" : 92492.711952,
          "N" : 336104
        },
        "bw_min" : 38304,
        "bw_max" : 50509,
        "bw_agg" : 100.000000,
        "bw_mean" : 44839.816667,
        "bw_dev" : 3191.834160,
        "bw_samples" : 60,
        "iops_min" : 9576,
        "iops_max" : 12627,
        "iops_mean" : 11209.850000,
        "iops_stddev" : 797.922766,
        "iops_samples" : 60
      },
      "write" : {
        "io_bytes" : 0,
        "io_kbytes" : 0,
        "bw_bytes" : 0,
        "bw" : 0,
        "iops" : 0.000000,
        "runtime" : 0,
        "total_ios" : 0,
        "short_ios" : 0,
        "drop_ios" : 0,
        "slat_ns" : {
          "min" : 0,
          "max" : 0,
          "mean" : 0.000000,
          "stddev" : 0.000000,
          "N" : 0
        },
        "clat_ns" : {
          "min" : 0,
          "max" : 0,
          "mean" : 0.000000,
          "stddev" : 0.000000,
          "N" : 0
        },
        "lat_ns" : {
          "min" : 0,
          "max" : 0,
          "mean" : 0.000000,
          "stddev" : 0.000000,
          "N" : 0
        },
        "bw_min" : 0,
        "bw_max" : 0,
        "bw_agg" : 0.000000,
        "bw_mean" : 0.000000,
        "bw_dev" : 0.000000,
        "bw_samples" : 0,
        "iops_min" : 0,
        "iops_max" : 0,
        "iops_mean" : 0.000000,
        "iops_stddev" : 0.000000,
        "iops_samples" : 0
      },
      "trim" : {
        "io_bytes" : 0,
        "io_kbytes" : 0,
        "bw_bytes" : 0,
        "bw" : 0,
        "iops" : 0.000000,
        "runtime" : 0,
        "total_ios" : 0,
        "short_ios" : 0,
        "drop_ios" : 0,
        "slat_ns" : {
          "min" : 0,
          "max" : 0,
          "mean" : 0.000000,
          "stddev" : 0.000000,
          "N" : 0
        },
        "clat_ns" : {
          "min" : 0,
          "max" : 0,
          "mean" : 0.000000,
          "stddev" : 0.000000,
          "N" : 0
        },
        "lat_ns" : {
          "min" : 0,
          "max" : 0,
          "mean" : 0.000000,
          "stddev" : 0.000000,
          "N" : 0
        },
        "bw_min" : 0,
        "bw_max" : 0,
        "bw_agg" : 0.000000,
        "bw_mean" : 0.000000,
        "bw_dev" : 0.000000,
        "bw_samples" : 0,
        "iops_min" : 0,
        "iops_max" : 0,
        "iops_mean" : 0.000000,
        "iops_stddev" : 0.000000,
        "iops_samples" : 0
      },
      "sync" : {
        "total_ios" : 0,
        "lat_ns" : {
          "min" : 0,
          "max" : 0,
          "mean" : 0.000000,
          "stddev" : 0.000000,
          "N" : 0
        }
      },
      "job_runtime" : 30000,
      "usr_cpu" : 4.190000,
      "sys_cpu" : 24.430000,
      "ctx" : 336096,
      "majf" : 0,
      "minf" : 36,
      "iodepth_level" : {
        "1" : 100.000000,
        "2" : 0.000000,
        "4" : 0.000000,
        "8" : 0.000000,
        "16" : 0.000000,
        "32" : 0.000000,
        ">=64" : 0.000000
      },
      "iodepth_submit" : {
        "0" : 0.000000,
        "4" : 100.000000,
        "8" : 0.000000,
        "16" : 0.000000,
        "32" : 0.000000,
        "64" : 0.000000,
        ">=64" : 0.000000
      },
      "iodepth_complete" : {
        "0" : 0.000000,
        "4" : 100.000000,
        "8" : 0.000000,
        "16" : 0.000000,
        "32" : 0.000000,
        "64" : 0.000000,
        ">=64" : 0.000000
      },
      "latency_ns" : {
        "2" : 0.000000,
        "4" : 0.000000,
        "10" : 0.000000,
        "20" : 0.000000,
        "50" : 0.000000,
        "100" : 0.000000,
        "250" : 0.000000,
        "500" : 0.000000,
        "750" : 0.000000,
        "1000" : 0.000000
      },
      "latency_us" : {
        "2" : 0.000000,
        "4" : 0.000000,
        "10" : 0.000000,
        "20" : 0.000000,
        "50" : 0.010000,
        "100" : 90.721027,
        "250" : 9.078142,
        "500" : 0.110085,
        "750" : 0.035406,
        "1000" : 0.026182
      },
      "latency_ms" : {
        "2" : 0.016959,
        "4" : 0.010000,
        "10" : 0.010000,
        "20" : 0.010000,
        "50" : 0.010000,
        "100" : 0.000000,
        "250" : 0.000000,
        "500" : 0.000000,
        "750" : 0.000000,
        "1000" : 0.000000,
        "2000" : 0.000000,
        ">=2000" : 0.000000
      },
      "latency_depth" : 1,
      "latency_target" : 0,
      "latency_percentile" : 100.000000,
      "latency_window" : 0
    }
  ],
  "disk_util" : [
    {
      "name" : "sdb",
      "read_ios" : 1019287,
      "write_ios" : 0,
      "read_sectors" : 8154296,
      "write_sectors" : 0,
      "read_merges" : 0,
      "write_merges" : 0,
      "read_ticks" : 64251,
      "write_ticks" : 0,
      "in_queue" : 64251,
      "util" : 54.456919
    }
  ]
}
