{
  "fio version" : "fio-3.36",
  "timestamp" : 1732583140,
  "timestamp_ms" : 1732583140403,
  "time" : "Tue Nov 26 01:05:40 2024",
  "jobs" : [
    {
      "jobname" : "seq_read_direct1_fsync0",
      "groupid" : 0,
      "job_start" : 1732583110387,
      "error" : 0,
      "eta" : 0,
      "elapsed" : 91,
      "job options" : {
        "name" : "seq_read_direct1_fsync0",
        "rw" : "read",
        "direct" : "1",
        "bs" : "4k",
        "runtime" : "30",
        "ramp_time" : "60",
        "filename" : "/dev/sdb1",
        "iodepth" : "1",
        "numjobs" : "16"
      },
      "read" : {
        "io_bytes" : 9399808000,
        "io_kbytes" : 9179500,
        "bw_bytes" : 313316489,
        "bw" : 305973,
        "iops" : 76493.283557,
        "runtime" : 30001,
        "total_ios" : 2294875,
        "short_ios" : 0,
        "drop_ios" : 0,
        "slat_ns" : {
          "min" : 0,
          "max" : 0,
          "mean" : 0.000000,
          "stddev" : 0.000000,
          "N" : 0
        },
        "clat_ns" : {
          "min" : 24300,
          "max" : 97945024,
          "mean" : 207648.813986,
          "stddev" : 1307390.082018,
          "N" : 2294875,
          "percentile" : {
            "1.000000" : 61184,
            "5.000000" : 74240,
            "10.000000" : 81408,
            "20.000000" : 89600,
            "30.000000" : 95744,
            "40.000000" : 101888,
            "50.000000" : 108032,
            "60.000000" : 116224,
            "70.000000" : 126464,
            "80.000000" : 142336,
            "90.000000" : 183296,
            "95.000000" : 242688,
            "99.000000" : 528384,
            "99.500000" : 1044480,
            "99.900000" : 19005440,
            "99.950000" : 26083328,
            "99.990000" : 34340864
          }
        },
        "lat_ns" : {
          "min" : 24400,
          "max" : 97945124,
          "mean" : 207813.005754,
          "stddev" : 1307399.378327,
          "N" : 2294875
        },
        "bw_min" : 223960,
        "bw_max" : 369776,
        "bw_agg" : 100.000000,
        "bw_mean" : 306170.033333,
        "bw_dev" : 2085.929771,
        "bw_samples" : 960,
        "iops_min" : 55989,
        "iops_max" : 92441,
        "iops_mean" : 76540.750000,
        "iops_stddev" : 521.487023,
        "iops_samples" : 960
      },
      "write" : {
        "io_bytes" : 0,
        "io_kbytes" : 0,
        "bw_bytes" : 0,
        "bw" : 0,
        "iops" : 0.000000,
        "runtime" : 0,
        "total_ios" : 0,
        "short_ios" : 0,
        "drop_ios" : 0,
        "slat_ns" : {
          "min" : 0,
          "max" : 0,
          "mean" : 0.000000,
          "stddev" : 0.000000,
          "N" : 0
        },
        "clat_ns" : {
          "min" : 0,
          "max" : 0,
          "mean" : 0.000000,
          "stddev" : 0.000000,
          "N" : 0
        },
        "lat_ns" : {
          "min" : 0,
          "max" : 0,
          "mean" : 0.000000,
          "stddev" : 0.000000,
          "N" : 0
        },
        "bw_min" : 0,
        "bw_max" : 0,
        "bw_agg" : 0.000000,
        "bw_mean" : 0.000000,
        "bw_dev" : 0.000000,
        "bw_samples" : 0,
        "iops_min" : 0,
        "iops_max" : 0,
        "iops_mean" : 0.000000,
        "iops_stddev" : 0.000000,
        "iops_samples" : 0
      },
      "trim" : {
        "io_bytes" : 0,
        "io_kbytes" : 0,
        "bw_bytes" : 0,
        "bw" : 0,
        "iops" : 0.000000,
        "runtime" : 0,
        "total_ios" : 0,
        "short_ios" : 0,
        "drop_ios" : 0,
        "slat_ns" : {
          "min" : 0,
          "max" : 0,
          "mean" : 0.000000,
          "stddev" : 0.000000,
          "N" : 0
        },
        "clat_ns" : {
          "min" : 0,
          "max" : 0,
          "mean" : 0.000000,
          "stddev" : 0.000000,
          "N" : 0
        },
        "lat_ns" : {
          "min" : 0,
          "max" : 0,
          "mean" : 0.000000,
          "stddev" : 0.000000,
          "N" : 0
        },
        "bw_min" : 0,
        "bw_max" : 0,
        "bw_agg" : 0.000000,
        "bw_mean" : 0.000000,
        "bw_dev" : 0.000000,
        "bw_samples" : 0,
        "iops_min" : 0,
        "iops_max" : 0,
        "iops_mean" : 0.000000,
        "iops_stddev" : 0.000000,
        "iops_samples" : 0
      },
      "sync" : {
        "total_ios" : 0,
        "lat_ns" : {
          "min" : 0,
          "max" : 0,
          "mean" : 0.000000,
          "stddev" : 0.000000,
          "N" : 0
        }
      },
      "job_runtime" : 480000,
      "usr_cpu" : 2.366875,
      "sys_cpu" : 19.142083,
      "ctx" : 2287614,
      "majf" : 0,
      "minf" : 583,
      "iodepth_level" : {
        "1" : 100.000000,
        "2" : 0.000000,
        "4" : 0.000000,
        "8" : 0.000000,
        "16" : 0.000000,
        "32" : 0.000000,
        ">=64" : 0.000000
      },
      "iodepth_submit" : {
        "0" : 0.000000,
        "4" : 100.000000,
        "8" : 0.000000,
        "16" : 0.000000,
        "32" : 0.000000,
        "64" : 0.000000,
        ">=64" : 0.000000
      },
      "iodepth_complete" : {
        "0" : 0.000000,
        "4" : 100.000000,
        "8" : 0.000000,
        "16" : 0.000000,
        "32" : 0.000000,
        "64" : 0.000000,
        ">=64" : 0.000000
      },
      "latency_ns" : {
        "2" : 0.000000,
        "4" : 0.000000,
        "10" : 0.000000,
        "20" : 0.000000,
        "50" : 0.000000,
        "100" : 0.000000,
        "250" : 0.000000,
        "500" : 0.000000,
        "750" : 0.000000,
        "1000" : 0.000000
      },
      "latency_us" : {
        "2" : 0.000000,
        "4" : 0.000000,
        "10" : 0.000000,
        "20" : 0.000000,
        "50" : 0.353048,
        "100" : 36.885321,
        "250" : 58.122730,
        "500" : 3.564159,
        "750" : 0.423509,
        "1000" : 0.139267
      },
      "latency_ms" : {
        "2" : 0.075908,
        "4" : 0.011504,
        "10" : 0.015905,
        "20" : 0.326510,
        "50" : 0.081835,
        "100" : 0.010000,
        "250" : 0.000000,
        "500" : 0.000000,
        "750" : 0.000000,
        "1000" : 0.000000,
        "2000" : 0.000000,
        ">=2000" : 0.000000
      },
      "latency_depth" : 1,
      "latency_target" : 0,
      "latency_percentile" : 100.000000,
      "latency_window" : 0
    }
  ],
  "disk_util" : [
    {
      "name" : "sdb",
      "read_ios" : 6884530,
      "write_ios" : 0,
      "read_sectors" : 55076240,
      "write_sectors" : 0,
      "read_merges" : 0,
      "write_merges" : 0,
      "read_ticks" : 1130473,
      "write_ticks" : 0,
      "in_queue" : 1130473,
      "util" : 87.176441
    }
  ]
}
