{
  "fio version" : "fio-3.36",
  "timestamp" : 1732584812,
  "timestamp_ms" : 1732584812666,
  "time" : "Tue Nov 26 01:33:32 2024",
  "jobs" : [
    {
      "jobname" : "seq_write_direct1_fsync1",
      "groupid" : 0,
      "job_start" : 1732584782655,
      "error" : 0,
      "eta" : 0,
      "elapsed" : 91,
      "job options" : {
        "name" : "seq_write_direct1_fsync1",
        "rw" : "write",
        "direct" : "1",
        "bs" : "4k",
        "runtime" : "30",
        "ramp_time" : "60",
        "filename" : "/dev/sdb1",
        "iodepth" : "1",
        "numjobs" : "4",
        "fsync" : "1"
      },
      "read" : {
        "io_bytes" : 0,
        "io_kbytes" : 0,
        "bw_bytes" : 0,
        "bw" : 0,
        "iops" : 0.000000,
        "runtime" : 0,
        "total_ios" : 0,
        "short_ios" : 0,
        "drop_ios" : 0,
        "slat_ns" : {
          "min" : 0,
          "max" : 0,
          "mean" : 0.000000,
          "stddev" : 0.000000,
          "N" : 0
        },
        "clat_ns" : {
          "min" : 0,
          "max" : 0,
          "mean" : 0.000000,
          "stddev" : 0.000000,
          "N" : 0
        },
        "lat_ns" : {
          "min" : 0,
          "max" : 0,
          "mean" : 0.000000,
          "stddev" : 0.000000,
          "N" : 0
        },
        "bw_min" : 0,
        "bw_max" : 0,
        "bw_agg" : 0.000000,
        "bw_mean" : 0.000000,
        "bw_dev" : 0.000000,
        "bw_samples" : 0,
        "iops_min" : 0,
        "iops_max" : 0,
        "iops_mean" : 0.000000,
        "iops_stddev" : 0.000000,
        "iops_samples" : 0
      },
      "write" : {
        "io_bytes" : 4601368576,
        "io_kbytes" : 4493524,
        "bw_bytes" : 153373840,
        "bw" : 149779,
        "iops" : 37444.785174,
        "runtime" : 30001,
        "total_ios" : 1123381,
        "short_ios" : 0,
        "drop_ios" : 0,
        "slat_ns" : {
          "min" : 0,
          "max" : 0,
          "mean" : 0.000000,
          "stddev" : 0.000000,
          "N" : 0
        },
        "clat_ns" : {
          "min" : 38901,
          "max" : 30874278,
          "mean" : 104808.254584,
          "stddev" : 72504.046647,
          "N" : 1123381,
          "percentile" : {
            "1.000000" : 73216,
            "5.000000" : 80384,
            "10.000000" : 83456,
            "20.000000" : 89600,
            "30.000000" : 93696,
            "40.000000" : 97792,
            "50.000000" : 100864,
            "60.000000" : 104960,
            "70.000000" : 109056,
            "80.000000" : 114176,
            "90.000000" : 125440,
            "95.000000" : 136192,
            "99.000000" : 171008,
            "99.500000" : 193536,
            "99.900000" : 415744,
            "99.950000" : 806912,
            "99.990000" : 1646592
          }
        },
        "lat_ns" : {
          "min" : 39001,
          "max" : 30874378,
          "mean" : 104899.407894,
          "stddev" : 72508.105906,
          "N" : 1123381
        },
        "bw_min" : 125512,
        "bw_max" : 179368,
        "bw_agg" : 100.000000,
        "bw_mean" : 149870.333333,
        "bw_dev" : 2663.239997,
        "bw_samples" : 240,
        "iops_min" : 31378,
        "iops_max" : 44842,
        "iops_mean" : 37467.083333,
        "iops_stddev" : 665.797370,
        "iops_samples" : 240
      },
      "trim" : {
        "io_bytes" : 0,
        "io_kbytes" : 0,
        "bw_bytes" : 0,
        "bw" : 0,
        "iops" : 0.000000,
        "runtime" : 0,
        "total_ios" : 0,
        "short_ios" : 0,
        "drop_ios" : 0,
        "slat_ns" : {
          "min" : 0,
          "max" : 0,
          "mean" : 0.000000,
          "stddev" : 0.000000,
          "N" : 0
        },
        "clat_ns" : {
          "min" : 0,
          "max" : 0,
          "mean" : 0.000000,
          "stddev" : 0.000000,
          "N" : 0
        },
        "lat_ns" : {
          "min" : 0,
          "max" : 0,
          "mean" : 0.000000,
          "stddev" : 0.000000,
          "N" : 0
        },
        "bw_min" : 0,
        "bw_max" : 0,
        "bw_agg" : 0.000000,
        "bw_mean" : 0.000000,
        "bw_dev" : 0.000000,
        "bw_samples" : 0,
        "iops_min" : 0,
        "iops_max" : 0,
        "iops_mean" : 0.000000,
        "iops_stddev" : 0.000000,
        "iops_samples" : 0
      },
      "sync" : {
        "total_ios" : 1123378,
        "lat_ns" : {
          "min" : 700,
          "max" : 92101,
          "mean" : 1063.372362,
          "stddev" : 1552.686094,
          "N" : 1123378,
          "percentile" : {
            "1.000000" : 804,
            "5.000000" : 804,
            "10.000000" : 804,
            "20.000000" : 900,
            "30.000000" : 900,
            "40.000000" : 900,
            "50.000000" : 900,
            "60.000000" : 900,
            "70.000000" : 1004,
            "80.000000" : 1004,
            "90.000000" : 1208,
            "95.000000" : 1496,
            "99.000000" : 2704,
            "99.500000" : 2896,
            "99.900000" : 33536,
            "99.950000" : 35584,
            "99.990000" : 55552
          }
        }
      },
      "job_runtime" : 120000,
      "usr_cpu" : 4.766667,
      "sys_cpu" : 20.266667,
      "ctx" : 1123294,
      "majf" : 0,
      "minf" : 146,
      "iodepth_level" : {
        "1" : 199.999733,
        "2" : 0.000000,
        "4" : 0.000000,
        "8" : 0.000000,
        "16" : 0.000000,
        "32" : 0.000000,
        ">=64" : 0.000000
      },
      "iodepth_submit" : {
        "0" : 0.000000,
        "4" : 100.000000,
        "8" : 0.000000,
        "16" : 0.000000,
        "32" : 0.000000,
        "64" : 0.000000,
        ">=64" : 0.000000
      },
      "iodepth_complete" : {
        "0" : 0.000000,
        "4" : 100.000000,
        "8" : 0.000000,
        "16" : 0.000000,
        "32" : 0.000000,
        "64" : 0.000000,
        ">=64" : 0.000000
      },
      "latency_ns" : {
        "2" : 0.000000,
        "4" : 0.000000,
        "10" : 0.000000,
        "20" : 0.000000,
        "50" : 0.000000,
        "100" : 0.000000,
        "250" : 0.000000,
        "500" : 0.000000,
        "750" : 0.000000,
        "1000" : 0.000000
      },
      "latency_us" : {
        "2" : 0.000000,
        "4" : 0.000000,
        "10" : 0.000000,
        "20" : 0.000000,
        "50" : 0.010000,
        "100" : 46.363344,
        "250" : 53.428534,
        "500" : 0.127739,
        "750" : 0.023857,
        "1000" : 0.022699
      },
      "latency_ms" : {
        "2" : 0.024747,
        "4" : 0.010000,
        "10" : 0.010000,
        "20" : 0.010000,
        "50" : 0.010000,
        "100" : 0.000000,
        "250" : 0.000000,
        "500" : 0.000000,
        "750" : 0.000000,
        "1000" : 0.000000,
        "2000" : 0.000000,
        ">=2000" : 0.000000
      },
      "latency_depth" : 1,
      "latency_target" : 0,
      "latency_percentile" : 100.000000,
      "latency_window" : 0
    }
  ],
  "disk_util" : [
    {
      "name" : "sdb",
      "read_ios" : 59,
      "write_ios" : 3337924,
      "read_sectors" : 4168,
      "write_sectors" : 26703392,
      "read_merges" : 0,
      "write_merges" : 0,
      "read_ticks" : 9,
      "write_ticks" : 269077,
      "in_queue" : 269086,
      "util" : 71.605775
    }
  ]
}
