{
  "fio version" : "fio-3.36",
  "timestamp" : 1732316523,
  "timestamp_ms" : 1732316523506,
  "time" : "Fri Nov 22 23:02:03 2024",
  "jobs" : [
    {
      "jobname" : "seq_read_direct0_fsync0",
      "groupid" : 0,
      "job_start" : 1732316493494,
      "error" : 0,
      "eta" : 0,
      "elapsed" : 91,
      "job options" : {
        "name" : "seq_read_direct0_fsync0",
        "rw" : "read",
        "direct" : "0",
        "bs" : "4k",
        "runtime" : "30",
        "ramp_time" : "60",
        "filename" : "/dev/sdb1",
        "iodepth" : "1",
        "numjobs" : "1"
      },
      "read" : {
        "io_bytes" : 30334255104,
        "io_kbytes" : 29623296,
        "bw_bytes" : 1011108133,
        "bw" : 987410,
        "iops" : 246852.571581,
        "runtime" : 30001,
        "total_ios" : 7405824,
        "short_ios" : 0,
        "drop_ios" : 0,
        "slat_ns" : {
          "min" : 0,
          "max" : 0,
          "mean" : 0.000000,
          "stddev" : 0.000000,
          "N" : 0
        },
        "clat_ns" : {
          "min" : 700,
          "max" : 48428899,
          "mean" : 3813.669862,
          "stddev" : 43251.115779,
          "N" : 7405824,
          "percentile" : {
            "1.000000" : 700,
            "5.000000" : 700,
            "10.000000" : 700,
            "20.000000" : 700,
            "30.000000" : 804,
            "40.000000" : 804,
            "50.000000" : 804,
            "60.000000" : 804,
            "70.000000" : 804,
            "80.000000" : 804,
            "90.000000" : 804,
            "95.000000" : 1004,
            "99.000000" : 91648,
            "99.500000" : 177152,
            "99.900000" : 464896,
            "99.950000" : 626688,
            "99.990000" : 1073152
          }
        },
        "lat_ns" : {
          "min" : 700,
          "max" : 48428999,
          "mean" : 3862.690208,
          "stddev" : 43251.606857,
          "N" : 7405824
        },
        "bw_min" : 885482,
        "bw_max" : 1181370,
        "bw_agg" : 100.000000,
        "bw_mean" : 988315.050000,
        "bw_dev" : 53753.966344,
        "bw_samples" : 60,
        "iops_min" : 221370,
        "iops_max" : 295342,
        "iops_mean" : 247078.766667,
        "iops_stddev" : 13438.486365,
        "iops_samples" : 60
      },
      "write" : {
        "io_bytes" : 0,
        "io_kbytes" : 0,
        "bw_bytes" : 0,
        "bw" : 0,
        "iops" : 0.000000,
        "runtime" : 0,
        "total_ios" : 0,
        "short_ios" : 0,
        "drop_ios" : 0,
        "slat_ns" : {
          "min" : 0,
          "max" : 0,
          "mean" : 0.000000,
          "stddev" : 0.000000,
          "N" : 0
        },
        "clat_ns" : {
          "min" : 0,
          "max" : 0,
          "mean" : 0.000000,
          "stddev" : 0.000000,
          "N" : 0
        },
        "lat_ns" : {
          "min" : 0,
          "max" : 0,
          "mean" : 0.000000,
          "stddev" : 0.000000,
          "N" : 0
        },
        "bw_min" : 0,
        "bw_max" : 0,
        "bw_agg" : 0.000000,
        "bw_mean" : 0.000000,
        "bw_dev" : 0.000000,
        "bw_samples" : 0,
        "iops_min" : 0,
        "iops_max" : 0,
        "iops_mean" : 0.000000,
        "iops_stddev" : 0.000000,
        "iops_samples" : 0
      },
      "trim" : {
        "io_bytes" : 0,
        "io_kbytes" : 0,
        "bw_bytes" : 0,
        "bw" : 0,
        "iops" : 0.000000,
        "runtime" : 0,
        "total_ios" : 0,
        "short_ios" : 0,
        "drop_ios" : 0,
        "slat_ns" : {
          "min" : 0,
          "max" : 0,
          "mean" : 0.000000,
          "stddev" : 0.000000,
          "N" : 0
        },
        "clat_ns" : {
          "min" : 0,
          "max" : 0,
          "mean" : 0.000000,
          "stddev" : 0.000000,
          "N" : 0
        },
        "lat_ns" : {
          "min" : 0,
          "max" : 0,
          "mean" : 0.000000,
          "stddev" : 0.000000,
          "N" : 0
        },
        "bw_min" : 0,
        "bw_max" : 0,
        "bw_agg" : 0.000000,
        "bw_mean" : 0.000000,
        "bw_dev" : 0.000000,
        "bw_samples" : 0,
        "iops_min" : 0,
        "iops_max" : 0,
        "iops_mean" : 0.000000,
        "iops_stddev" : 0.000000,
        "iops_samples" : 0
      },
      "sync" : {
        "total_ios" : 0,
        "lat_ns" : {
          "min" : 0,
          "max" : 0,
          "mean" : 0.000000,
          "stddev" : 0.000000,
          "N" : 0
        }
      },
      "job_runtime" : 30000,
      "usr_cpu" : 10.563333,
      "sys_cpu" : 55.163333,
      "ctx" : 48651,
      "majf" : 0,
      "minf" : 37,
      "iodepth_level" : {
        "1" : 100.000000,
        "2" : 0.000000,
        "4" : 0.000000,
        "8" : 0.000000,
        "16" : 0.000000,
        "32" : 0.000000,
        ">=64" : 0.000000
      },
      "iodepth_submit" : {
        "0" : 0.000000,
        "4" : 100.000000,
        "8" : 0.000000,
        "16" : 0.000000,
        "32" : 0.000000,
        "64" : 0.000000,
        ">=64" : 0.000000
      },
      "iodepth_complete" : {
        "0" : 0.000000,
        "4" : 100.000000,
        "8" : 0.000000,
        "16" : 0.000000,
        "32" : 0.000000,
        "64" : 0.000000,
        ">=64" : 0.000000
      },
      "latency_ns" : {
        "2" : 0.000000,
        "4" : 0.000000,
        "10" : 0.000000,
        "20" : 0.000000,
        "50" : 0.000000,
        "100" : 0.000000,
        "250" : 0.000000,
        "500" : 0.000000,
        "750" : 21.457882,
        "1000" : 72.845236
      },
      "latency_us" : {
        "2" : 3.859557,
        "4" : 0.185719,
        "10" : 0.010000,
        "20" : 0.010000,
        "50" : 0.079478,
        "100" : 0.655606,
        "250" : 0.593884,
        "500" : 0.227996,
        "750" : 0.056172,
        "1000" : 0.018013
      },
      "latency_ms" : {
        "2" : 0.010000,
        "4" : 0.010000,
        "10" : 0.010000,
        "20" : 0.010000,
        "50" : 0.010000,
        "100" : 0.000000,
        "250" : 0.000000,
        "500" : 0.000000,
        "750" : 0.000000,
        "1000" : 0.000000,
        "2000" : 0.000000,
        ">=2000" : 0.000000
      },
      "latency_depth" : 1,
      "latency_target" : 0,
      "latency_percentile" : 100.000000,
      "latency_window" : 0
    }
  ],
  "disk_util" : [
    {
      "name" : "sdb",
      "read_ios" : 712220,
      "write_ios" : 0,
      "read_sectors" : 182327776,
      "write_sectors" : 0,
      "read_merges" : 0,
      "write_merges" : 0,
      "read_ticks" : 205118,
      "write_ticks" : 0,
      "in_queue" : 205118,
      "util" : 53.947325
    }
  ]
}
