{
  "fio version" : "fio-3.36",
  "timestamp" : 1732585083,
  "timestamp_ms" : 1732585083438,
  "time" : "Tue Nov 26 01:38:03 2024",
  "jobs" : [
    {
      "jobname" : "seq_write_direct1_fsync0",
      "groupid" : 0,
      "job_start" : 1732585053427,
      "error" : 0,
      "eta" : 0,
      "elapsed" : 91,
      "job options" : {
        "name" : "seq_write_direct1_fsync0",
        "rw" : "write",
        "direct" : "1",
        "bs" : "4k",
        "runtime" : "30",
        "ramp_time" : "60",
        "filename" : "/dev/sdb1",
        "iodepth" : "1",
        "numjobs" : "1"
      },
      "read" : {
        "io_bytes" : 0,
        "io_kbytes" : 0,
        "bw_bytes" : 0,
        "bw" : 0,
        "iops" : 0.000000,
        "runtime" : 0,
        "total_ios" : 0,
        "short_ios" : 0,
        "drop_ios" : 0,
        "slat_ns" : {
          "min" : 0,
          "max" : 0,
          "mean" : 0.000000,
          "stddev" : 0.000000,
          "N" : 0
        },
        "clat_ns" : {
          "min" : 0,
          "max" : 0,
          "mean" : 0.000000,
          "stddev" : 0.000000,
          "N" : 0
        },
        "lat_ns" : {
          "min" : 0,
          "max" : 0,
          "mean" : 0.000000,
          "stddev" : 0.000000,
          "N" : 0
        },
        "bw_min" : 0,
        "bw_max" : 0,
        "bw_agg" : 0.000000,
        "bw_mean" : 0.000000,
        "bw_dev" : 0.000000,
        "bw_samples" : 0,
        "iops_min" : 0,
        "iops_max" : 0,
        "iops_mean" : 0.000000,
        "iops_stddev" : 0.000000,
        "iops_samples" : 0
      },
      "write" : {
        "io_bytes" : 1145802752,
        "io_kbytes" : 1118948,
        "bw_bytes" : 38192151,
        "bw" : 37297,
        "iops" : 9324.255858,
        "runtime" : 30001,
        "total_ios" : 279737,
        "short_ios" : 0,
        "drop_ios" : 0,
        "slat_ns" : {
          "min" : 0,
          "max" : 0,
          "mean" : 0.000000,
          "stddev" : 0.000000,
          "N" : 0
        },
        "clat_ns" : {
          "min" : 57301,
          "max" : 19677631,
          "mean" : 106644.592835,
          "stddev" : 60366.591780,
          "N" : 279737,
          "percentile" : {
            "1.000000" : 82432,
            "5.000000" : 89600,
            "10.000000" : 92672,
            "20.000000" : 94720,
            "30.000000" : 98816,
            "40.000000" : 100864,
            "50.000000" : 102912,
            "60.000000" : 105984,
            "70.000000" : 111104,
            "80.000000" : 113152,
            "90.000000" : 118272,
            "95.000000" : 128512,
            "99.000000" : 154624,
            "99.500000" : 179200,
            "99.900000" : 411648,
            "99.950000" : 765952,
            "99.990000" : 1630208
          }
        },
        "lat_ns" : {
          "min" : 57401,
          "max" : 19677731,
          "mean" : 106736.508199,
          "stddev" : 60369.808761,
          "N" : 279737
        },
        "bw_min" : 32968,
        "bw_max" : 42360,
        "bw_agg" : 100.000000,
        "bw_mean" : 37319.466667,
        "bw_dev" : 2685.592410,
        "bw_samples" : 60,
        "iops_min" : 8242,
        "iops_max" : 10590,
        "iops_mean" : 9329.800000,
        "iops_stddev" : 671.418402,
        "iops_samples" : 60
      },
      "trim" : {
        "io_bytes" : 0,
        "io_kbytes" : 0,
        "bw_bytes" : 0,
        "bw" : 0,
        "iops" : 0.000000,
        "runtime" : 0,
        "total_ios" : 0,
        "short_ios" : 0,
        "drop_ios" : 0,
        "slat_ns" : {
          "min" : 0,
          "max" : 0,
          "mean" : 0.000000,
          "stddev" : 0.000000,
          "N" : 0
        },
        "clat_ns" : {
          "min" : 0,
          "max" : 0,
          "mean" : 0.000000,
          "stddev" : 0.000000,
          "N" : 0
        },
        "lat_ns" : {
          "min" : 0,
          "max" : 0,
          "mean" : 0.000000,
          "stddev" : 0.000000,
          "N" : 0
        },
        "bw_min" : 0,
        "bw_max" : 0,
        "bw_agg" : 0.000000,
        "bw_mean" : 0.000000,
        "bw_dev" : 0.000000,
        "bw_samples" : 0,
        "iops_min" : 0,
        "iops_max" : 0,
        "iops_mean" : 0.000000,
        "iops_stddev" : 0.000000,
        "iops_samples" : 0
      },
      "sync" : {
        "total_ios" : 0,
        "lat_ns" : {
          "min" : 0,
          "max" : 0,
          "mean" : 0.000000,
          "stddev" : 0.000000,
          "N" : 0
        }
      },
      "job_runtime" : 30000,
      "usr_cpu" : 3.646667,
      "sys_cpu" : 21.376667,
      "ctx" : 279738,
      "majf" : 0,
      "minf" : 37,
      "iodepth_level" : {
        "1" : 100.000000,
        "2" : 0.000000,
        "4" : 0.000000,
        "8" : 0.000000,
        "16" : 0.000000,
        "32" : 0.000000,
        ">=64" : 0.000000
      },
      "iodepth_submit" : {
        "0" : 0.000000,
        "4" : 100.000000,
        "8" : 0.000000,
        "16" : 0.000000,
        "32" : 0.000000,
        "64" : 0.000000,
        ">=64" : 0.000000
      },
      "iodepth_complete" : {
        "0" : 0.000000,
        "4" : 100.000000,
        "8" : 0.000000,
        "16" : 0.000000,
        "32" : 0.000000,
        "64" : 0.000000,
        ">=64" : 0.000000
      },
      "latency_ns" : {
        "2" : 0.000000,
        "4" : 0.000000,
        "10" : 0.000000,
        "20" : 0.000000,
        "50" : 0.000000,
        "100" : 0.000000,
        "250" : 0.000000,
        "500" : 0.000000,
        "750" : 0.000000,
        "1000" : 0.000000
      },
      "latency_us" : {
        "2" : 0.000000,
        "4" : 0.000000,
        "10" : 0.000000,
        "20" : 0.000000,
        "50" : 0.000000,
        "100" : 34.691514,
        "250" : 65.104366,
        "500" : 0.127262,
        "750" : 0.026453,
        "1000" : 0.023594
      },
      "latency_ms" : {
        "2" : 0.018946,
        "4" : 0.010000,
        "10" : 0.010000,
        "20" : 0.010000,
        "50" : 0.000000,
        "100" : 0.000000,
        "250" : 0.000000,
        "500" : 0.000000,
        "750" : 0.000000,
        "1000" : 0.000000,
        "2000" : 0.000000,
        ">=2000" : 0.000000
      },
      "latency_depth" : 1,
      "latency_target" : 0,
      "latency_percentile" : 100.000000,
      "latency_window" : 0
    }
  ],
  "disk_util" : [
    {
      "name" : "sdb",
      "read_ios" : 59,
      "write_ios" : 838117,
      "read_sectors" : 4168,
      "write_sectors" : 6704936,
      "read_merges" : 0,
      "write_merges" : 0,
      "read_ticks" : 9,
      "write_ticks" : 67543,
      "in_queue" : 67552,
      "util" : 66.468622
    }
  ]
}
