{
  "fio version" : "fio-3.36",
  "timestamp" : 1732585444,
  "timestamp_ms" : 1732585444360,
  "time" : "Tue Nov 26 01:44:04 2024",
  "jobs" : [
    {
      "jobname" : "seq_write_direct1_fsync0",
      "groupid" : 0,
      "job_start" : 1732585414343,
      "error" : 0,
      "eta" : 0,
      "elapsed" : 91,
      "job options" : {
        "name" : "seq_write_direct1_fsync0",
        "rw" : "write",
        "direct" : "1",
        "bs" : "4k",
        "runtime" : "30",
        "ramp_time" : "60",
        "filename" : "/dev/sdb1",
        "iodepth" : "1",
        "numjobs" : "16"
      },
      "read" : {
        "io_bytes" : 0,
        "io_kbytes" : 0,
        "bw_bytes" : 0,
        "bw" : 0,
        "iops" : 0.000000,
        "runtime" : 0,
        "total_ios" : 0,
        "short_ios" : 0,
        "drop_ios" : 0,
        "slat_ns" : {
          "min" : 0,
          "max" : 0,
          "mean" : 0.000000,
          "stddev" : 0.000000,
          "N" : 0
        },
        "clat_ns" : {
          "min" : 0,
          "max" : 0,
          "mean" : 0.000000,
          "stddev" : 0.000000,
          "N" : 0
        },
        "lat_ns" : {
          "min" : 0,
          "max" : 0,
          "mean" : 0.000000,
          "stddev" : 0.000000,
          "N" : 0
        },
        "bw_min" : 0,
        "bw_max" : 0,
        "bw_agg" : 0.000000,
        "bw_mean" : 0.000000,
        "bw_dev" : 0.000000,
        "bw_samples" : 0,
        "iops_min" : 0,
        "iops_max" : 0,
        "iops_mean" : 0.000000,
        "iops_stddev" : 0.000000,
        "iops_samples" : 0
      },
      "write" : {
        "io_bytes" : 9402748928,
        "io_kbytes" : 9182372,
        "bw_bytes" : 313414517,
        "bw" : 306068,
        "iops" : 76517.216093,
        "runtime" : 30001,
        "total_ios" : 2295593,
        "short_ios" : 0,
        "drop_ios" : 0,
        "slat_ns" : {
          "min" : 0,
          "max" : 0,
          "mean" : 0.000000,
          "stddev" : 0.000000,
          "N" : 0
        },
        "clat_ns" : {
          "min" : 38801,
          "max" : 32638490,
          "mean" : 207624.205751,
          "stddev" : 1110494.774268,
          "N" : 2295593,
          "percentile" : {
            "1.000000" : 78336,
            "5.000000" : 88576,
            "10.000000" : 93696,
            "20.000000" : 101888,
            "30.000000" : 109056,
            "40.000000" : 115200,
            "50.000000" : 123392,
            "60.000000" : 132096,
            "70.000000" : 144384,
            "80.000000" : 162816,
            "90.000000" : 201728,
            "95.000000" : 244736,
            "99.000000" : 428032,
            "99.500000" : 815104,
            "99.900000" : 16056320,
            "99.950000" : 22937600,
            "99.990000" : 31064064
          }
        },
        "lat_ns" : {
          "min" : 38901,
          "max" : 32638690,
          "mean" : 207870.072302,
          "stddev" : 1110506.481364,
          "N" : 2295593
        },
        "bw_min" : 244524,
        "bw_max" : 364214,
        "bw_agg" : 100.000000,
        "bw_mean" : 306332.478249,
        "bw_dev" : 1694.480153,
        "bw_samples" : 949,
        "iops_min" : 61129,
        "iops_max" : 91052,
        "iops_mean" : 76581.116949,
        "iops_stddev" : 423.620407,
        "iops_samples" : 949
      },
      "trim" : {
        "io_bytes" : 0,
        "io_kbytes" : 0,
        "bw_bytes" : 0,
        "bw" : 0,
        "iops" : 0.000000,
        "runtime" : 0,
        "total_ios" : 0,
        "short_ios" : 0,
        "drop_ios" : 0,
        "slat_ns" : {
          "min" : 0,
          "max" : 0,
          "mean" : 0.000000,
          "stddev" : 0.000000,
          "N" : 0
        },
        "clat_ns" : {
          "min" : 0,
          "max" : 0,
          "mean" : 0.000000,
          "stddev" : 0.000000,
          "N" : 0
        },
        "lat_ns" : {
          "min" : 0,
          "max" : 0,
          "mean" : 0.000000,
          "stddev" : 0.000000,
          "N" : 0
        },
        "bw_min" : 0,
        "bw_max" : 0,
        "bw_agg" : 0.000000,
        "bw_mean" : 0.000000,
        "bw_dev" : 0.000000,
        "bw_samples" : 0,
        "iops_min" : 0,
        "iops_max" : 0,
        "iops_mean" : 0.000000,
        "iops_stddev" : 0.000000,
        "iops_samples" : 0
      },
      "sync" : {
        "total_ios" : 0,
        "lat_ns" : {
          "min" : 0,
          "max" : 0,
          "mean" : 0.000000,
          "stddev" : 0.000000,
          "N" : 0
        }
      },
      "job_runtime" : 480000,
      "usr_cpu" : 2.355625,
      "sys_cpu" : 17.371667,
      "ctx" : 2291014,
      "majf" : 0,
      "minf" : 582,
      "iodepth_level" : {
        "1" : 100.000000,
        "2" : 0.000000,
        "4" : 0.000000,
        "8" : 0.000000,
        "16" : 0.000000,
        "32" : 0.000000,
        ">=64" : 0.000000
      },
      "iodepth_submit" : {
        "0" : 0.000000,
        "4" : 100.000000,
        "8" : 0.000000,
        "16" : 0.000000,
        "32" : 0.000000,
        "64" : 0.000000,
        ">=64" : 0.000000
      },
      "iodepth_complete" : {
        "0" : 0.000000,
        "4" : 100.000000,
        "8" : 0.000000,
        "16" : 0.000000,
        "32" : 0.000000,
        "64" : 0.000000,
        ">=64" : 0.000000
      },
      "latency_ns" : {
        "2" : 0.000000,
        "4" : 0.000000,
        "10" : 0.000000,
        "20" : 0.000000,
        "50" : 0.000000,
        "100" : 0.000000,
        "250" : 0.000000,
        "500" : 0.000000,
        "750" : 0.000000,
        "1000" : 0.000000
      },
      "latency_us" : {
        "2" : 0.000000,
        "4" : 0.000000,
        "10" : 0.000000,
        "20" : 0.000000,
        "50" : 0.010000,
        "100" : 17.282855,
        "250" : 78.017706,
        "500" : 3.971131,
        "750" : 0.213060,
        "1000" : 0.044651
      },
      "latency_ms" : {
        "2" : 0.042124,
        "4" : 0.010000,
        "10" : 0.019951,
        "20" : 0.334249,
        "50" : 0.065691,
        "100" : 0.000000,
        "250" : 0.000000,
        "500" : 0.000000,
        "750" : 0.000000,
        "1000" : 0.000000,
        "2000" : 0.000000,
        ">=2000" : 0.000000
      },
      "latency_depth" : 1,
      "latency_target" : 0,
      "latency_percentile" : 100.000000,
      "latency_window" : 0
    }
  ],
  "disk_util" : [
    {
      "name" : "sdb",
      "read_ios" : 118,
      "write_ios" : 6886075,
      "read_sectors" : 8336,
      "write_sectors" : 55088600,
      "read_merges" : 0,
      "write_merges" : 0,
      "read_ticks" : 19,
      "write_ticks" : 1156262,
      "in_queue" : 1156281,
      "util" : 88.270179
    }
  ]
}
