{
  "fio version" : "fio-3.36",
  "timestamp" : 1732585897,
  "timestamp_ms" : 1732585897520,
  "time" : "Tue Nov 26 01:51:37 2024",
  "jobs" : [
    {
      "jobname" : "seq_write_direct0_fsync1",
      "groupid" : 0,
      "job_start" : 1732585867336,
      "error" : 0,
      "eta" : 0,
      "elapsed" : 91,
      "job options" : {
        "name" : "seq_write_direct0_fsync1",
        "rw" : "write",
        "direct" : "0",
        "bs" : "4k",
        "runtime" : "30",
        "ramp_time" : "60",
        "filename" : "/dev/sdb1",
        "iodepth" : "1",
        "numjobs" : "16",
        "fsync" : "1"
      },
      "read" : {
        "io_bytes" : 0,
        "io_kbytes" : 0,
        "bw_bytes" : 0,
        "bw" : 0,
        "iops" : 0.000000,
        "runtime" : 0,
        "total_ios" : 0,
        "short_ios" : 0,
        "drop_ios" : 0,
        "slat_ns" : {
          "min" : 0,
          "max" : 0,
          "mean" : 0.000000,
          "stddev" : 0.000000,
          "N" : 0
        },
        "clat_ns" : {
          "min" : 0,
          "max" : 0,
          "mean" : 0.000000,
          "stddev" : 0.000000,
          "N" : 0
        },
        "lat_ns" : {
          "min" : 0,
          "max" : 0,
          "mean" : 0.000000,
          "stddev" : 0.000000,
          "N" : 0
        },
        "bw_min" : 0,
        "bw_max" : 0,
        "bw_agg" : 0.000000,
        "bw_mean" : 0.000000,
        "bw_dev" : 0.000000,
        "bw_samples" : 0,
        "iops_min" : 0,
        "iops_max" : 0,
        "iops_mean" : 0.000000,
        "iops_stddev" : 0.000000,
        "iops_samples" : 0
      },
      "write" : {
        "io_bytes" : 5310955520,
        "io_kbytes" : 5186480,
        "bw_bytes" : 177025949,
        "bw" : 172876,
        "iops" : 43219.226026,
        "runtime" : 30001,
        "total_ios" : 1296620,
        "short_ios" : 0,
        "drop_ios" : 0,
        "slat_ns" : {
          "min" : 0,
          "max" : 0,
          "mean" : 0.000000,
          "stddev" : 0.000000,
          "N" : 0
        },
        "clat_ns" : {
          "min" : 1800,
          "max" : 3288838,
          "mean" : 4566.372144,
          "stddev" : 21436.610242,
          "N" : 1296620,
          "percentile" : {
            "1.000000" : 2416,
            "5.000000" : 2512,
            "10.000000" : 2608,
            "20.000000" : 2704,
            "30.000000" : 2896,
            "40.000000" : 2992,
            "50.000000" : 3216,
            "60.000000" : 3600,
            "70.000000" : 4512,
            "80.000000" : 5408,
            "90.000000" : 6304,
            "95.000000" : 7072,
            "99.000000" : 20096,
            "99.500000" : 37120,
            "99.900000" : 80384,
            "99.950000" : 121344,
            "99.990000" : 708608
          }
        },
        "lat_ns" : {
          "min" : 1900,
          "max" : 3289038,
          "mean" : 4768.350256,
          "stddev" : 22055.070395,
          "N" : 1296620
        },
        "bw_min" : 56304,
        "bw_max" : 201429,
        "bw_agg" : 100.000000,
        "bw_mean" : 173009.250282,
        "bw_dev" : 1269.876006,
        "bw_samples" : 946,
        "iops_min" : 14076,
        "iops_max" : 50356,
        "iops_mean" : 43249.995198,
        "iops_stddev" : 317.453888,
        "iops_samples" : 946
      },
      "trim" : {
        "io_bytes" : 0,
        "io_kbytes" : 0,
        "bw_bytes" : 0,
        "bw" : 0,
        "iops" : 0.000000,
        "runtime" : 0,
        "total_ios" : 0,
        "short_ios" : 0,
        "drop_ios" : 0,
        "slat_ns" : {
          "min" : 0,
          "max" : 0,
          "mean" : 0.000000,
          "stddev" : 0.000000,
          "N" : 0
        },
        "clat_ns" : {
          "min" : 0,
          "max" : 0,
          "mean" : 0.000000,
          "stddev" : 0.000000,
          "N" : 0
        },
        "lat_ns" : {
          "min" : 0,
          "max" : 0,
          "mean" : 0.000000,
          "stddev" : 0.000000,
          "N" : 0
        },
        "bw_min" : 0,
        "bw_max" : 0,
        "bw_agg" : 0.000000,
        "bw_mean" : 0.000000,
        "bw_dev" : 0.000000,
        "bw_samples" : 0,
        "iops_min" : 0,
        "iops_max" : 0,
        "iops_mean" : 0.000000,
        "iops_stddev" : 0.000000,
        "iops_samples" : 0
      },
      "sync" : {
        "total_ios" : 1296620,
        "lat_ns" : {
          "min" : 44101,
          "max" : 344714783,
          "mean" : 363847.770836,
          "stddev" : 1087354.829626,
          "N" : 1296620,
          "percentile" : {
            "1.000000" : 119296,
            "5.000000" : 154624,
            "10.000000" : 183296,
            "20.000000" : 224256,
            "30.000000" : 264192,
            "40.000000" : 301056,
            "50.000000" : 329728,
            "60.000000" : 358400,
            "70.000000" : 391168,
            "80.000000" : 428032,
            "90.000000" : 489472,
            "95.000000" : 544768,
            "99.000000" : 929792,
            "99.500000" : 1597440,
            "99.900000" : 6389760,
            "99.950000" : 8716288,
            "99.990000" : 32374784
          }
        }
      },
      "job_runtime" : 480000,
      "usr_cpu" : 2.129583,
      "sys_cpu" : 15.112083,
      "ctx" : 2518290,
      "majf" : 0,
      "minf" : 582,
      "iodepth_level" : {
        "1" : 200.000000,
        "2" : 0.000000,
        "4" : 0.000000,
        "8" : 0.000000,
        "16" : 0.000000,
        "32" : 0.000000,
        ">=64" : 0.000000
      },
      "iodepth_submit" : {
        "0" : 0.000000,
        "4" : 100.000000,
        "8" : 0.000000,
        "16" : 0.000000,
        "32" : 0.000000,
        "64" : 0.000000,
        ">=64" : 0.000000
      },
      "iodepth_complete" : {
        "0" : 0.000000,
        "4" : 100.000000,
        "8" : 0.000000,
        "16" : 0.000000,
        "32" : 0.000000,
        "64" : 0.000000,
        ">=64" : 0.000000
      },
      "latency_ns" : {
        "2" : 0.000000,
        "4" : 0.000000,
        "10" : 0.000000,
        "20" : 0.000000,
        "50" : 0.000000,
        "100" : 0.000000,
        "250" : 0.000000,
        "500" : 0.000000,
        "750" : 0.000000,
        "1000" : 0.000000
      },
      "latency_us" : {
        "2" : 0.010000,
        "4" : 65.399115,
        "10" : 32.669248,
        "20" : 0.924943,
        "50" : 0.769308,
        "100" : 0.166510,
        "250" : 0.048511,
        "500" : 0.010000,
        "750" : 0.010000,
        "1000" : 0.010000
      },
      "latency_ms" : {
        "2" : 0.010000,
        "4" : 0.010000,
        "10" : 0.000000,
        "20" : 0.000000,
        "50" : 0.000000,
        "100" : 0.000000,
        "250" : 0.000000,
        "500" : 0.000000,
        "750" : 0.000000,
        "1000" : 0.000000,
        "2000" : 0.000000,
        ">=2000" : 0.000000
      },
      "latency_depth" : 1,
      "latency_target" : 0,
      "latency_percentile" : 100.000000,
      "latency_window" : 0
    }
  ],
  "disk_util" : [
    {
      "name" : "sdb",
      "read_ios" : 118,
      "write_ios" : 3990031,
      "read_sectors" : 8336,
      "write_sectors" : 31926904,
      "read_merges" : 0,
      "write_merges" : 832,
      "read_ticks" : 18,
      "write_ticks" : 693477,
      "in_queue" : 693495,
      "util" : 66.702942
    }
  ]
}
