{
  "fio version" : "fio-3.36",
  "timestamp" : 1732585807,
  "timestamp_ms" : 1732585807115,
  "time" : "Tue Nov 26 01:50:07 2024",
  "jobs" : [
    {
      "jobname" : "seq_write_direct0_fsync1",
      "groupid" : 0,
      "job_start" : 1732585776735,
      "error" : 0,
      "eta" : 0,
      "elapsed" : 91,
      "job options" : {
        "name" : "seq_write_direct0_fsync1",
        "rw" : "write",
        "direct" : "0",
        "bs" : "4k",
        "runtime" : "30",
        "ramp_time" : "60",
        "filename" : "/dev/sdb1",
        "iodepth" : "1",
        "numjobs" : "8",
        "fsync" : "1"
      },
      "read" : {
        "io_bytes" : 0,
        "io_kbytes" : 0,
        "bw_bytes" : 0,
        "bw" : 0,
        "iops" : 0.000000,
        "runtime" : 0,
        "total_ios" : 0,
        "short_ios" : 0,
        "drop_ios" : 0,
        "slat_ns" : {
          "min" : 0,
          "max" : 0,
          "mean" : 0.000000,
          "stddev" : 0.000000,
          "N" : 0
        },
        "clat_ns" : {
          "min" : 0,
          "max" : 0,
          "mean" : 0.000000,
          "stddev" : 0.000000,
          "N" : 0
        },
        "lat_ns" : {
          "min" : 0,
          "max" : 0,
          "mean" : 0.000000,
          "stddev" : 0.000000,
          "N" : 0
        },
        "bw_min" : 0,
        "bw_max" : 0,
        "bw_agg" : 0.000000,
        "bw_mean" : 0.000000,
        "bw_dev" : 0.000000,
        "bw_samples" : 0,
        "iops_min" : 0,
        "iops_max" : 0,
        "iops_mean" : 0.000000,
        "iops_stddev" : 0.000000,
        "iops_samples" : 0
      },
      "write" : {
        "io_bytes" : 5887078400,
        "io_kbytes" : 5749100,
        "bw_bytes" : 196229405,
        "bw" : 191630,
        "iops" : 47907.569748,
        "runtime" : 30001,
        "total_ios" : 1437275,
        "short_ios" : 0,
        "drop_ios" : 0,
        "slat_ns" : {
          "min" : 0,
          "max" : 0,
          "mean" : 0.000000,
          "stddev" : 0.000000,
          "N" : 0
        },
        "clat_ns" : {
          "min" : 1900,
          "max" : 3246940,
          "mean" : 4509.713028,
          "stddev" : 15388.870997,
          "N" : 1437275,
          "percentile" : {
            "1.000000" : 2416,
            "5.000000" : 2512,
            "10.000000" : 2512,
            "20.000000" : 2608,
            "30.000000" : 2704,
            "40.000000" : 2800,
            "50.000000" : 2992,
            "60.000000" : 3408,
            "70.000000" : 4128,
            "80.000000" : 5024,
            "90.000000" : 5920,
            "95.000000" : 6880,
            "99.000000" : 22656,
            "99.500000" : 44800,
            "99.900000" : 140288,
            "99.950000" : 222208,
            "99.990000" : 610304
          }
        },
        "lat_ns" : {
          "min" : 2000,
          "max" : 3247040,
          "mean" : 4716.605627,
          "stddev" : 15563.012682,
          "N" : 1437275
        },
        "bw_min" : 157895,
        "bw_max" : 218909,
        "bw_agg" : 100.000000,
        "bw_mean" : 191753.666667,
        "bw_dev" : 1644.384344,
        "bw_samples" : 480,
        "iops_min" : 39473,
        "iops_max" : 54725,
        "iops_mean" : 47937.350000,
        "iops_stddev" : 411.082408,
        "iops_samples" : 480
      },
      "trim" : {
        "io_bytes" : 0,
        "io_kbytes" : 0,
        "bw_bytes" : 0,
        "bw" : 0,
        "iops" : 0.000000,
        "runtime" : 0,
        "total_ios" : 0,
        "short_ios" : 0,
        "drop_ios" : 0,
        "slat_ns" : {
          "min" : 0,
          "max" : 0,
          "mean" : 0.000000,
          "stddev" : 0.000000,
          "N" : 0
        },
        "clat_ns" : {
          "min" : 0,
          "max" : 0,
          "mean" : 0.000000,
          "stddev" : 0.000000,
          "N" : 0
        },
        "lat_ns" : {
          "min" : 0,
          "max" : 0,
          "mean" : 0.000000,
          "stddev" : 0.000000,
          "N" : 0
        },
        "bw_min" : 0,
        "bw_max" : 0,
        "bw_agg" : 0.000000,
        "bw_mean" : 0.000000,
        "bw_dev" : 0.000000,
        "bw_samples" : 0,
        "iops_min" : 0,
        "iops_max" : 0,
        "iops_mean" : 0.000000,
        "iops_stddev" : 0.000000,
        "iops_samples" : 0
      },
      "sync" : {
        "total_ios" : 1437275,
        "lat_ns" : {
          "min" : 1300,
          "max" : 45615149,
          "mean" : 160763.160385,
          "stddev" : 215621.022760,
          "N" : 1437275,
          "percentile" : {
            "1.000000" : 75264,
            "5.000000" : 89600,
            "10.000000" : 98816,
            "20.000000" : 109056,
            "30.000000" : 118272,
            "40.000000" : 128512,
            "50.000000" : 140288,
            "60.000000" : 152576,
            "70.000000" : 171008,
            "80.000000" : 193536,
            "90.000000" : 230400,
            "95.000000" : 272384,
            "99.000000" : 436224,
            "99.500000" : 610304,
            "99.900000" : 1318912,
            "99.950000" : 1925120,
            "99.990000" : 4685824
          }
        }
      },
      "job_runtime" : 240000,
      "usr_cpu" : 3.534583,
      "sys_cpu" : 27.262500,
      "ctx" : 2012553,
      "majf" : 0,
      "minf" : 291,
      "iodepth_level" : {
        "1" : 200.000000,
        "2" : 0.000000,
        "4" : 0.000000,
        "8" : 0.000000,
        "16" : 0.000000,
        "32" : 0.000000,
        ">=64" : 0.000000
      },
      "iodepth_submit" : {
        "0" : 0.000000,
        "4" : 100.000000,
        "8" : 0.000000,
        "16" : 0.000000,
        "32" : 0.000000,
        "64" : 0.000000,
        ">=64" : 0.000000
      },
      "iodepth_complete" : {
        "0" : 0.000000,
        "4" : 100.000000,
        "8" : 0.000000,
        "16" : 0.000000,
        "32" : 0.000000,
        "64" : 0.000000,
        ">=64" : 0.000000
      },
      "latency_ns" : {
        "2" : 0.000000,
        "4" : 0.000000,
        "10" : 0.000000,
        "20" : 0.000000,
        "50" : 0.000000,
        "100" : 0.000000,
        "250" : 0.000000,
        "500" : 0.000000,
        "750" : 0.000000,
        "1000" : 0.000000
      },
      "latency_us" : {
        "2" : 0.010000,
        "4" : 67.932511,
        "10" : 30.254753,
        "20" : 0.745160,
        "50" : 0.630916,
        "100" : 0.260702,
        "250" : 0.133864,
        "500" : 0.028805,
        "750" : 0.010000,
        "1000" : 0.010000
      },
      "latency_ms" : {
        "2" : 0.010000,
        "4" : 0.010000,
        "10" : 0.000000,
        "20" : 0.000000,
        "50" : 0.000000,
        "100" : 0.000000,
        "250" : 0.000000,
        "500" : 0.000000,
        "750" : 0.000000,
        "1000" : 0.000000,
        "2000" : 0.000000,
        ">=2000" : 0.000000
      },
      "latency_depth" : 1,
      "latency_target" : 0,
      "latency_percentile" : 100.000000,
      "latency_window" : 0
    }
  ],
  "disk_util" : [
    {
      "name" : "sdb",
      "read_ios" : 59,
      "write_ios" : 4337704,
      "read_sectors" : 4168,
      "write_sectors" : 34703344,
      "read_merges" : 0,
      "write_merges" : 213,
      "read_ticks" : 9,
      "write_ticks" : 450603,
      "in_queue" : 450613,
      "util" : 71.308481
    }
  ]
}
