{
  "fio version" : "fio-3.36",
  "timestamp" : 1732584993,
  "timestamp_ms" : 1732584993220,
  "time" : "Tue Nov 26 01:36:33 2024",
  "jobs" : [
    {
      "jobname" : "seq_write_direct1_fsync1",
      "groupid" : 0,
      "job_start" : 1732584963192,
      "error" : 0,
      "eta" : 0,
      "elapsed" : 91,
      "job options" : {
        "name" : "seq_write_direct1_fsync1",
        "rw" : "write",
        "direct" : "1",
        "bs" : "4k",
        "runtime" : "30",
        "ramp_time" : "60",
        "filename" : "/dev/sdb1",
        "iodepth" : "1",
        "numjobs" : "16",
        "fsync" : "1"
      },
      "read" : {
        "io_bytes" : 0,
        "io_kbytes" : 0,
        "bw_bytes" : 0,
        "bw" : 0,
        "iops" : 0.000000,
        "runtime" : 0,
        "total_ios" : 0,
        "short_ios" : 0,
        "drop_ios" : 0,
        "slat_ns" : {
          "min" : 0,
          "max" : 0,
          "mean" : 0.000000,
          "stddev" : 0.000000,
          "N" : 0
        },
        "clat_ns" : {
          "min" : 0,
          "max" : 0,
          "mean" : 0.000000,
          "stddev" : 0.000000,
          "N" : 0
        },
        "lat_ns" : {
          "min" : 0,
          "max" : 0,
          "mean" : 0.000000,
          "stddev" : 0.000000,
          "N" : 0
        },
        "bw_min" : 0,
        "bw_max" : 0,
        "bw_agg" : 0.000000,
        "bw_mean" : 0.000000,
        "bw_dev" : 0.000000,
        "bw_samples" : 0,
        "iops_min" : 0,
        "iops_max" : 0,
        "iops_mean" : 0.000000,
        "iops_stddev" : 0.000000,
        "iops_samples" : 0
      },
      "write" : {
        "io_bytes" : 9403416576,
        "io_kbytes" : 9183024,
        "bw_bytes" : 313280136,
        "bw" : 305937,
        "iops" : 76484.408316,
        "runtime" : 30016,
        "total_ios" : 2295756,
        "short_ios" : 0,
        "drop_ios" : 0,
        "slat_ns" : {
          "min" : 0,
          "max" : 0,
          "mean" : 0.000000,
          "stddev" : 0.000000,
          "N" : 0
        },
        "clat_ns" : {
          "min" : 39701,
          "max" : 101608607,
          "mean" : 205197.024371,
          "stddev" : 1086151.473613,
          "N" : 2295756,
          "percentile" : {
            "1.000000" : 78336,
            "5.000000" : 88576,
            "10.000000" : 94720,
            "20.000000" : 101888,
            "30.000000" : 109056,
            "40.000000" : 116224,
            "50.000000" : 123392,
            "60.000000" : 132096,
            "70.000000" : 144384,
            "80.000000" : 162816,
            "90.000000" : 199680,
            "95.000000" : 242688,
            "99.000000" : 423936,
            "99.500000" : 880640,
            "99.900000" : 15138816,
            "99.950000" : 20578304,
            "99.990000" : 30801920
          }
        },
        "lat_ns" : {
          "min" : 39801,
          "max" : 101608807,
          "mean" : 205379.873168,
          "stddev" : 1086158.687561,
          "N" : 2295756
        },
        "bw_min" : 227206,
        "bw_max" : 368747,
        "bw_agg" : 100.000000,
        "bw_mean" : 306310.666667,
        "bw_dev" : 2066.194793,
        "bw_samples" : 960,
        "iops_min" : 56799,
        "iops_max" : 92183,
        "iops_mean" : 76575.350000,
        "iops_stddev" : 516.539281,
        "iops_samples" : 960
      },
      "trim" : {
        "io_bytes" : 0,
        "io_kbytes" : 0,
        "bw_bytes" : 0,
        "bw" : 0,
        "iops" : 0.000000,
        "runtime" : 0,
        "total_ios" : 0,
        "short_ios" : 0,
        "drop_ios" : 0,
        "slat_ns" : {
          "min" : 0,
          "max" : 0,
          "mean" : 0.000000,
          "stddev" : 0.000000,
          "N" : 0
        },
        "clat_ns" : {
          "min" : 0,
          "max" : 0,
          "mean" : 0.000000,
          "stddev" : 0.000000,
          "N" : 0
        },
        "lat_ns" : {
          "min" : 0,
          "max" : 0,
          "mean" : 0.000000,
          "stddev" : 0.000000,
          "N" : 0
        },
        "bw_min" : 0,
        "bw_max" : 0,
        "bw_agg" : 0.000000,
        "bw_mean" : 0.000000,
        "bw_dev" : 0.000000,
        "bw_samples" : 0,
        "iops_min" : 0,
        "iops_max" : 0,
        "iops_mean" : 0.000000,
        "iops_stddev" : 0.000000,
        "iops_samples" : 0
      },
      "sync" : {
        "total_ios" : 2295740,
        "lat_ns" : {
          "min" : 700,
          "max" : 601607,
          "mean" : 1931.734153,
          "stddev" : 7183.182949,
          "N" : 2295740,
          "percentile" : {
            "1.000000" : 804,
            "5.000000" : 900,
            "10.000000" : 900,
            "20.000000" : 1004,
            "30.000000" : 1004,
            "40.000000" : 1096,
            "50.000000" : 1208,
            "60.000000" : 1304,
            "70.000000" : 1496,
            "80.000000" : 1704,
            "90.000000" : 2608,
            "95.000000" : 2800,
            "99.000000" : 3504,
            "99.500000" : 47360,
            "99.900000" : 112128,
            "99.950000" : 144384,
            "99.990000" : 214016
          }
        }
      },
      "job_runtime" : 480224,
      "usr_cpu" : 3.108133,
      "sys_cpu" : 17.540564,
      "ctx" : 2291421,
      "majf" : 0,
      "minf" : 583,
      "iodepth_level" : {
        "1" : 199.999303,
        "2" : 0.000000,
        "4" : 0.000000,
        "8" : 0.000000,
        "16" : 0.000000,
        "32" : 0.000000,
        ">=64" : 0.000000
      },
      "iodepth_submit" : {
        "0" : 0.000000,
        "4" : 100.000000,
        "8" : 0.000000,
        "16" : 0.000000,
        "32" : 0.000000,
        "64" : 0.000000,
        ">=64" : 0.000000
      },
      "iodepth_complete" : {
        "0" : 0.000000,
        "4" : 100.000000,
        "8" : 0.000000,
        "16" : 0.000000,
        "32" : 0.000000,
        "64" : 0.000000,
        ">=64" : 0.000000
      },
      "latency_ns" : {
        "2" : 0.000000,
        "4" : 0.000000,
        "10" : 0.000000,
        "20" : 0.000000,
        "50" : 0.000000,
        "100" : 0.000000,
        "250" : 0.000000,
        "500" : 0.000000,
        "750" : 0.000000,
        "1000" : 0.000000
      },
      "latency_us" : {
        "2" : 0.000000,
        "4" : 0.000000,
        "10" : 0.000000,
        "20" : 0.000000,
        "50" : 0.010000,
        "100" : 17.005727,
        "250" : 78.461082,
        "500" : 3.809290,
        "750" : 0.201676,
        "1000" : 0.039595
      },
      "latency_ms" : {
        "2" : 0.052314,
        "4" : 0.010000,
        "10" : 0.015594,
        "20" : 0.352738,
        "50" : 0.051094,
        "100" : 0.010000,
        "250" : 0.010000,
        "500" : 0.000000,
        "750" : 0.000000,
        "1000" : 0.000000,
        "2000" : 0.000000,
        ">=2000" : 0.000000
      },
      "latency_depth" : 1,
      "latency_target" : 0,
      "latency_percentile" : 100.000000,
      "latency_window" : 0
    }
  ],
  "disk_util" : [
    {
      "name" : "sdb",
      "read_ios" : 118,
      "write_ios" : 6885628,
      "read_sectors" : 8336,
      "write_sectors" : 55085032,
      "read_merges" : 0,
      "write_merges" : 0,
      "read_ticks" : 20,
      "write_ticks" : 1141836,
      "in_queue" : 1141856,
      "util" : 88.260445
    }
  ]
}
