{
  "fio version" : "fio-3.36",
  "timestamp" : 1732585716,
  "timestamp_ms" : 1732585716525,
  "time" : "Tue Nov 26 01:48:36 2024",
  "jobs" : [
    {
      "jobname" : "seq_write_direct0_fsync1",
      "groupid" : 0,
      "job_start" : 1732585686007,
      "error" : 0,
      "eta" : 0,
      "elapsed" : 91,
      "job options" : {
        "name" : "seq_write_direct0_fsync1",
        "rw" : "write",
        "direct" : "0",
        "bs" : "4k",
        "runtime" : "30",
        "ramp_time" : "60",
        "filename" : "/dev/sdb1",
        "iodepth" : "1",
        "numjobs" : "4",
        "fsync" : "1"
      },
      "read" : {
        "io_bytes" : 0,
        "io_kbytes" : 0,
        "bw_bytes" : 0,
        "bw" : 0,
        "iops" : 0.000000,
        "runtime" : 0,
        "total_ios" : 0,
        "short_ios" : 0,
        "drop_ios" : 0,
        "slat_ns" : {
          "min" : 0,
          "max" : 0,
          "mean" : 0.000000,
          "stddev" : 0.000000,
          "N" : 0
        },
        "clat_ns" : {
          "min" : 0,
          "max" : 0,
          "mean" : 0.000000,
          "stddev" : 0.000000,
          "N" : 0
        },
        "lat_ns" : {
          "min" : 0,
          "max" : 0,
          "mean" : 0.000000,
          "stddev" : 0.000000,
          "N" : 0
        },
        "bw_min" : 0,
        "bw_max" : 0,
        "bw_agg" : 0.000000,
        "bw_mean" : 0.000000,
        "bw_dev" : 0.000000,
        "bw_samples" : 0,
        "iops_min" : 0,
        "iops_max" : 0,
        "iops_mean" : 0.000000,
        "iops_stddev" : 0.000000,
        "iops_samples" : 0
      },
      "write" : {
        "io_bytes" : 4251848704,
        "io_kbytes" : 4152196,
        "bw_bytes" : 141723566,
        "bw" : 138401,
        "iops" : 34600.479984,
        "runtime" : 30001,
        "total_ios" : 1038049,
        "short_ios" : 0,
        "drop_ios" : 0,
        "slat_ns" : {
          "min" : 0,
          "max" : 0,
          "mean" : 0.000000,
          "stddev" : 0.000000,
          "N" : 0
        },
        "clat_ns" : {
          "min" : 2000,
          "max" : 117001,
          "mean" : 3425.040005,
          "stddev" : 2711.584561,
          "N" : 1038049,
          "percentile" : {
            "1.000000" : 2416,
            "5.000000" : 2512,
            "10.000000" : 2512,
            "20.000000" : 2608,
            "30.000000" : 2704,
            "40.000000" : 2704,
            "50.000000" : 2896,
            "60.000000" : 2992,
            "70.000000" : 3888,
            "80.000000" : 4128,
            "90.000000" : 4320,
            "95.000000" : 4896,
            "99.000000" : 6624,
            "99.500000" : 14016,
            "99.900000" : 44800,
            "99.950000" : 50432,
            "99.990000" : 77312
          }
        },
        "lat_ns" : {
          "min" : 2100,
          "max" : 117302,
          "mean" : 3600.556146,
          "stddev" : 2784.436296,
          "N" : 1038049
        },
        "bw_min" : 112224,
        "bw_max" : 153912,
        "bw_agg" : 100.000000,
        "bw_mean" : 138488.083333,
        "bw_dev" : 2137.389689,
        "bw_samples" : 240,
        "iops_min" : 28056,
        "iops_max" : 38478,
        "iops_mean" : 34621.583333,
        "iops_stddev" : 534.338818,
        "iops_samples" : 240
      },
      "trim" : {
        "io_bytes" : 0,
        "io_kbytes" : 0,
        "bw_bytes" : 0,
        "bw" : 0,
        "iops" : 0.000000,
        "runtime" : 0,
        "total_ios" : 0,
        "short_ios" : 0,
        "drop_ios" : 0,
        "slat_ns" : {
          "min" : 0,
          "max" : 0,
          "mean" : 0.000000,
          "stddev" : 0.000000,
          "N" : 0
        },
        "clat_ns" : {
          "min" : 0,
          "max" : 0,
          "mean" : 0.000000,
          "stddev" : 0.000000,
          "N" : 0
        },
        "lat_ns" : {
          "min" : 0,
          "max" : 0,
          "mean" : 0.000000,
          "stddev" : 0.000000,
          "N" : 0
        },
        "bw_min" : 0,
        "bw_max" : 0,
        "bw_agg" : 0.000000,
        "bw_mean" : 0.000000,
        "bw_dev" : 0.000000,
        "bw_samples" : 0,
        "iops_min" : 0,
        "iops_max" : 0,
        "iops_mean" : 0.000000,
        "iops_stddev" : 0.000000,
        "iops_samples" : 0
      },
      "sync" : {
        "total_ios" : 1038049,
        "lat_ns" : {
          "min" : 38000,
          "max" : 90053256,
          "mean" : 111156.642164,
          "stddev" : 226989.633476,
          "N" : 1038049,
          "percentile" : {
            "1.000000" : 68096,
            "5.000000" : 78336,
            "10.000000" : 83456,
            "20.000000" : 90624,
            "30.000000" : 95744,
            "40.000000" : 99840,
            "50.000000" : 104960,
            "60.000000" : 109056,
            "70.000000" : 114176,
            "80.000000" : 121344,
            "90.000000" : 136192,
            "95.000000" : 152576,
            "99.000000" : 201728,
            "99.500000" : 244736,
            "99.900000" : 798720,
            "99.950000" : 1089536,
            "99.990000" : 3883008
          }
        }
      },
      "job_runtime" : 120000,
      "usr_cpu" : 3.748333,
      "sys_cpu" : 24.579167,
      "ctx" : 1170762,
      "majf" : 0,
      "minf" : 146,
      "iodepth_level" : {
        "1" : 200.000000,
        "2" : 0.000000,
        "4" : 0.000000,
        "8" : 0.000000,
        "16" : 0.000000,
        "32" : 0.000000,
        ">=64" : 0.000000
      },
      "iodepth_submit" : {
        "0" : 0.000000,
        "4" : 100.000000,
        "8" : 0.000000,
        "16" : 0.000000,
        "32" : 0.000000,
        "64" : 0.000000,
        ">=64" : 0.000000
      },
      "iodepth_complete" : {
        "0" : 0.000000,
        "4" : 100.000000,
        "8" : 0.000000,
        "16" : 0.000000,
        "32" : 0.000000,
        "64" : 0.000000,
        ">=64" : 0.000000
      },
      "latency_ns" : {
        "2" : 0.000000,
        "4" : 0.000000,
        "10" : 0.000000,
        "20" : 0.000000,
        "50" : 0.000000,
        "100" : 0.000000,
        "250" : 0.000000,
        "500" : 0.000000,
        "750" : 0.000000,
        "1000" : 0.000000
      },
      "latency_us" : {
        "2" : 0.000000,
        "4" : 72.478467,
        "10" : 26.982060,
        "20" : 0.080439,
        "50" : 0.406532,
        "100" : 0.050672,
        "250" : 0.010000,
        "500" : 0.000000,
        "750" : 0.000000,
        "1000" : 0.000000
      },
      "latency_ms" : {
        "2" : 0.000000,
        "4" : 0.000000,
        "10" : 0.000000,
        "20" : 0.000000,
        "50" : 0.000000,
        "100" : 0.000000,
        "250" : 0.000000,
        "500" : 0.000000,
        "750" : 0.000000,
        "1000" : 0.000000,
        "2000" : 0.000000,
        ">=2000" : 0.000000
      },
      "latency_depth" : 1,
      "latency_target" : 0,
      "latency_percentile" : 100.000000,
      "latency_window" : 0
    }
  ],
  "disk_util" : [
    {
      "name" : "sdb",
      "read_ios" : 59,
      "write_ios" : 3112936,
      "read_sectors" : 4168,
      "write_sectors" : 24904592,
      "read_merges" : 0,
      "write_merges" : 137,
      "read_ticks" : 9,
      "write_ticks" : 258974,
      "in_queue" : 258983,
      "util" : 72.798045
    }
  ]
}
