{
  "fio version" : "fio-3.36",
  "timestamp" : 1732316433,
  "timestamp_ms" : 1732316433289,
  "time" : "Fri Nov 22 23:00:33 2024",
  "jobs" : [
    {
      "jobname" : "seq_read_direct1_fsync0",
      "groupid" : 0,
      "job_start" : 1732316403273,
      "error" : 0,
      "eta" : 0,
      "elapsed" : 91,
      "job options" : {
        "name" : "seq_read_direct1_fsync0",
        "rw" : "read",
        "direct" : "1",
        "bs" : "4k",
        "runtime" : "30",
        "ramp_time" : "60",
        "filename" : "/dev/sdb1",
        "iodepth" : "1",
        "numjobs" : "16"
      },
      "read" : {
        "io_bytes" : 9376149504,
        "io_kbytes" : 9156396,
        "bw_bytes" : 312517482,
        "bw" : 305192,
        "iops" : 76298.213452,
        "runtime" : 30002,
        "total_ios" : 2289099,
        "short_ios" : 0,
        "drop_ios" : 0,
        "slat_ns" : {
          "min" : 0,
          "max" : 0,
          "mean" : 0.000000,
          "stddev" : 0.000000,
          "N" : 0
        },
        "clat_ns" : {
          "min" : 28100,
          "max" : 34327078,
          "mean" : 208456.745947,
          "stddev" : 939167.141684,
          "N" : 2289099,
          "percentile" : {
            "1.000000" : 74240,
            "5.000000" : 88576,
            "10.000000" : 97792,
            "20.000000" : 108032,
            "30.000000" : 116224,
            "40.000000" : 123392,
            "50.000000" : 132096,
            "60.000000" : 142336,
            "70.000000" : 154624,
            "80.000000" : 173056,
            "90.000000" : 209920,
            "95.000000" : 252928,
            "99.000000" : 749568,
            "99.500000" : 2179072,
            "99.900000" : 13697024,
            "99.950000" : 21364736,
            "99.990000" : 29491200
          }
        },
        "lat_ns" : {
          "min" : 28200,
          "max" : 34327178,
          "mean" : 208572.131375,
          "stddev" : 939176.413761,
          "N" : 2289099
        },
        "bw_min" : 216839,
        "bw_max" : 375546,
        "bw_agg" : 100.000000,
        "bw_mean" : 305443.888136,
        "bw_dev" : 2184.207967,
        "bw_samples" : 959,
        "iops_min" : 54209,
        "iops_max" : 93883,
        "iops_mean" : 76358.862147,
        "iops_stddev" : 546.053693,
        "iops_samples" : 959
      },
      "write" : {
        "io_bytes" : 0,
        "io_kbytes" : 0,
        "bw_bytes" : 0,
        "bw" : 0,
        "iops" : 0.000000,
        "runtime" : 0,
        "total_ios" : 0,
        "short_ios" : 0,
        "drop_ios" : 0,
        "slat_ns" : {
          "min" : 0,
          "max" : 0,
          "mean" : 0.000000,
          "stddev" : 0.000000,
          "N" : 0
        },
        "clat_ns" : {
          "min" : 0,
          "max" : 0,
          "mean" : 0.000000,
          "stddev" : 0.000000,
          "N" : 0
        },
        "lat_ns" : {
          "min" : 0,
          "max" : 0,
          "mean" : 0.000000,
          "stddev" : 0.000000,
          "N" : 0
        },
        "bw_min" : 0,
        "bw_max" : 0,
        "bw_agg" : 0.000000,
        "bw_mean" : 0.000000,
        "bw_dev" : 0.000000,
        "bw_samples" : 0,
        "iops_min" : 0,
        "iops_max" : 0,
        "iops_mean" : 0.000000,
        "iops_stddev" : 0.000000,
        "iops_samples" : 0
      },
      "trim" : {
        "io_bytes" : 0,
        "io_kbytes" : 0,
        "bw_bytes" : 0,
        "bw" : 0,
        "iops" : 0.000000,
        "runtime" : 0,
        "total_ios" : 0,
        "short_ios" : 0,
        "drop_ios" : 0,
        "slat_ns" : {
          "min" : 0,
          "max" : 0,
          "mean" : 0.000000,
          "stddev" : 0.000000,
          "N" : 0
        },
        "clat_ns" : {
          "min" : 0,
          "max" : 0,
          "mean" : 0.000000,
          "stddev" : 0.000000,
          "N" : 0
        },
        "lat_ns" : {
          "min" : 0,
          "max" : 0,
          "mean" : 0.000000,
          "stddev" : 0.000000,
          "N" : 0
        },
        "bw_min" : 0,
        "bw_max" : 0,
        "bw_agg" : 0.000000,
        "bw_mean" : 0.000000,
        "bw_dev" : 0.000000,
        "bw_samples" : 0,
        "iops_min" : 0,
        "iops_max" : 0,
        "iops_mean" : 0.000000,
        "iops_stddev" : 0.000000,
        "iops_samples" : 0
      },
      "sync" : {
        "total_ios" : 0,
        "lat_ns" : {
          "min" : 0,
          "max" : 0,
          "mean" : 0.000000,
          "stddev" : 0.000000,
          "N" : 0
        }
      },
      "job_runtime" : 480001,
      "usr_cpu" : 2.521661,
      "sys_cpu" : 17.244964,
      "ctx" : 2286316,
      "majf" : 0,
      "minf" : 582,
      "iodepth_level" : {
        "1" : 100.000000,
        "2" : 0.000000,
        "4" : 0.000000,
        "8" : 0.000000,
        "16" : 0.000000,
        "32" : 0.000000,
        ">=64" : 0.000000
      },
      "iodepth_submit" : {
        "0" : 0.000000,
        "4" : 100.000000,
        "8" : 0.000000,
        "16" : 0.000000,
        "32" : 0.000000,
        "64" : 0.000000,
        ">=64" : 0.000000
      },
      "iodepth_complete" : {
        "0" : 0.000000,
        "4" : 100.000000,
        "8" : 0.000000,
        "16" : 0.000000,
        "32" : 0.000000,
        "64" : 0.000000,
        ">=64" : 0.000000
      },
      "latency_ns" : {
        "2" : 0.000000,
        "4" : 0.000000,
        "10" : 0.000000,
        "20" : 0.000000,
        "50" : 0.000000,
        "100" : 0.000000,
        "250" : 0.000000,
        "500" : 0.000000,
        "750" : 0.000000,
        "1000" : 0.000000
      },
      "latency_us" : {
        "2" : 0.000000,
        "4" : 0.000000,
        "10" : 0.000000,
        "20" : 0.000000,
        "50" : 0.028701,
        "100" : 11.766857,
        "250" : 82.992522,
        "500" : 3.670047,
        "750" : 0.539950,
        "1000" : 0.223188
      },
      "latency_ms" : {
        "2" : 0.245948,
        "4" : 0.105282,
        "10" : 0.090865,
        "20" : 0.285178,
        "50" : 0.051461,
        "100" : 0.000000,
        "250" : 0.000000,
        "500" : 0.000000,
        "750" : 0.000000,
        "1000" : 0.000000,
        "2000" : 0.000000,
        ">=2000" : 0.000000
      },
      "latency_depth" : 1,
      "latency_target" : 0,
      "latency_percentile" : 100.000000,
      "latency_window" : 0
    }
  ],
  "disk_util" : [
    {
      "name" : "sdb",
      "read_ios" : 6871549,
      "write_ios" : 0,
      "read_sectors" : 54972408,
      "write_sectors" : 0,
      "read_merges" : 0,
      "write_merges" : 0,
      "read_ticks" : 1154452,
      "write_ticks" : 0,
      "in_queue" : 1154452,
      "util" : 88.593257
    }
  ]
}
