{
  "fio version" : "fio-3.36",
  "timestamp" : 1732584902,
  "timestamp_ms" : 1732584902974,
  "time" : "Tue Nov 26 01:35:02 2024",
  "jobs" : [
    {
      "jobname" : "seq_write_direct1_fsync1",
      "groupid" : 0,
      "job_start" : 1732584872877,
      "error" : 0,
      "eta" : 0,
      "elapsed" : 91,
      "job options" : {
        "name" : "seq_write_direct1_fsync1",
        "rw" : "write",
        "direct" : "1",
        "bs" : "4k",
        "runtime" : "30",
        "ramp_time" : "60",
        "filename" : "/dev/sdb1",
        "iodepth" : "1",
        "numjobs" : "8",
        "fsync" : "1"
      },
      "read" : {
        "io_bytes" : 0,
        "io_kbytes" : 0,
        "bw_bytes" : 0,
        "bw" : 0,
        "iops" : 0.000000,
        "runtime" : 0,
        "total_ios" : 0,
        "short_ios" : 0,
        "drop_ios" : 0,
        "slat_ns" : {
          "min" : 0,
          "max" : 0,
          "mean" : 0.000000,
          "stddev" : 0.000000,
          "N" : 0
        },
        "clat_ns" : {
          "min" : 0,
          "max" : 0,
          "mean" : 0.000000,
          "stddev" : 0.000000,
          "N" : 0
        },
        "lat_ns" : {
          "min" : 0,
          "max" : 0,
          "mean" : 0.000000,
          "stddev" : 0.000000,
          "N" : 0
        },
        "bw_min" : 0,
        "bw_max" : 0,
        "bw_agg" : 0.000000,
        "bw_mean" : 0.000000,
        "bw_dev" : 0.000000,
        "bw_samples" : 0,
        "iops_min" : 0,
        "iops_max" : 0,
        "iops_mean" : 0.000000,
        "iops_stddev" : 0.000000,
        "iops_samples" : 0
      },
      "write" : {
        "io_bytes" : 8599011328,
        "io_kbytes" : 8397472,
        "bw_bytes" : 285842878,
        "bw" : 279143,
        "iops" : 69785.859123,
        "runtime" : 30083,
        "total_ios" : 2099368,
        "short_ios" : 0,
        "drop_ios" : 0,
        "slat_ns" : {
          "min" : 0,
          "max" : 0,
          "mean" : 0.000000,
          "stddev" : 0.000000,
          "N" : 0
        },
        "clat_ns" : {
          "min" : 39001,
          "max" : 120879654,
          "mean" : 112323.077283,
          "stddev" : 313027.136086,
          "N" : 2099368,
          "percentile" : {
            "1.000000" : 69120,
            "5.000000" : 78336,
            "10.000000" : 84480,
            "20.000000" : 91648,
            "30.000000" : 96768,
            "40.000000" : 100864,
            "50.000000" : 104960,
            "60.000000" : 109056,
            "70.000000" : 114176,
            "80.000000" : 121344,
            "90.000000" : 132096,
            "95.000000" : 146432,
            "99.000000" : 187392,
            "99.500000" : 216064,
            "99.900000" : 602112,
            "99.950000" : 1286144,
            "99.990000" : 12517376
          }
        },
        "lat_ns" : {
          "min" : 39001,
          "max" : 120879654,
          "mean" : 112410.739005,
          "stddev" : 313028.263343,
          "N" : 2099368
        },
        "bw_min" : 230445,
        "bw_max" : 322307,
        "bw_agg" : 100.000000,
        "bw_mean" : 280091.383333,
        "bw_dev" : 2561.247351,
        "bw_samples" : 480,
        "iops_min" : 57611,
        "iops_max" : 80575,
        "iops_mean" : 70021.866667,
        "iops_stddev" : 640.306524,
        "iops_samples" : 480
      },
      "trim" : {
        "io_bytes" : 0,
        "io_kbytes" : 0,
        "bw_bytes" : 0,
        "bw" : 0,
        "iops" : 0.000000,
        "runtime" : 0,
        "total_ios" : 0,
        "short_ios" : 0,
        "drop_ios" : 0,
        "slat_ns" : {
          "min" : 0,
          "max" : 0,
          "mean" : 0.000000,
          "stddev" : 0.000000,
          "N" : 0
        },
        "clat_ns" : {
          "min" : 0,
          "max" : 0,
          "mean" : 0.000000,
          "stddev" : 0.000000,
          "N" : 0
        },
        "lat_ns" : {
          "min" : 0,
          "max" : 0,
          "mean" : 0.000000,
          "stddev" : 0.000000,
          "N" : 0
        },
        "bw_min" : 0,
        "bw_max" : 0,
        "bw_agg" : 0.000000,
        "bw_mean" : 0.000000,
        "bw_dev" : 0.000000,
        "bw_samples" : 0,
        "iops_min" : 0,
        "iops_max" : 0,
        "iops_mean" : 0.000000,
        "iops_stddev" : 0.000000,
        "iops_samples" : 0
      },
      "sync" : {
        "total_ios" : 2099360,
        "lat_ns" : {
          "min" : 700,
          "max" : 244502,
          "mean" : 1175.401627,
          "stddev" : 1715.464699,
          "N" : 2099360,
          "percentile" : {
            "1.000000" : 804,
            "5.000000" : 804,
            "10.000000" : 900,
            "20.000000" : 900,
            "30.000000" : 900,
            "40.000000" : 900,
            "50.000000" : 900,
            "60.000000" : 1004,
            "70.000000" : 1004,
            "80.000000" : 1208,
            "90.000000" : 1608,
            "95.000000" : 2416,
            "99.000000" : 2896,
            "99.500000" : 3088,
            "99.900000" : 34560,
            "99.950000" : 38144,
            "99.990000" : 68096
          }
        }
      },
      "job_runtime" : 240492,
      "usr_cpu" : 4.711175,
      "sys_cpu" : 20.092560,
      "ctx" : 2099196,
      "majf" : 0,
      "minf" : 291,
      "iodepth_level" : {
        "1" : 199.999619,
        "2" : 0.000000,
        "4" : 0.000000,
        "8" : 0.000000,
        "16" : 0.000000,
        "32" : 0.000000,
        ">=64" : 0.000000
      },
      "iodepth_submit" : {
        "0" : 0.000000,
        "4" : 100.000000,
        "8" : 0.000000,
        "16" : 0.000000,
        "32" : 0.000000,
        "64" : 0.000000,
        ">=64" : 0.000000
      },
      "iodepth_complete" : {
        "0" : 0.000000,
        "4" : 100.000000,
        "8" : 0.000000,
        "16" : 0.000000,
        "32" : 0.000000,
        "64" : 0.000000,
        ">=64" : 0.000000
      },
      "latency_ns" : {
        "2" : 0.000000,
        "4" : 0.000000,
        "10" : 0.000000,
        "20" : 0.000000,
        "50" : 0.000000,
        "100" : 0.000000,
        "250" : 0.000000,
        "500" : 0.000000,
        "750" : 0.000000,
        "1000" : 0.000000
      },
      "latency_us" : {
        "2" : 0.000000,
        "4" : 0.000000,
        "10" : 0.000000,
        "20" : 0.000000,
        "50" : 0.010000,
        "100" : 37.896357,
        "250" : 61.793073,
        "500" : 0.197202,
        "750" : 0.023483,
        "1000" : 0.023960
      },
      "latency_ms" : {
        "2" : 0.027246,
        "4" : 0.010000,
        "10" : 0.010908,
        "20" : 0.018244,
        "50" : 0.010000,
        "100" : 0.010000,
        "250" : 0.010000,
        "500" : 0.000000,
        "750" : 0.000000,
        "1000" : 0.000000,
        "2000" : 0.000000,
        ">=2000" : 0.000000
      },
      "latency_depth" : 1,
      "latency_target" : 0,
      "latency_percentile" : 100.000000,
      "latency_window" : 0
    }
  ],
  "disk_util" : [
    {
      "name" : "sdb",
      "read_ios" : 59,
      "write_ios" : 6285168,
      "read_sectors" : 4168,
      "write_sectors" : 50281344,
      "read_merges" : 0,
      "write_merges" : 0,
      "read_ticks" : 10,
      "write_ticks" : 543750,
      "in_queue" : 543759,
      "util" : 85.673827
    }
  ]
}
