{
  "fio version" : "fio-3.36",
  "timestamp" : 1733181250,
  "timestamp_ms" : 1733181250379,
  "time" : "Mon Dec  2 23:14:10 2024",
  "jobs" : [
    {
      "jobname" : "rand_write_direct0_fsync1",
      "groupid" : 0,
      "job_start" : 1733181220355,
      "error" : 0,
      "eta" : 0,
      "elapsed" : 91,
      "job options" : {
        "name" : "rand_write_direct0_fsync1",
        "rw" : "randwrite",
        "direct" : "0",
        "bs" : "4k",
        "runtime" : "30",
        "ramp_time" : "60",
        "filename" : "/dev/mapper/secure",
        "iodepth" : "1",
        "numjobs" : "8",
        "fsync" : "1"
      },
      "read" : {
        "io_bytes" : 0,
        "io_kbytes" : 0,
        "bw_bytes" : 0,
        "bw" : 0,
        "iops" : 0.000000,
        "runtime" : 0,
        "total_ios" : 0,
        "short_ios" : 0,
        "drop_ios" : 0,
        "slat_ns" : {
          "min" : 0,
          "max" : 0,
          "mean" : 0.000000,
          "stddev" : 0.000000,
          "N" : 0
        },
        "clat_ns" : {
          "min" : 0,
          "max" : 0,
          "mean" : 0.000000,
          "stddev" : 0.000000,
          "N" : 0
        },
        "lat_ns" : {
          "min" : 0,
          "max" : 0,
          "mean" : 0.000000,
          "stddev" : 0.000000,
          "N" : 0
        },
        "bw_min" : 0,
        "bw_max" : 0,
        "bw_agg" : 0.000000,
        "bw_mean" : 0.000000,
        "bw_dev" : 0.000000,
        "bw_samples" : 0,
        "iops_min" : 0,
        "iops_max" : 0,
        "iops_mean" : 0.000000,
        "iops_stddev" : 0.000000,
        "iops_samples" : 0
      },
      "write" : {
        "io_bytes" : 599388160,
        "io_kbytes" : 585340,
        "bw_bytes" : 19978939,
        "bw" : 19510,
        "iops" : 4877.670744,
        "runtime" : 30001,
        "total_ios" : 146335,
        "short_ios" : 0,
        "drop_ios" : 0,
        "slat_ns" : {
          "min" : 0,
          "max" : 0,
          "mean" : 0.000000,
          "stddev" : 0.000000,
          "N" : 0
        },
        "clat_ns" : {
          "min" : 3600,
          "max" : 279602,
          "mean" : 7661.110035,
          "stddev" : 4730.541281,
          "N" : 146335,
          "percentile" : {
            "1.000000" : 4832,
            "5.000000" : 5024,
            "10.000000" : 5088,
            "20.000000" : 5280,
            "30.000000" : 5472,
            "40.000000" : 5792,
            "50.000000" : 6304,
            "60.000000" : 7008,
            "70.000000" : 8032,
            "80.000000" : 9664,
            "90.000000" : 11328,
            "95.000000" : 12864,
            "99.000000" : 21120,
            "99.500000" : 41216,
            "99.900000" : 57088,
            "99.950000" : 64256,
            "99.990000" : 121344
          }
        },
        "lat_ns" : {
          "min" : 3800,
          "max" : 279902,
          "mean" : 7909.985629,
          "stddev" : 4838.213869,
          "N" : 146335
        },
        "bw_min" : 15739,
        "bw_max" : 25152,
        "bw_agg" : 99.878617,
        "bw_mean" : 19487.864407,
        "bw_dev" : 409.881204,
        "bw_samples" : 472,
        "iops_min" : 3934,
        "iops_max" : 6288,
        "iops_mean" : 4871.644068,
        "iops_stddev" : 102.476069,
        "iops_samples" : 472
      },
      "trim" : {
        "io_bytes" : 0,
        "io_kbytes" : 0,
        "bw_bytes" : 0,
        "bw" : 0,
        "iops" : 0.000000,
        "runtime" : 0,
        "total_ios" : 0,
        "short_ios" : 0,
        "drop_ios" : 0,
        "slat_ns" : {
          "min" : 0,
          "max" : 0,
          "mean" : 0.000000,
          "stddev" : 0.000000,
          "N" : 0
        },
        "clat_ns" : {
          "min" : 0,
          "max" : 0,
          "mean" : 0.000000,
          "stddev" : 0.000000,
          "N" : 0
        },
        "lat_ns" : {
          "min" : 0,
          "max" : 0,
          "mean" : 0.000000,
          "stddev" : 0.000000,
          "N" : 0
        },
        "bw_min" : 0,
        "bw_max" : 0,
        "bw_agg" : 0.000000,
        "bw_mean" : 0.000000,
        "bw_dev" : 0.000000,
        "bw_samples" : 0,
        "iops_min" : 0,
        "iops_max" : 0,
        "iops_mean" : 0.000000,
        "iops_stddev" : 0.000000,
        "iops_samples" : 0
      },
      "sync" : {
        "total_ios" : 146335,
        "lat_ns" : {
          "min" : 202002,
          "max" : 207624113,
          "mean" : 1629993.222708,
          "stddev" : 13245905.756985,
          "N" : 146335,
          "percentile" : {
            "1.000000" : 252928,
            "5.000000" : 354304,
            "10.000000" : 374784,
            "20.000000" : 391168,
            "30.000000" : 403456,
            "40.000000" : 415744,
            "50.000000" : 428032,
            "60.000000" : 440320,
            "70.000000" : 456704,
            "80.000000" : 481280,
            "90.000000" : 528384,
            "95.000000" : 626688,
            "99.000000" : 2211840,
            "99.500000" : 139460608,
            "99.900000" : 175112192,
            "99.950000" : 181403648,
            "99.990000" : 206569472
          }
        }
      },
      "job_runtime" : 240000,
      "usr_cpu" : 0.395000,
      "sys_cpu" : 3.047500,
      "ctx" : 198748,
      "majf" : 0,
      "minf" : 291,
      "iodepth_level" : {
        "1" : 200.000000,
        "2" : 0.000000,
        "4" : 0.000000,
        "8" : 0.000000,
        "16" : 0.000000,
        "32" : 0.000000,
        ">=64" : 0.000000
      },
      "iodepth_submit" : {
        "0" : 0.000000,
        "4" : 100.000000,
        "8" : 0.000000,
        "16" : 0.000000,
        "32" : 0.000000,
        "64" : 0.000000,
        ">=64" : 0.000000
      },
      "iodepth_complete" : {
        "0" : 0.000000,
        "4" : 100.000000,
        "8" : 0.000000,
        "16" : 0.000000,
        "32" : 0.000000,
        "64" : 0.000000,
        ">=64" : 0.000000
      },
      "latency_ns" : {
        "2" : 0.000000,
        "4" : 0.000000,
        "10" : 0.000000,
        "20" : 0.000000,
        "50" : 0.000000,
        "100" : 0.000000,
        "250" : 0.000000,
        "500" : 0.000000,
        "750" : 0.000000,
        "1000" : 0.000000
      },
      "latency_us" : {
        "2" : 0.000000,
        "4" : 0.012301,
        "10" : 82.727987,
        "20" : 16.143780,
        "50" : 0.922541,
        "100" : 0.177675,
        "250" : 0.014351,
        "500" : 0.010000,
        "750" : 0.000000,
        "1000" : 0.000000
      },
      "latency_ms" : {
        "2" : 0.000000,
        "4" : 0.000000,
        "10" : 0.000000,
        "20" : 0.000000,
        "50" : 0.000000,
        "100" : 0.000000,
        "250" : 0.000000,
        "500" : 0.000000,
        "750" : 0.000000,
        "1000" : 0.000000,
        "2000" : 0.000000,
        ">=2000" : 0.000000
      },
      "latency_depth" : 1,
      "latency_target" : 0,
      "latency_percentile" : 100.000000,
      "latency_window" : 0
    }
  ]
}
