{
  "fio version" : "fio-3.36",
  "timestamp" : 1733181068,
  "timestamp_ms" : 1733181068783,
  "time" : "Mon Dec  2 23:11:08 2024",
  "jobs" : [
    {
      "jobname" : "rand_write_direct0_fsync1",
      "groupid" : 0,
      "job_start" : 1733181037774,
      "error" : 0,
      "eta" : 0,
      "elapsed" : 92,
      "job options" : {
        "name" : "rand_write_direct0_fsync1",
        "rw" : "randwrite",
        "direct" : "0",
        "bs" : "4k",
        "runtime" : "30",
        "ramp_time" : "60",
        "filename" : "/dev/mapper/secure",
        "iodepth" : "1",
        "numjobs" : "2",
        "fsync" : "1"
      },
      "read" : {
        "io_bytes" : 0,
        "io_kbytes" : 0,
        "bw_bytes" : 0,
        "bw" : 0,
        "iops" : 0.000000,
        "runtime" : 0,
        "total_ios" : 0,
        "short_ios" : 0,
        "drop_ios" : 0,
        "slat_ns" : {
          "min" : 0,
          "max" : 0,
          "mean" : 0.000000,
          "stddev" : 0.000000,
          "N" : 0
        },
        "clat_ns" : {
          "min" : 0,
          "max" : 0,
          "mean" : 0.000000,
          "stddev" : 0.000000,
          "N" : 0
        },
        "lat_ns" : {
          "min" : 0,
          "max" : 0,
          "mean" : 0.000000,
          "stddev" : 0.000000,
          "N" : 0
        },
        "bw_min" : 0,
        "bw_max" : 0,
        "bw_agg" : 0.000000,
        "bw_mean" : 0.000000,
        "bw_dev" : 0.000000,
        "bw_samples" : 0,
        "iops_min" : 0,
        "iops_max" : 0,
        "iops_mean" : 0.000000,
        "iops_stddev" : 0.000000,
        "iops_samples" : 0
      },
      "write" : {
        "io_bytes" : 570535936,
        "io_kbytes" : 557164,
        "bw_bytes" : 19017230,
        "bw" : 18571,
        "iops" : 4642.878571,
        "runtime" : 30001,
        "total_ios" : 139291,
        "short_ios" : 0,
        "drop_ios" : 0,
        "slat_ns" : {
          "min" : 0,
          "max" : 0,
          "mean" : 0.000000,
          "stddev" : 0.000000,
          "N" : 0
        },
        "clat_ns" : {
          "min" : 3800,
          "max" : 1439514,
          "mean" : 7469.220883,
          "stddev" : 6695.816203,
          "N" : 139291,
          "percentile" : {
            "1.000000" : 4704,
            "5.000000" : 4896,
            "10.000000" : 5024,
            "20.000000" : 5216,
            "30.000000" : 5408,
            "40.000000" : 5792,
            "50.000000" : 6112,
            "60.000000" : 6496,
            "70.000000" : 7776,
            "80.000000" : 8768,
            "90.000000" : 11072,
            "95.000000" : 12480,
            "99.000000" : 20352,
            "99.500000" : 43264,
            "99.900000" : 66048,
            "99.950000" : 70144,
            "99.990000" : 124416
          }
        },
        "lat_ns" : {
          "min" : 3900,
          "max" : 1439814,
          "mean" : 7678.733141,
          "stddev" : 6756.833904,
          "N" : 139291
        },
        "bw_min" : 15078,
        "bw_max" : 20992,
        "bw_agg" : 100.000000,
        "bw_mean" : 18578.833333,
        "bw_dev" : 586.733457,
        "bw_samples" : 120,
        "iops_min" : 3768,
        "iops_max" : 5248,
        "iops_mean" : 4644.566667,
        "iops_stddev" : 146.715272,
        "iops_samples" : 120
      },
      "trim" : {
        "io_bytes" : 0,
        "io_kbytes" : 0,
        "bw_bytes" : 0,
        "bw" : 0,
        "iops" : 0.000000,
        "runtime" : 0,
        "total_ios" : 0,
        "short_ios" : 0,
        "drop_ios" : 0,
        "slat_ns" : {
          "min" : 0,
          "max" : 0,
          "mean" : 0.000000,
          "stddev" : 0.000000,
          "N" : 0
        },
        "clat_ns" : {
          "min" : 0,
          "max" : 0,
          "mean" : 0.000000,
          "stddev" : 0.000000,
          "N" : 0
        },
        "lat_ns" : {
          "min" : 0,
          "max" : 0,
          "mean" : 0.000000,
          "stddev" : 0.000000,
          "N" : 0
        },
        "bw_min" : 0,
        "bw_max" : 0,
        "bw_agg" : 0.000000,
        "bw_mean" : 0.000000,
        "bw_dev" : 0.000000,
        "bw_samples" : 0,
        "iops_min" : 0,
        "iops_max" : 0,
        "iops_mean" : 0.000000,
        "iops_stddev" : 0.000000,
        "iops_samples" : 0
      },
      "sync" : {
        "total_ios" : 139291,
        "lat_ns" : {
          "min" : 151301,
          "max" : 116170684,
          "mean" : 421025.432024,
          "stddev" : 729711.907471,
          "N" : 139291,
          "percentile" : {
            "1.000000" : 272384,
            "5.000000" : 296960,
            "10.000000" : 309248,
            "20.000000" : 325632,
            "30.000000" : 337920,
            "40.000000" : 350208,
            "50.000000" : 366592,
            "60.000000" : 378880,
            "70.000000" : 395264,
            "80.000000" : 423936,
            "90.000000" : 481280,
            "95.000000" : 610304,
            "99.000000" : 1417216,
            "99.500000" : 1810432,
            "99.900000" : 4751360,
            "99.950000" : 9764864,
            "99.990000" : 31588352
          }
        }
      },
      "job_runtime" : 60000,
      "usr_cpu" : 1.413333,
      "sys_cpu" : 10.161667,
      "ctx" : 139745,
      "majf" : 0,
      "minf" : 73,
      "iodepth_level" : {
        "1" : 200.000000,
        "2" : 0.000000,
        "4" : 0.000000,
        "8" : 0.000000,
        "16" : 0.000000,
        "32" : 0.000000,
        ">=64" : 0.000000
      },
      "iodepth_submit" : {
        "0" : 0.000000,
        "4" : 100.000000,
        "8" : 0.000000,
        "16" : 0.000000,
        "32" : 0.000000,
        "64" : 0.000000,
        ">=64" : 0.000000
      },
      "iodepth_complete" : {
        "0" : 0.000000,
        "4" : 100.000000,
        "8" : 0.000000,
        "16" : 0.000000,
        "32" : 0.000000,
        "64" : 0.000000,
        ">=64" : 0.000000
      },
      "latency_ns" : {
        "2" : 0.000000,
        "4" : 0.000000,
        "10" : 0.000000,
        "20" : 0.000000,
        "50" : 0.000000,
        "100" : 0.000000,
        "250" : 0.000000,
        "500" : 0.000000,
        "750" : 0.000000,
        "1000" : 0.000000
      },
      "latency_us" : {
        "2" : 0.000000,
        "4" : 0.010000,
        "10" : 86.352313,
        "20" : 12.618188,
        "50" : 0.699256,
        "100" : 0.315168,
        "250" : 0.010000,
        "500" : 0.010000,
        "750" : 0.010000,
        "1000" : 0.000000
      },
      "latency_ms" : {
        "2" : 0.010000,
        "4" : 0.000000,
        "10" : 0.000000,
        "20" : 0.000000,
        "50" : 0.000000,
        "100" : 0.000000,
        "250" : 0.000000,
        "500" : 0.000000,
        "750" : 0.000000,
        "1000" : 0.000000,
        "2000" : 0.000000,
        ">=2000" : 0.000000
      },
      "latency_depth" : 1,
      "latency_target" : 0,
      "latency_percentile" : 100.000000,
      "latency_window" : 0
    }
  ]
}
