{
  "fio version" : "fio-3.36",
  "timestamp" : 1733180248,
  "timestamp_ms" : 1733180248477,
  "time" : "Mon Dec  2 22:57:28 2024",
  "jobs" : [
    {
      "jobname" : "rand_write_direct1_fsync1",
      "groupid" : 0,
      "job_start" : 1733180218465,
      "error" : 0,
      "eta" : 0,
      "elapsed" : 91,
      "job options" : {
        "name" : "rand_write_direct1_fsync1",
        "rw" : "randwrite",
        "direct" : "1",
        "bs" : "4k",
        "runtime" : "30",
        "ramp_time" : "60",
        "filename" : "/dev/mapper/secure",
        "iodepth" : "1",
        "numjobs" : "4",
        "fsync" : "1"
      },
      "read" : {
        "io_bytes" : 0,
        "io_kbytes" : 0,
        "bw_bytes" : 0,
        "bw" : 0,
        "iops" : 0.000000,
        "runtime" : 0,
        "total_ios" : 0,
        "short_ios" : 0,
        "drop_ios" : 0,
        "slat_ns" : {
          "min" : 0,
          "max" : 0,
          "mean" : 0.000000,
          "stddev" : 0.000000,
          "N" : 0
        },
        "clat_ns" : {
          "min" : 0,
          "max" : 0,
          "mean" : 0.000000,
          "stddev" : 0.000000,
          "N" : 0
        },
        "lat_ns" : {
          "min" : 0,
          "max" : 0,
          "mean" : 0.000000,
          "stddev" : 0.000000,
          "N" : 0
        },
        "bw_min" : 0,
        "bw_max" : 0,
        "bw_agg" : 0.000000,
        "bw_mean" : 0.000000,
        "bw_dev" : 0.000000,
        "bw_samples" : 0,
        "iops_min" : 0,
        "iops_max" : 0,
        "iops_mean" : 0.000000,
        "iops_stddev" : 0.000000,
        "iops_samples" : 0
      },
      "write" : {
        "io_bytes" : 622518272,
        "io_kbytes" : 607928,
        "bw_bytes" : 20749917,
        "bw" : 20263,
        "iops" : 5065.897803,
        "runtime" : 30001,
        "total_ios" : 151982,
        "short_ios" : 0,
        "drop_ios" : 0,
        "slat_ns" : {
          "min" : 0,
          "max" : 0,
          "mean" : 0.000000,
          "stddev" : 0.000000,
          "N" : 0
        },
        "clat_ns" : {
          "min" : 8601,
          "max" : 72666840,
          "mean" : 356492.047907,
          "stddev" : 3913418.936622,
          "N" : 151982,
          "percentile" : {
            "1.000000" : 9408,
            "5.000000" : 9536,
            "10.000000" : 9664,
            "20.000000" : 9792,
            "30.000000" : 10048,
            "40.000000" : 10176,
            "50.000000" : 10560,
            "60.000000" : 11328,
            "70.000000" : 12096,
            "80.000000" : 15040,
            "90.000000" : 20608,
            "95.000000" : 22912,
            "99.000000" : 72192,
            "99.500000" : 39059456,
            "99.900000" : 53739520,
            "99.950000" : 60030976,
            "99.990000" : 66846720
          }
        },
        "lat_ns" : {
          "min" : 8701,
          "max" : 72666940,
          "mean" : 356679.208597,
          "stddev" : 3913419.086857,
          "N" : 151982
        },
        "bw_min" : 16055,
        "bw_max" : 24816,
        "bw_agg" : 100.000000,
        "bw_mean" : 20270.750000,
        "bw_dev" : 460.958842,
        "bw_samples" : 240,
        "iops_min" : 4013,
        "iops_max" : 6204,
        "iops_mean" : 5067.383333,
        "iops_stddev" : 115.193532,
        "iops_samples" : 240
      },
      "trim" : {
        "io_bytes" : 0,
        "io_kbytes" : 0,
        "bw_bytes" : 0,
        "bw" : 0,
        "iops" : 0.000000,
        "runtime" : 0,
        "total_ios" : 0,
        "short_ios" : 0,
        "drop_ios" : 0,
        "slat_ns" : {
          "min" : 0,
          "max" : 0,
          "mean" : 0.000000,
          "stddev" : 0.000000,
          "N" : 0
        },
        "clat_ns" : {
          "min" : 0,
          "max" : 0,
          "mean" : 0.000000,
          "stddev" : 0.000000,
          "N" : 0
        },
        "lat_ns" : {
          "min" : 0,
          "max" : 0,
          "mean" : 0.000000,
          "stddev" : 0.000000,
          "N" : 0
        },
        "bw_min" : 0,
        "bw_max" : 0,
        "bw_agg" : 0.000000,
        "bw_mean" : 0.000000,
        "bw_dev" : 0.000000,
        "bw_samples" : 0,
        "iops_min" : 0,
        "iops_max" : 0,
        "iops_mean" : 0.000000,
        "iops_stddev" : 0.000000,
        "iops_samples" : 0
      },
      "sync" : {
        "total_ios" : 151982,
        "lat_ns" : {
          "min" : 153902,
          "max" : 51389761,
          "mean" : 431355.429268,
          "stddev" : 529279.122834,
          "N" : 151982,
          "percentile" : {
            "1.000000" : 234496,
            "5.000000" : 313344,
            "10.000000" : 329728,
            "20.000000" : 346112,
            "30.000000" : 358400,
            "40.000000" : 370688,
            "50.000000" : 382976,
            "60.000000" : 399360,
            "70.000000" : 415744,
            "80.000000" : 440320,
            "90.000000" : 497664,
            "95.000000" : 618496,
            "99.000000" : 1384448,
            "99.500000" : 1728512,
            "99.900000" : 4227072,
            "99.950000" : 7241728,
            "99.990000" : 28442624
          }
        }
      },
      "job_runtime" : 120000,
      "usr_cpu" : 0.725833,
      "sys_cpu" : 3.948333,
      "ctx" : 153225,
      "majf" : 0,
      "minf" : 147,
      "iodepth_level" : {
        "1" : 200.000000,
        "2" : 0.000000,
        "4" : 0.000000,
        "8" : 0.000000,
        "16" : 0.000000,
        "32" : 0.000000,
        ">=64" : 0.000000
      },
      "iodepth_submit" : {
        "0" : 0.000000,
        "4" : 100.000000,
        "8" : 0.000000,
        "16" : 0.000000,
        "32" : 0.000000,
        "64" : 0.000000,
        ">=64" : 0.000000
      },
      "iodepth_complete" : {
        "0" : 0.000000,
        "4" : 100.000000,
        "8" : 0.000000,
        "16" : 0.000000,
        "32" : 0.000000,
        "64" : 0.000000,
        ">=64" : 0.000000
      },
      "latency_ns" : {
        "2" : 0.000000,
        "4" : 0.000000,
        "10" : 0.000000,
        "20" : 0.000000,
        "50" : 0.000000,
        "100" : 0.000000,
        "250" : 0.000000,
        "500" : 0.000000,
        "750" : 0.000000,
        "1000" : 0.000000
      },
      "latency_us" : {
        "2" : 0.000000,
        "4" : 0.000000,
        "10" : 25.880038,
        "20" : 62.705452,
        "50" : 9.885381,
        "100" : 0.662578,
        "250" : 0.063165,
        "500" : 0.010000,
        "750" : 0.010000,
        "1000" : 0.000000
      },
      "latency_ms" : {
        "2" : 0.010000,
        "4" : 0.000000,
        "10" : 0.000000,
        "20" : 0.000000,
        "50" : 0.637576,
        "100" : 0.159887,
        "250" : 0.000000,
        "500" : 0.000000,
        "750" : 0.000000,
        "1000" : 0.000000,
        "2000" : 0.000000,
        ">=2000" : 0.000000
      },
      "latency_depth" : 1,
      "latency_target" : 0,
      "latency_percentile" : 100.000000,
      "latency_window" : 0
    }
  ]
}
