{
  "fio version" : "fio-3.36",
  "timestamp" : 1733282516,
  "timestamp_ms" : 1733282516543,
  "time" : "Wed Dec  4 03:21:56 2024",
  "jobs" : [
    {
      "jobname" : "randwrite_direct1_fsync0_threads_4_772d",
      "groupid" : 0,
      "job_start" : 1733282455921,
      "error" : 0,
      "eta" : 0,
      "elapsed" : 92,
      "job options" : {
        "name" : "randwrite_direct1_fsync0_threads_4_772d",
        "rw" : "randwrite",
        "direct" : "1",
        "filename" : "/dev/mapper/secure",
        "numjobs" : "4",
        "fsync" : "0",
        "bs" : "4k",
        "ramp_time" : "30",
        "runtime" : "60",
        "iodepth" : "1",
        "end_fsync" : "1"
      },
      "read" : {
        "io_bytes" : 0,
        "io_kbytes" : 0,
        "bw_bytes" : 0,
        "bw" : 0,
        "iops" : 0.000000,
        "runtime" : 0,
        "total_ios" : 0,
        "short_ios" : 0,
        "drop_ios" : 0,
        "slat_ns" : {
          "min" : 0,
          "max" : 0,
          "mean" : 0.000000,
          "stddev" : 0.000000,
          "N" : 0
        },
        "clat_ns" : {
          "min" : 0,
          "max" : 0,
          "mean" : 0.000000,
          "stddev" : 0.000000,
          "N" : 0
        },
        "lat_ns" : {
          "min" : 0,
          "max" : 0,
          "mean" : 0.000000,
          "stddev" : 0.000000,
          "N" : 0
        },
        "bw_min" : 0,
        "bw_max" : 0,
        "bw_agg" : 0.000000,
        "bw_mean" : 0.000000,
        "bw_dev" : 0.000000,
        "bw_samples" : 0,
        "iops_min" : 0,
        "iops_max" : 0,
        "iops_mean" : 0.000000,
        "iops_stddev" : 0.000000,
        "iops_samples" : 0
      },
      "write" : {
        "io_bytes" : 1556074496,
        "io_kbytes" : 1519604,
        "bw_bytes" : 25676102,
        "bw" : 25074,
        "iops" : 6268.579632,
        "runtime" : 60604,
        "total_ios" : 379901,
        "short_ios" : 0,
        "drop_ios" : 0,
        "slat_ns" : {
          "min" : 0,
          "max" : 0,
          "mean" : 0.000000,
          "stddev" : 0.000000,
          "N" : 0
        },
        "clat_ns" : {
          "min" : 7300,
          "max" : 1423971664,
          "mean" : 637539.696047,
          "stddev" : 26815153.116577,
          "N" : 379901,
          "percentile" : {
            "1.000000" : 7520,
            "5.000000" : 7520,
            "10.000000" : 7584,
            "20.000000" : 7584,
            "30.000000" : 7584,
            "40.000000" : 7712,
            "50.000000" : 7712,
            "60.000000" : 7776,
            "70.000000" : 7904,
            "80.000000" : 8032,
            "90.000000" : 9920,
            "95.000000" : 14272,
            "99.000000" : 35072,
            "99.500000" : 45312,
            "99.900000" : 101888,
            "99.950000" : 985661440,
            "99.990000" : 1283457024
          }
        },
        "lat_ns" : {
          "min" : 7400,
          "max" : 1423971764,
          "mean" : 637606.325635,
          "stddev" : 26815153.073463,
          "N" : 379901
        },
        "bw_min" : 8952,
        "bw_max" : 72366,
        "bw_agg" : 100.000000,
        "bw_mean" : 50682.566667,
        "bw_dev" : 3858.253488,
        "bw_samples" : 240,
        "iops_min" : 2238,
        "iops_max" : 18090,
        "iops_mean" : 12670.150000,
        "iops_stddev" : 964.556324,
        "iops_samples" : 240
      },
      "trim" : {
        "io_bytes" : 0,
        "io_kbytes" : 0,
        "bw_bytes" : 0,
        "bw" : 0,
        "iops" : 0.000000,
        "runtime" : 0,
        "total_ios" : 0,
        "short_ios" : 0,
        "drop_ios" : 0,
        "slat_ns" : {
          "min" : 0,
          "max" : 0,
          "mean" : 0.000000,
          "stddev" : 0.000000,
          "N" : 0
        },
        "clat_ns" : {
          "min" : 0,
          "max" : 0,
          "mean" : 0.000000,
          "stddev" : 0.000000,
          "N" : 0
        },
        "lat_ns" : {
          "min" : 0,
          "max" : 0,
          "mean" : 0.000000,
          "stddev" : 0.000000,
          "N" : 0
        },
        "bw_min" : 0,
        "bw_max" : 0,
        "bw_agg" : 0.000000,
        "bw_mean" : 0.000000,
        "bw_dev" : 0.000000,
        "bw_samples" : 0,
        "iops_min" : 0,
        "iops_max" : 0,
        "iops_mean" : 0.000000,
        "iops_stddev" : 0.000000,
        "iops_samples" : 0
      },
      "sync" : {
        "total_ios" : 0,
        "lat_ns" : {
          "min" : 0,
          "max" : 0,
          "mean" : 0.000000,
          "stddev" : 0.000000,
          "N" : 0
        }
      },
      "job_runtime" : 242412,
      "usr_cpu" : 0.148095,
      "sys_cpu" : 1.317592,
      "ctx" : 851,
      "majf" : 0,
      "minf" : 146,
      "iodepth_level" : {
        "1" : 100.000000,
        "2" : 0.000000,
        "4" : 0.000000,
        "8" : 0.000000,
        "16" : 0.000000,
        "32" : 0.000000,
        ">=64" : 0.000000
      },
      "iodepth_submit" : {
        "0" : 0.000000,
        "4" : 100.000000,
        "8" : 0.000000,
        "16" : 0.000000,
        "32" : 0.000000,
        "64" : 0.000000,
        ">=64" : 0.000000
      },
      "iodepth_complete" : {
        "0" : 0.000000,
        "4" : 100.000000,
        "8" : 0.000000,
        "16" : 0.000000,
        "32" : 0.000000,
        "64" : 0.000000,
        ">=64" : 0.000000
      },
      "latency_ns" : {
        "2" : 0.000000,
        "4" : 0.000000,
        "10" : 0.000000,
        "20" : 0.000000,
        "50" : 0.000000,
        "100" : 0.000000,
        "250" : 0.000000,
        "500" : 0.000000,
        "750" : 0.000000,
        "1000" : 0.000000
      },
      "latency_us" : {
        "2" : 0.000000,
        "4" : 0.000000,
        "10" : 90.226138,
        "20" : 7.767024,
        "50" : 1.603312,
        "100" : 0.301658,
        "250" : 0.036062,
        "500" : 0.010000,
        "750" : 0.010000,
        "1000" : 0.010000
      },
      "latency_ms" : {
        "2" : 0.000000,
        "4" : 0.000000,
        "10" : 0.000000,
        "20" : 0.000000,
        "50" : 0.000000,
        "100" : 0.000000,
        "250" : 0.000000,
        "500" : 0.000000,
        "750" : 0.000000,
        "1000" : 0.016846,
        "2000" : 0.038958,
        ">=2000" : 0.000000
      },
      "latency_depth" : 1,
      "latency_target" : 0,
      "latency_percentile" : 100.000000,
      "latency_window" : 0
    }
  ]
}
