{
  "fio version" : "fio-3.36",
  "timestamp" : 1733180795,
  "timestamp_ms" : 1733180795207,
  "time" : "Mon Dec  2 23:06:35 2024",
  "jobs" : [
    {
      "jobname" : "rand_write_direct1_fsync0",
      "groupid" : 0,
      "job_start" : 1733180764298,
      "error" : 0,
      "eta" : 0,
      "elapsed" : 92,
      "job options" : {
        "name" : "rand_write_direct1_fsync0",
        "rw" : "randwrite",
        "direct" : "1",
        "bs" : "4k",
        "runtime" : "30",
        "ramp_time" : "60",
        "filename" : "/dev/mapper/secure",
        "iodepth" : "1",
        "numjobs" : "8"
      },
      "read" : {
        "io_bytes" : 0,
        "io_kbytes" : 0,
        "bw_bytes" : 0,
        "bw" : 0,
        "iops" : 0.000000,
        "runtime" : 0,
        "total_ios" : 0,
        "short_ios" : 0,
        "drop_ios" : 0,
        "slat_ns" : {
          "min" : 0,
          "max" : 0,
          "mean" : 0.000000,
          "stddev" : 0.000000,
          "N" : 0
        },
        "clat_ns" : {
          "min" : 0,
          "max" : 0,
          "mean" : 0.000000,
          "stddev" : 0.000000,
          "N" : 0
        },
        "lat_ns" : {
          "min" : 0,
          "max" : 0,
          "mean" : 0.000000,
          "stddev" : 0.000000,
          "N" : 0
        },
        "bw_min" : 0,
        "bw_max" : 0,
        "bw_agg" : 0.000000,
        "bw_mean" : 0.000000,
        "bw_dev" : 0.000000,
        "bw_samples" : 0,
        "iops_min" : 0,
        "iops_max" : 0,
        "iops_mean" : 0.000000,
        "iops_stddev" : 0.000000,
        "iops_samples" : 0
      },
      "write" : {
        "io_bytes" : 666058752,
        "io_kbytes" : 650448,
        "bw_bytes" : 21558787,
        "bw" : 21053,
        "iops" : 5263.375951,
        "runtime" : 30895,
        "total_ios" : 162612,
        "short_ios" : 0,
        "drop_ios" : 0,
        "slat_ns" : {
          "min" : 0,
          "max" : 0,
          "mean" : 0.000000,
          "stddev" : 0.000000,
          "N" : 0
        },
        "clat_ns" : {
          "min" : 7400,
          "max" : 1830028423,
          "mean" : 1519315.126799,
          "stddev" : 47173206.089603,
          "N" : 162612,
          "percentile" : {
            "1.000000" : 7520,
            "5.000000" : 7584,
            "10.000000" : 7712,
            "20.000000" : 7712,
            "30.000000" : 7776,
            "40.000000" : 7776,
            "50.000000" : 7904,
            "60.000000" : 8096,
            "70.000000" : 8896,
            "80.000000" : 10944,
            "90.000000" : 11584,
            "95.000000" : 13248,
            "99.000000" : 41728,
            "99.500000" : 57088,
            "99.900000" : 1249902592,
            "99.950000" : 1434451968,
            "99.990000" : 1652555776
          }
        },
        "lat_ns" : {
          "min" : 7400,
          "max" : 1830028523,
          "mean" : 1519389.842164,
          "stddev" : 47173205.745984,
          "N" : 162612
        },
        "bw_min" : 24456,
        "bw_max" : 66681,
        "bw_agg" : 100.000000,
        "bw_mean" : 59161.772727,
        "bw_dev" : 1294.215458,
        "bw_samples" : 176,
        "iops_min" : 6114,
        "iops_max" : 16670,
        "iops_mean" : 14789.590909,
        "iops_stddev" : 323.529771,
        "iops_samples" : 176
      },
      "trim" : {
        "io_bytes" : 0,
        "io_kbytes" : 0,
        "bw_bytes" : 0,
        "bw" : 0,
        "iops" : 0.000000,
        "runtime" : 0,
        "total_ios" : 0,
        "short_ios" : 0,
        "drop_ios" : 0,
        "slat_ns" : {
          "min" : 0,
          "max" : 0,
          "mean" : 0.000000,
          "stddev" : 0.000000,
          "N" : 0
        },
        "clat_ns" : {
          "min" : 0,
          "max" : 0,
          "mean" : 0.000000,
          "stddev" : 0.000000,
          "N" : 0
        },
        "lat_ns" : {
          "min" : 0,
          "max" : 0,
          "mean" : 0.000000,
          "stddev" : 0.000000,
          "N" : 0
        },
        "bw_min" : 0,
        "bw_max" : 0,
        "bw_agg" : 0.000000,
        "bw_mean" : 0.000000,
        "bw_dev" : 0.000000,
        "bw_samples" : 0,
        "iops_min" : 0,
        "iops_max" : 0,
        "iops_mean" : 0.000000,
        "iops_stddev" : 0.000000,
        "iops_samples" : 0
      },
      "sync" : {
        "total_ios" : 0,
        "lat_ns" : {
          "min" : 0,
          "max" : 0,
          "mean" : 0.000000,
          "stddev" : 0.000000,
          "N" : 0
        }
      },
      "job_runtime" : 247152,
      "usr_cpu" : 0.073639,
      "sys_cpu" : 0.592753,
      "ctx" : 228,
      "majf" : 0,
      "minf" : 293,
      "iodepth_level" : {
        "1" : 100.000000,
        "2" : 0.000000,
        "4" : 0.000000,
        "8" : 0.000000,
        "16" : 0.000000,
        "32" : 0.000000,
        ">=64" : 0.000000
      },
      "iodepth_submit" : {
        "0" : 0.000000,
        "4" : 100.000000,
        "8" : 0.000000,
        "16" : 0.000000,
        "32" : 0.000000,
        "64" : 0.000000,
        ">=64" : 0.000000
      },
      "iodepth_complete" : {
        "0" : 0.000000,
        "4" : 100.000000,
        "8" : 0.000000,
        "16" : 0.000000,
        "32" : 0.000000,
        "64" : 0.000000,
        ">=64" : 0.000000
      },
      "latency_ns" : {
        "2" : 0.000000,
        "4" : 0.000000,
        "10" : 0.000000,
        "20" : 0.000000,
        "50" : 0.000000,
        "100" : 0.000000,
        "250" : 0.000000,
        "500" : 0.000000,
        "750" : 0.000000,
        "1000" : 0.000000
      },
      "latency_us" : {
        "2" : 0.000000,
        "4" : 0.000000,
        "10" : 73.904140,
        "20" : 24.254668,
        "50" : 1.186874,
        "100" : 0.532556,
        "250" : 0.017834,
        "500" : 0.010000,
        "750" : 0.000000,
        "1000" : 0.000000
      },
      "latency_ms" : {
        "2" : 0.000000,
        "4" : 0.000000,
        "10" : 0.000000,
        "20" : 0.000000,
        "50" : 0.000000,
        "100" : 0.000000,
        "250" : 0.000000,
        "500" : 0.000000,
        "750" : 0.000000,
        "1000" : 0.000000,
        "2000" : 0.103313,
        ">=2000" : 0.000000
      },
      "latency_depth" : 1,
      "latency_target" : 0,
      "latency_percentile" : 100.000000,
      "latency_window" : 0
    }
  ]
}
