{
    "fio version": "fio-3.36",
    "timestamp": 1733288336,
    "timestamp_ms": 1733288336678,
    "time": "Wed Dec  4 04:58:56 2024",
    "jobs": [
        {
            "jobname": "6",
            "groupid": 0,
            "job_start": 1733288275506,
            "error": 0,
            "eta": 0,
            "elapsed": 92,
            "job options": {
                "name": "6",
                "rw": "read",
                "direct": "0",
                "filename": "/dev/mapper/secure",
                "numjobs": "6",
                "fsync": "0",
                "bs": "4k",
                "ramp_time": "30",
                "runtime": "60",
                "iodepth": "1",
                "end_fsync": "1"
            },
            "read": {
                "io_bytes": 44897226752,
                "io_kbytes": 43844948,
                "bw_bytes": 748274641,
                "bw": 730736,
                "iops": 182684.238596,
                "runtime": 60001,
                "total_ios": 10961237,
                "short_ios": 0,
                "drop_ios": 0,
                "slat_ns": {
                    "min": 0,
                    "max": 0,
                    "mean": 0.000000,
                    "stddev": 0.000000,
                    "N": 0
                },
                "clat_ns": {
                    "min": 700,
                    "max": 33184090,
                    "mean": 32499.662286,
                    "stddev": 83536.584482,
                    "N": 10961237,
                    "percentile": {
                        "1.000000": 700,
                        "5.000000": 700,
                        "10.000000": 804,
                        "20.000000": 804,
                        "30.000000": 804,
                        "40.000000": 900,
                        "50.000000": 1004,
                        "60.000000": 1096,
                        "70.000000": 60160,
                        "80.000000": 83456,
                        "90.000000": 86528,
                        "95.000000": 94720,
                        "99.000000": 242688,
                        "99.500000": 432128,
                        "99.900000": 684032,
                        "99.950000": 995328,
                        "99.990000": 2088960
                    }
                },
                "lat_ns": {
                    "min": 700,
                    "max": 33184190,
                    "mean": 32551.194506,
                    "stddev": 83550.644551,
                    "N": 10961237
                },
                "bw_min": 530056,
                "bw_max": 1358400,
                "bw_agg": 100.000000,
                "bw_mean": 731002.554622,
                "bw_dev": 25406.762529,
                "bw_samples": 714,
                "iops_min": 132514,
                "iops_max": 339600,
                "iops_mean": 182750.319328,
                "iops_stddev": 6351.716025,
                "iops_samples": 714
            },
            "write": {
                "io_bytes": 0,
                "io_kbytes": 0,
                "bw_bytes": 0,
                "bw": 0,
                "iops": 0.000000,
                "runtime": 0,
                "total_ios": 0,
                "short_ios": 0,
                "drop_ios": 0,
                "slat_ns": {
                    "min": 0,
                    "max": 0,
                    "mean": 0.000000,
                    "stddev": 0.000000,
                    "N": 0
                },
                "clat_ns": {
                    "min": 0,
                    "max": 0,
                    "mean": 0.000000,
                    "stddev": 0.000000,
                    "N": 0
                },
                "lat_ns": {
                    "min": 0,
                    "max": 0,
                    "mean": 0.000000,
                    "stddev": 0.000000,
                    "N": 0
                },
                "bw_min": 0,
                "bw_max": 0,
                "bw_agg": 0.000000,
                "bw_mean": 0.000000,
                "bw_dev": 0.000000,
                "bw_samples": 0,
                "iops_min": 0,
                "iops_max": 0,
                "iops_mean": 0.000000,
                "iops_stddev": 0.000000,
                "iops_samples": 0
            },
            "trim": {
                "io_bytes": 0,
                "io_kbytes": 0,
                "bw_bytes": 0,
                "bw": 0,
                "iops": 0.000000,
                "runtime": 0,
                "total_ios": 0,
                "short_ios": 0,
                "drop_ios": 0,
                "slat_ns": {
                    "min": 0,
                    "max": 0,
                    "mean": 0.000000,
                    "stddev": 0.000000,
                    "N": 0
                },
                "clat_ns": {
                    "min": 0,
                    "max": 0,
                    "mean": 0.000000,
                    "stddev": 0.000000,
                    "N": 0
                },
                "lat_ns": {
                    "min": 0,
                    "max": 0,
                    "mean": 0.000000,
                    "stddev": 0.000000,
                    "N": 0
                },
                "bw_min": 0,
                "bw_max": 0,
                "bw_agg": 0.000000,
                "bw_mean": 0.000000,
                "bw_dev": 0.000000,
                "bw_samples": 0,
                "iops_min": 0,
                "iops_max": 0,
                "iops_mean": 0.000000,
                "iops_stddev": 0.000000,
                "iops_samples": 0
            },
            "sync": {
                "total_ios": 0,
                "lat_ns": {
                    "min": 0,
                    "max": 0,
                    "mean": 0.000000,
                    "stddev": 0.000000,
                    "N": 0
                }
            },
            "job_runtime": 360000,
            "usr_cpu": 5.931111,
            "sys_cpu": 17.617222,
            "ctx": 3551315,
            "majf": 0,
            "minf": 219,
            "iodepth_level": {
                "1": 100.000000,
                "2": 0.000000,
                "4": 0.000000,
                "8": 0.000000,
                "16": 0.000000,
                "32": 0.000000,
                ">=64": 0.000000
            },
            "iodepth_submit": {
                "0": 0.000000,
                "4": 100.000000,
                "8": 0.000000,
                "16": 0.000000,
                "32": 0.000000,
                "64": 0.000000,
                ">=64": 0.000000
            },
            "iodepth_complete": {
                "0": 0.000000,
                "4": 100.000000,
                "8": 0.000000,
                "16": 0.000000,
                "32": 0.000000,
                "64": 0.000000,
                ">=64": 0.000000
            },
            "latency_ns": {
                "2": 0.000000,
                "4": 0.000000,
                "10": 0.000000,
                "20": 0.000000,
                "50": 0.000000,
                "100": 0.000000,
                "250": 0.000000,
                "500": 0.000000,
                "750": 6.529391,
                "1000": 40.456656
            },
            "latency_us": {
                "2": 17.918926,
                "4": 2.411863,
                "10": 0.025855,
                "20": 0.010000,
                "50": 0.793277,
                "100": 27.895556,
                "250": 3.009523,
                "500": 0.632675,
                "750": 0.238595,
                "1000": 0.032606
            },
            "latency_ms": {
                "2": 0.038244,
                "4": 0.010000,
                "10": 0.010000,
                "20": 0.010000,
                "50": 0.010000,
                "100": 0.000000,
                "250": 0.000000,
                "500": 0.000000,
                "750": 0.000000,