{
  "fio version" : "fio-3.36",
  "timestamp" : 1733283250,
  "timestamp_ms" : 1733283250096,
  "time" : "Wed Dec  4 03:34:10 2024",
  "jobs" : [
    {
      "jobname" : "read_direct1_fsync0_threads_8_a653",
      "groupid" : 0,
      "job_start" : 1733283190062,
      "error" : 0,
      "eta" : 0,
      "elapsed" : 91,
      "job options" : {
        "name" : "read_direct1_fsync0_threads_8_a653",
        "rw" : "read",
        "direct" : "1",
        "filename" : "/dev/mapper/secure",
        "numjobs" : "8",
        "fsync" : "0",
        "bs" : "4k",
        "ramp_time" : "30",
        "runtime" : "60",
        "iodepth" : "1",
        "end_fsync" : "1"
      },
      "read" : {
        "io_bytes" : 10263322624,
        "io_kbytes" : 10022776,
        "bw_bytes" : 170992679,
        "bw" : 166985,
        "iops" : 41746.259705,
        "runtime" : 60022,
        "total_ios" : 2505694,
        "short_ios" : 0,
        "drop_ios" : 0,
        "slat_ns" : {
          "min" : 0,
          "max" : 0,
          "mean" : 0.000000,
          "stddev" : 0.000000,
          "N" : 0
        },
        "clat_ns" : {
          "min" : 117102,
          "max" : 185157188,
          "mean" : 190694.761684,
          "stddev" : 515982.816367,
          "N" : 2505694,
          "percentile" : {
            "1.000000" : 144384,
            "5.000000" : 150528,
            "10.000000" : 156672,
            "20.000000" : 162816,
            "30.000000" : 166912,
            "40.000000" : 173056,
            "50.000000" : 177152,
            "60.000000" : 181248,
            "70.000000" : 187392,
            "80.000000" : 195584,
            "90.000000" : 207872,
            "95.000000" : 222208,
            "99.000000" : 284672,
            "99.500000" : 387072,
            "99.900000" : 1859584,
            "99.950000" : 4014080,
            "99.990000" : 16908288
          }
        },
        "lat_ns" : {
          "min" : 117202,
          "max" : 185157388,
          "mean" : 190794.221906,
          "stddev" : 515983.350459,
          "N" : 2505694
        },
        "bw_min" : 111352,
        "bw_max" : 188870,
        "bw_agg" : 100.000000,
        "bw_mean" : 167109.491667,
        "bw_dev" : 1483.460925,
        "bw_samples" : 960,
        "iops_min" : 27838,
        "iops_max" : 47217,
        "iops_mean" : 41776.808333,
        "iops_stddev" : 370.856495,
        "iops_samples" : 960
      },
      "write" : {
        "io_bytes" : 0,
        "io_kbytes" : 0,
        "bw_bytes" : 0,
        "bw" : 0,
        "iops" : 0.000000,
        "runtime" : 0,
        "total_ios" : 0,
        "short_ios" : 0,
        "drop_ios" : 0,
        "slat_ns" : {
          "min" : 0,
          "max" : 0,
          "mean" : 0.000000,
          "stddev" : 0.000000,
          "N" : 0
        },
        "clat_ns" : {
          "min" : 0,
          "max" : 0,
          "mean" : 0.000000,
          "stddev" : 0.000000,
          "N" : 0
        },
        "lat_ns" : {
          "min" : 0,
          "max" : 0,
          "mean" : 0.000000,
          "stddev" : 0.000000,
          "N" : 0
        },
        "bw_min" : 0,
        "bw_max" : 0,
        "bw_agg" : 0.000000,
        "bw_mean" : 0.000000,
        "bw_dev" : 0.000000,
        "bw_samples" : 0,
        "iops_min" : 0,
        "iops_max" : 0,
        "iops_mean" : 0.000000,
        "iops_stddev" : 0.000000,
        "iops_samples" : 0
      },
      "trim" : {
        "io_bytes" : 0,
        "io_kbytes" : 0,
        "bw_bytes" : 0,
        "bw" : 0,
        "iops" : 0.000000,
        "runtime" : 0,
        "total_ios" : 0,
        "short_ios" : 0,
        "drop_ios" : 0,
        "slat_ns" : {
          "min" : 0,
          "max" : 0,
          "mean" : 0.000000,
          "stddev" : 0.000000,
          "N" : 0
        },
        "clat_ns" : {
          "min" : 0,
          "max" : 0,
          "mean" : 0.000000,
          "stddev" : 0.000000,
          "N" : 0
        },
        "lat_ns" : {
          "min" : 0,
          "max" : 0,
          "mean" : 0.000000,
          "stddev" : 0.000000,
          "N" : 0
        },
        "bw_min" : 0,
        "bw_max" : 0,
        "bw_agg" : 0.000000,
        "bw_mean" : 0.000000,
        "bw_dev" : 0.000000,
        "bw_samples" : 0,
        "iops_min" : 0,
        "iops_max" : 0,
        "iops_mean" : 0.000000,
        "iops_stddev" : 0.000000,
        "iops_samples" : 0
      },
      "sync" : {
        "total_ios" : 0,
        "lat_ns" : {
          "min" : 0,
          "max" : 0,
          "mean" : 0.000000,
          "stddev" : 0.000000,
          "N" : 0
        }
      },
      "job_runtime" : 480065,
      "usr_cpu" : 1.993272,
      "sys_cpu" : 15.048171,
      "ctx" : 2509377,
      "majf" : 0,
      "minf" : 292,
      "iodepth_level" : {
        "1" : 100.000000,
        "2" : 0.000000,
        "4" : 0.000000,
        "8" : 0.000000,
        "16" : 0.000000,
        "32" : 0.000000,
        ">=64" : 0.000000
      },
      "iodepth_submit" : {
        "0" : 0.000000,
        "4" : 100.000000,
        "8" : 0.000000,
        "16" : 0.000000,
        "32" : 0.000000,
        "64" : 0.000000,
        ">=64" : 0.000000
      },
      "iodepth_complete" : {
        "0" : 0.000000,
        "4" : 100.000000,
        "8" : 0.000000,
        "16" : 0.000000,
        "32" : 0.000000,
        "64" : 0.000000,
        ">=64" : 0.000000
      },
      "latency_ns" : {
        "2" : 0.000000,
        "4" : 0.000000,
        "10" : 0.000000,
        "20" : 0.000000,
        "50" : 0.000000,
        "100" : 0.000000,
        "250" : 0.000000,
        "500" : 0.000000,
        "750" : 0.000000,
        "1000" : 0.000000
      },
      "latency_us" : {
        "2" : 0.000000,
        "4" : 0.000000,
        "10" : 0.000000,
        "20" : 0.000000,
        "50" : 0.000000,
        "100" : 0.000000,
        "250" : 98.021706,
        "500" : 1.604945,
        "750" : 0.118410,
        "1000" : 0.069123
      },
      "latency_ms" : {
        "2" : 0.094265,
        "4" : 0.041426,
        "10" : 0.032566,
        "20" : 0.010000,
        "50" : 0.010000,
        "100" : 0.010000,
        "250" : 0.010000,
        "500" : 0.000000,
        "750" : 0.000000,
        "1000" : 0.000000,
        "2000" : 0.000000,
        ">=2000" : 0.000000
      },
      "latency_depth" : 1,
      "latency_target" : 0,
      "latency_percentile" : 100.000000,
      "latency_window" : 0
    }
  ]
}
