{
  "fio version" : "fio-3.36",
  "timestamp" : 1733180067,
  "timestamp_ms" : 1733180067993,
  "time" : "Mon Dec  2 22:54:27 2024",
  "jobs" : [
    {
      "jobname" : "rand_write_direct1_fsync1",
      "groupid" : 0,
      "job_start" : 1733180037980,
      "error" : 0,
      "eta" : 0,
      "elapsed" : 91,
      "job options" : {
        "name" : "rand_write_direct1_fsync1",
        "rw" : "randwrite",
        "direct" : "1",
        "bs" : "4k",
        "runtime" : "30",
        "ramp_time" : "60",
        "filename" : "/dev/mapper/secure",
        "iodepth" : "1",
        "numjobs" : "1",
        "fsync" : "1"
      },
      "read" : {
        "io_bytes" : 0,
        "io_kbytes" : 0,
        "bw_bytes" : 0,
        "bw" : 0,
        "iops" : 0.000000,
        "runtime" : 0,
        "total_ios" : 0,
        "short_ios" : 0,
        "drop_ios" : 0,
        "slat_ns" : {
          "min" : 0,
          "max" : 0,
          "mean" : 0.000000,
          "stddev" : 0.000000,
          "N" : 0
        },
        "clat_ns" : {
          "min" : 0,
          "max" : 0,
          "mean" : 0.000000,
          "stddev" : 0.000000,
          "N" : 0
        },
        "lat_ns" : {
          "min" : 0,
          "max" : 0,
          "mean" : 0.000000,
          "stddev" : 0.000000,
          "N" : 0
        },
        "bw_min" : 0,
        "bw_max" : 0,
        "bw_agg" : 0.000000,
        "bw_mean" : 0.000000,
        "bw_dev" : 0.000000,
        "bw_samples" : 0,
        "iops_min" : 0,
        "iops_max" : 0,
        "iops_mean" : 0.000000,
        "iops_stddev" : 0.000000,
        "iops_samples" : 0
      },
      "write" : {
        "io_bytes" : 529129472,
        "io_kbytes" : 516728,
        "bw_bytes" : 17637061,
        "bw" : 17223,
        "iops" : 4305.923136,
        "runtime" : 30001,
        "total_ios" : 129182,
        "short_ios" : 0,
        "drop_ios" : 0,
        "slat_ns" : {
          "min" : 0,
          "max" : 0,
          "mean" : 0.000000,
          "stddev" : 0.000000,
          "N" : 0
        },
        "clat_ns" : {
          "min" : 9900,
          "max" : 2464523,
          "mean" : 19385.763845,
          "stddev" : 15902.016947,
          "N" : 129182,
          "percentile" : {
            "1.000000" : 10688,
            "5.000000" : 10944,
            "10.000000" : 10944,
            "20.000000" : 11072,
            "30.000000" : 11328,
            "40.000000" : 11456,
            "50.000000" : 11840,
            "60.000000" : 12352,
            "70.000000" : 14272,
            "80.000000" : 34048,
            "90.000000" : 37632,
            "95.000000" : 44800,
            "99.000000" : 70144,
            "99.500000" : 81408,
            "99.900000" : 129536,
            "99.950000" : 140288,
            "99.990000" : 160768
          }
        },
        "lat_ns" : {
          "min" : 10000,
          "max" : 2464723,
          "mean" : 19539.115682,
          "stddev" : 15915.417260,
          "N" : 129182
        },
        "bw_min" : 14316,
        "bw_max" : 20553,
        "bw_agg" : 100.000000,
        "bw_mean" : 17231.333333,
        "bw_dev" : 1295.003392,
        "bw_samples" : 60,
        "iops_min" : 3579,
        "iops_max" : 5138,
        "iops_mean" : 4307.766667,
        "iops_stddev" : 323.752540,
        "iops_samples" : 60
      },
      "trim" : {
        "io_bytes" : 0,
        "io_kbytes" : 0,
        "bw_bytes" : 0,
        "bw" : 0,
        "iops" : 0.000000,
        "runtime" : 0,
        "total_ios" : 0,
        "short_ios" : 0,
        "drop_ios" : 0,
        "slat_ns" : {
          "min" : 0,
          "max" : 0,
          "mean" : 0.000000,
          "stddev" : 0.000000,
          "N" : 0
        },
        "clat_ns" : {
          "min" : 0,
          "max" : 0,
          "mean" : 0.000000,
          "stddev" : 0.000000,
          "N" : 0
        },
        "lat_ns" : {
          "min" : 0,
          "max" : 0,
          "mean" : 0.000000,
          "stddev" : 0.000000,
          "N" : 0
        },
        "bw_min" : 0,
        "bw_max" : 0,
        "bw_agg" : 0.000000,
        "bw_mean" : 0.000000,
        "bw_dev" : 0.000000,
        "bw_samples" : 0,
        "iops_min" : 0,
        "iops_max" : 0,
        "iops_mean" : 0.000000,
        "iops_stddev" : 0.000000,
        "iops_samples" : 0
      },
      "sync" : {
        "total_ios" : 129182,
        "lat_ns" : {
          "min" : 62701,
          "max" : 57891333,
          "mean" : 211158.236473,
          "stddev" : 387547.738198,
          "N" : 129182,
          "percentile" : {
            "1.000000" : 115200,
            "5.000000" : 132096,
            "10.000000" : 142336,
            "20.000000" : 152576,
            "30.000000" : 160768,
            "40.000000" : 168960,
            "50.000000" : 175104,
            "60.000000" : 183296,
            "70.000000" : 193536,
            "80.000000" : 209920,
            "90.000000" : 248832,
            "95.000000" : 333824,
            "99.000000" : 946176,
            "99.500000" : 1318912,
            "99.900000" : 2637824,
            "99.950000" : 4177920,
            "99.990000" : 14745600
          }
        }
      },
      "job_runtime" : 30000,
      "usr_cpu" : 1.393333,
      "sys_cpu" : 7.726667,
      "ctx" : 181847,
      "majf" : 0,
      "minf" : 36,
      "iodepth_level" : {
        "1" : 200.000000,
        "2" : 0.000000,
        "4" : 0.000000,
        "8" : 0.000000,
        "16" : 0.000000,
        "32" : 0.000000,
        ">=64" : 0.000000
      },
      "iodepth_submit" : {
        "0" : 0.000000,
        "4" : 100.000000,
        "8" : 0.000000,
        "16" : 0.000000,
        "32" : 0.000000,
        "64" : 0.000000,
        ">=64" : 0.000000
      },
      "iodepth_complete" : {
        "0" : 0.000000,
        "4" : 100.000000,
        "8" : 0.000000,
        "16" : 0.000000,
        "32" : 0.000000,
        "64" : 0.000000,
        ">=64" : 0.000000
      },
      "latency_ns" : {
        "2" : 0.000000,
        "4" : 0.000000,
        "10" : 0.000000,
        "20" : 0.000000,
        "50" : 0.000000,
        "100" : 0.000000,
        "250" : 0.000000,
        "500" : 0.000000,
        "750" : 0.000000,
        "1000" : 0.000000
      },
      "latency_us" : {
        "2" : 0.000000,
        "4" : 0.000000,
        "10" : 0.010000,
        "20" : 72.737688,
        "50" : 24.315307,
        "100" : 2.643557,
        "250" : 0.299577,
        "500" : 0.010000,
        "750" : 0.000000,
        "1000" : 0.000000
      },
      "latency_ms" : {
        "2" : 0.000000,
        "4" : 0.010000,
        "10" : 0.000000,
        "20" : 0.000000,
        "50" : 0.000000,
        "100" : 0.000000,
        "250" : 0.000000,
        "500" : 0.000000,
        "750" : 0.000000,
        "1000" : 0.000000,
        "2000" : 0.000000,
        ">=2000" : 0.000000
      },
      "latency_depth" : 1,
      "latency_target" : 0,
      "latency_percentile" : 100.000000,
      "latency_window" : 0
    }
  ]
}
