{
  "fio version" : "fio-3.36",
  "timestamp" : 1733281964,
  "timestamp_ms" : 1733281964690,
  "time" : "Wed Dec  4 03:12:44 2024",
  "jobs" : [
    {
      "jobname" : "randwrite_direct0_fsync0_threads_4_7353",
      "groupid" : 0,
      "job_start" : 1733281807066,
      "error" : 0,
      "eta" : 0,
      "elapsed" : 188,
      "job options" : {
        "name" : "randwrite_direct0_fsync0_threads_4_7353",
        "rw" : "randwrite",
        "direct" : "0",
        "filename" : "/dev/mapper/secure",
        "numjobs" : "4",
        "fsync" : "0",
        "bs" : "4k",
        "ramp_time" : "30",
        "runtime" : "60",
        "iodepth" : "1",
        "end_fsync" : "1"
      },
      "read" : {
        "io_bytes" : 0,
        "io_kbytes" : 0,
        "bw_bytes" : 0,
        "bw" : 0,
        "iops" : 0.000000,
        "runtime" : 0,
        "total_ios" : 0,
        "short_ios" : 0,
        "drop_ios" : 0,
        "slat_ns" : {
          "min" : 0,
          "max" : 0,
          "mean" : 0.000000,
          "stddev" : 0.000000,
          "N" : 0
        },
        "clat_ns" : {
          "min" : 0,
          "max" : 0,
          "mean" : 0.000000,
          "stddev" : 0.000000,
          "N" : 0
        },
        "lat_ns" : {
          "min" : 0,
          "max" : 0,
          "mean" : 0.000000,
          "stddev" : 0.000000,
          "N" : 0
        },
        "bw_min" : 0,
        "bw_max" : 0,
        "bw_agg" : 0.000000,
        "bw_mean" : 0.000000,
        "bw_dev" : 0.000000,
        "bw_samples" : 0,
        "iops_min" : 0,
        "iops_max" : 0,
        "iops_mean" : 0.000000,
        "iops_stddev" : 0.000000,
        "iops_samples" : 0
      },
      "write" : {
        "io_bytes" : 9316810752,
        "io_kbytes" : 9098448,
        "bw_bytes" : 62883017,
        "bw" : 61409,
        "iops" : 15352.299188,
        "runtime" : 148161,
        "total_ios" : 2274612,
        "short_ios" : 0,
        "drop_ios" : 0,
        "slat_ns" : {
          "min" : 0,
          "max" : 0,
          "mean" : 0.000000,
          "stddev" : 0.000000,
          "N" : 0
        },
        "clat_ns" : {
          "min" : 1500,
          "max" : 34526896,
          "mean" : 105034.787301,
          "stddev" : 1663009.575684,
          "N" : 2274612,
          "percentile" : {
            "1.000000" : 2896,
            "5.000000" : 3088,
            "10.000000" : 3216,
            "20.000000" : 3312,
            "30.000000" : 3408,
            "40.000000" : 3696,
            "50.000000" : 3792,
            "60.000000" : 3888,
            "70.000000" : 4016,
            "80.000000" : 4192,
            "90.000000" : 5024,
            "95.000000" : 5984,
            "99.000000" : 17536,
            "99.500000" : 47360,
            "99.900000" : 31850496,
            "99.950000" : 32636928,
            "99.990000" : 32636928
          }
        },
        "lat_ns" : {
          "min" : 1600,
          "max" : 34526896,
          "mean" : 105093.093587,
          "stddev" : 1663009.542461,
          "N" : 2274612
        },
        "bw_min" : 132096,
        "bw_max" : 174215,
        "bw_agg" : 100.000000,
        "bw_mean" : 151614.504202,
        "bw_dev" : 2852.439272,
        "bw_samples" : 476,
        "iops_min" : 33024,
        "iops_max" : 43553,
        "iops_mean" : 37903.470588,
        "iops_stddev" : 713.108032,
        "iops_samples" : 476
      },
      "trim" : {
        "io_bytes" : 0,
        "io_kbytes" : 0,
        "bw_bytes" : 0,
        "bw" : 0,
        "iops" : 0.000000,
        "runtime" : 0,
        "total_ios" : 0,
        "short_ios" : 0,
        "drop_ios" : 0,
        "slat_ns" : {
          "min" : 0,
          "max" : 0,
          "mean" : 0.000000,
          "stddev" : 0.000000,
          "N" : 0
        },
        "clat_ns" : {
          "min" : 0,
          "max" : 0,
          "mean" : 0.000000,
          "stddev" : 0.000000,
          "N" : 0
        },
        "lat_ns" : {
          "min" : 0,
          "max" : 0,
          "mean" : 0.000000,
          "stddev" : 0.000000,
          "N" : 0
        },
        "bw_min" : 0,
        "bw_max" : 0,
        "bw_agg" : 0.000000,
        "bw_mean" : 0.000000,
        "bw_dev" : 0.000000,
        "bw_samples" : 0,
        "iops_min" : 0,
        "iops_max" : 0,
        "iops_mean" : 0.000000,
        "iops_stddev" : 0.000000,
        "iops_samples" : 0
      },
      "sync" : {
        "total_ios" : 0,
        "lat_ns" : {
          "min" : 0,
          "max" : 0,
          "mean" : 0.000000,
          "stddev" : 0.000000,
          "N" : 0
        }
      },
      "job_runtime" : 592599,
      "usr_cpu" : 0.349477,
      "sys_cpu" : 7.818778,
      "ctx" : 1502903,
      "majf" : 0,
      "minf" : 146,
      "iodepth_level" : {
        "1" : 100.000000,
        "2" : 0.000000,
        "4" : 0.000000,
        "8" : 0.000000,
        "16" : 0.000000,
        "32" : 0.000000,
        ">=64" : 0.000000
      },
      "iodepth_submit" : {
        "0" : 0.000000,
        "4" : 100.000000,
        "8" : 0.000000,
        "16" : 0.000000,
        "32" : 0.000000,
        "64" : 0.000000,
        ">=64" : 0.000000
      },
      "iodepth_complete" : {
        "0" : 0.000000,
        "4" : 100.000000,
        "8" : 0.000000,
        "16" : 0.000000,
        "32" : 0.000000,
        "64" : 0.000000,
        ">=64" : 0.000000
      },
      "latency_ns" : {
        "2" : 0.000000,
        "4" : 0.000000,
        "10" : 0.000000,
        "20" : 0.000000,
        "50" : 0.000000,
        "100" : 0.000000,
        "250" : 0.000000,
        "500" : 0.000000,
        "750" : 0.000000,
        "1000" : 0.000000
      },
      "latency_us" : {
        "2" : 0.010000,
        "4" : 62.355822,
        "10" : 36.343077,
        "20" : 0.389121,
        "50" : 0.430843,
        "100" : 0.103138,
        "250" : 0.010000,
        "500" : 0.010000,
        "750" : 0.000000,
        "1000" : 0.000000
      },
      "latency_ms" : {
        "2" : 0.000000,
        "4" : 0.000000,
        "10" : 0.000000,
        "20" : 0.000000,
        "50" : 0.376680,
        "100" : 0.000000,
        "250" : 0.000000,
        "500" : 0.000000,
        "750" : 0.000000,
        "1000" : 0.000000,
        "2000" : 0.000000,
        ">=2000" : 0.000000
      },
      "latency_depth" : 1,
      "latency_target" : 0,
      "latency_percentile" : 100.000000,
      "latency_window" : 0
    }
  ]
}
