{
  "fio version" : "fio-3.36",
  "timestamp" : 1733282882,
  "timestamp_ms" : 1733282882744,
  "time" : "Wed Dec  4 03:28:02 2024",
  "jobs" : [
    {
      "jobname" : "read_direct0_fsync0_threads_4_dccd",
      "groupid" : 0,
      "job_start" : 1733282818376,
      "error" : 0,
      "eta" : 0,
      "elapsed" : 95,
      "job options" : {
        "name" : "read_direct0_fsync0_threads_4_dccd",
        "rw" : "read",
        "direct" : "0",
        "filename" : "/dev/mapper/secure",
        "numjobs" : "4",
        "fsync" : "0",
        "bs" : "4k",
        "ramp_time" : "30",
        "runtime" : "60",
        "iodepth" : "1",
        "end_fsync" : "1"
      },
      "read" : {
        "io_bytes" : 117563883520,
        "io_kbytes" : 114808480,
        "bw_bytes" : 1959365402,
        "bw" : 1913442,
        "iops" : 478360.693988,
        "runtime" : 60001,
        "total_ios" : 28702120,
        "short_ios" : 0,
        "drop_ios" : 0,
        "slat_ns" : {
          "min" : 0,
          "max" : 0,
          "mean" : 0.000000,
          "stddev" : 0.000000,
          "N" : 0
        },
        "clat_ns" : {
          "min" : 700,
          "max" : 41840659,
          "mean" : 8108.645762,
          "stddev" : 52687.064520,
          "N" : 28702120,
          "percentile" : {
            "1.000000" : 700,
            "5.000000" : 700,
            "10.000000" : 700,
            "20.000000" : 804,
            "30.000000" : 804,
            "40.000000" : 804,
            "50.000000" : 804,
            "60.000000" : 804,
            "70.000000" : 804,
            "80.000000" : 900,
            "90.000000" : 1096,
            "95.000000" : 1400,
            "99.000000" : 264192,
            "99.500000" : 399360,
            "99.900000" : 577536,
            "99.950000" : 618496,
            "99.990000" : 733184
          }
        },
        "lat_ns" : {
          "min" : 700,
          "max" : 41840759,
          "mean" : 8155.524789,
          "stddev" : 52688.381015,
          "N" : 28702120
        },
        "bw_min" : 1629272,
        "bw_max" : 2145144,
        "bw_agg" : 100.000000,
        "bw_mean" : 1914136.658333,
        "bw_dev" : 19998.242862,
        "bw_samples" : 480,
        "iops_min" : 407316,
        "iops_max" : 536286,
        "iops_mean" : 478533.950000,
        "iops_stddev" : 4999.544569,
        "iops_samples" : 480
      },
      "write" : {
        "io_bytes" : 0,
        "io_kbytes" : 0,
        "bw_bytes" : 0,
        "bw" : 0,
        "iops" : 0.000000,
        "runtime" : 0,
        "total_ios" : 0,
        "short_ios" : 0,
        "drop_ios" : 0,
        "slat_ns" : {
          "min" : 0,
          "max" : 0,
          "mean" : 0.000000,
          "stddev" : 0.000000,
          "N" : 0
        },
        "clat_ns" : {
          "min" : 0,
          "max" : 0,
          "mean" : 0.000000,
          "stddev" : 0.000000,
          "N" : 0
        },
        "lat_ns" : {
          "min" : 0,
          "max" : 0,
          "mean" : 0.000000,
          "stddev" : 0.000000,
          "N" : 0
        },
        "bw_min" : 0,
        "bw_max" : 0,
        "bw_agg" : 0.000000,
        "bw_mean" : 0.000000,
        "bw_dev" : 0.000000,
        "bw_samples" : 0,
        "iops_min" : 0,
        "iops_max" : 0,
        "iops_mean" : 0.000000,
        "iops_stddev" : 0.000000,
        "iops_samples" : 0
      },
      "trim" : {
        "io_bytes" : 0,
        "io_kbytes" : 0,
        "bw_bytes" : 0,
        "bw" : 0,
        "iops" : 0.000000,
        "runtime" : 0,
        "total_ios" : 0,
        "short_ios" : 0,
        "drop_ios" : 0,
        "slat_ns" : {
          "min" : 0,
          "max" : 0,
          "mean" : 0.000000,
          "stddev" : 0.000000,
          "N" : 0
        },
        "clat_ns" : {
          "min" : 0,
          "max" : 0,
          "mean" : 0.000000,
          "stddev" : 0.000000,
          "N" : 0
        },
        "lat_ns" : {
          "min" : 0,
          "max" : 0,
          "mean" : 0.000000,
          "stddev" : 0.000000,
          "N" : 0
        },
        "bw_min" : 0,
        "bw_max" : 0,
        "bw_agg" : 0.000000,
        "bw_mean" : 0.000000,
        "bw_dev" : 0.000000,
        "bw_samples" : 0,
        "iops_min" : 0,
        "iops_max" : 0,
        "iops_mean" : 0.000000,
        "iops_stddev" : 0.000000,
        "iops_samples" : 0
      },
      "sync" : {
        "total_ios" : 0,
        "lat_ns" : {
          "min" : 0,
          "max" : 0,
          "mean" : 0.000000,
          "stddev" : 0.000000,
          "N" : 0
        }
      },
      "job_runtime" : 240000,
      "usr_cpu" : 6.866250,
      "sys_cpu" : 19.493333,
      "ctx" : 1085874,
      "majf" : 0,
      "minf" : 146,
      "iodepth_level" : {
        "1" : 100.000000,
        "2" : 0.000000,
        "4" : 0.000000,
        "8" : 0.000000,
        "16" : 0.000000,
        "32" : 0.000000,
        ">=64" : 0.000000
      },
      "iodepth_submit" : {
        "0" : 0.000000,
        "4" : 100.000000,
        "8" : 0.000000,
        "16" : 0.000000,
        "32" : 0.000000,
        "64" : 0.000000,
        ">=64" : 0.000000
      },
      "iodepth_complete" : {
        "0" : 0.000000,
        "4" : 100.000000,
        "8" : 0.000000,
        "16" : 0.000000,
        "32" : 0.000000,
        "64" : 0.000000,
        ">=64" : 0.000000
      },
      "latency_ns" : {
        "2" : 0.000000,
        "4" : 0.000000,
        "10" : 0.000000,
        "20" : 0.000000,
        "50" : 0.000000,
        "100" : 0.000000,
        "250" : 0.000000,
        "500" : 0.000000,
        "750" : 14.884326,
        "1000" : 69.014285
      },
      "latency_us" : {
        "2" : 11.662407,
        "4" : 0.389741,
        "10" : 0.041851,
        "20" : 0.024946,
        "50" : 1.151319,
        "100" : 0.737935,
        "250" : 0.994505,
        "500" : 0.821152,
        "750" : 0.268482,
        "1000" : 0.010000
      },
      "latency_ms" : {
        "2" : 0.010000,
        "4" : 0.010000,
        "10" : 0.010000,
        "20" : 0.010000,
        "50" : 0.010000,
        "100" : 0.000000,
        "250" : 0.000000,
        "500" : 0.000000,
        "750" : 0.000000,
        "1000" : 0.000000,
        "2000" : 0.000000,
        ">=2000" : 0.000000
      },
      "latency_depth" : 1,
      "latency_target" : 0,
      "latency_percentile" : 100.000000,
      "latency_window" : 0
    }
  ]
}
