{
  "fio version" : "fio-3.36",
  "timestamp" : 1733282607,
  "timestamp_ms" : 1733282607640,
  "time" : "Wed Dec  4 03:23:27 2024",
  "jobs" : [
    {
      "jobname" : "randwrite_direct1_fsync0_threads_1_2e36",
      "groupid" : 0,
      "job_start" : 1733282547220,
      "error" : 0,
      "eta" : 0,
      "elapsed" : 91,
      "job options" : {
        "name" : "randwrite_direct1_fsync0_threads_1_2e36",
        "rw" : "randwrite",
        "direct" : "1",
        "filename" : "/dev/mapper/secure",
        "numjobs" : "1",
        "fsync" : "0",
        "bs" : "4k",
        "ramp_time" : "30",
        "runtime" : "60",
        "iodepth" : "1",
        "end_fsync" : "1"
      },
      "read" : {
        "io_bytes" : 0,
        "io_kbytes" : 0,
        "bw_bytes" : 0,
        "bw" : 0,
        "iops" : 0.000000,
        "runtime" : 0,
        "total_ios" : 0,
        "short_ios" : 0,
        "drop_ios" : 0,
        "slat_ns" : {
          "min" : 0,
          "max" : 0,
          "mean" : 0.000000,
          "stddev" : 0.000000,
          "N" : 0
        },
        "clat_ns" : {
          "min" : 0,
          "max" : 0,
          "mean" : 0.000000,
          "stddev" : 0.000000,
          "N" : 0
        },
        "lat_ns" : {
          "min" : 0,
          "max" : 0,
          "mean" : 0.000000,
          "stddev" : 0.000000,
          "N" : 0
        },
        "bw_min" : 0,
        "bw_max" : 0,
        "bw_agg" : 0.000000,
        "bw_mean" : 0.000000,
        "bw_dev" : 0.000000,
        "bw_samples" : 0,
        "iops_min" : 0,
        "iops_max" : 0,
        "iops_mean" : 0.000000,
        "iops_stddev" : 0.000000,
        "iops_samples" : 0
      },
      "write" : {
        "io_bytes" : 1568444416,
        "io_kbytes" : 1531684,
        "bw_bytes" : 25967192,
        "bw" : 25358,
        "iops" : 6339.646695,
        "runtime" : 60401,
        "total_ios" : 382921,
        "short_ios" : 0,
        "drop_ios" : 0,
        "slat_ns" : {
          "min" : 0,
          "max" : 0,
          "mean" : 0.000000,
          "stddev" : 0.000000,
          "N" : 0
        },
        "clat_ns" : {
          "min" : 7200,
          "max" : 901318559,
          "mean" : 157161.985133,
          "stddev" : 9804201.877040,
          "N" : 382921,
          "percentile" : {
            "1.000000" : 7328,
            "5.000000" : 7392,
            "10.000000" : 7392,
            "20.000000" : 7520,
            "30.000000" : 7520,
            "40.000000" : 7520,
            "50.000000" : 7584,
            "60.000000" : 7712,
            "70.000000" : 7712,
            "80.000000" : 8096,
            "90.000000" : 12992,
            "95.000000" : 16064,
            "99.000000" : 33024,
            "99.500000" : 42752,
            "99.900000" : 67072,
            "99.950000" : 85504,
            "99.990000" : 658505728
          }
        },
        "lat_ns" : {
          "min" : 7300,
          "max" : 901318559,
          "mean" : 157237.712729,
          "stddev" : 9804202.376313,
          "N" : 382921
        },
        "bw_min" : 712,
        "bw_max" : 38917,
        "bw_agg" : 100.000000,
        "bw_mean" : 31273.367347,
        "bw_dev" : 8801.973457,
        "bw_samples" : 98,
        "iops_min" : 178,
        "iops_max" : 9729,
        "iops_mean" : 7818.285714,
        "iops_stddev" : 2200.430183,
        "iops_samples" : 98
      },
      "trim" : {
        "io_bytes" : 0,
        "io_kbytes" : 0,
        "bw_bytes" : 0,
        "bw" : 0,
        "iops" : 0.000000,
        "runtime" : 0,
        "total_ios" : 0,
        "short_ios" : 0,
        "drop_ios" : 0,
        "slat_ns" : {
          "min" : 0,
          "max" : 0,
          "mean" : 0.000000,
          "stddev" : 0.000000,
          "N" : 0
        },
        "clat_ns" : {
          "min" : 0,
          "max" : 0,
          "mean" : 0.000000,
          "stddev" : 0.000000,
          "N" : 0
        },
        "lat_ns" : {
          "min" : 0,
          "max" : 0,
          "mean" : 0.000000,
          "stddev" : 0.000000,
          "N" : 0
        },
        "bw_min" : 0,
        "bw_max" : 0,
        "bw_agg" : 0.000000,
        "bw_mean" : 0.000000,
        "bw_dev" : 0.000000,
        "bw_samples" : 0,
        "iops_min" : 0,
        "iops_max" : 0,
        "iops_mean" : 0.000000,
        "iops_stddev" : 0.000000,
        "iops_samples" : 0
      },
      "sync" : {
        "total_ios" : 0,
        "lat_ns" : {
          "min" : 0,
          "max" : 0,
          "mean" : 0.000000,
          "stddev" : 0.000000,
          "N" : 0
        }
      },
      "job_runtime" : 60400,
      "usr_cpu" : 0.655629,
      "sys_cpu" : 5.341060,
      "ctx" : 1456,
      "majf" : 0,
      "minf" : 36,
      "iodepth_level" : {
        "1" : 100.000000,
        "2" : 0.000000,
        "4" : 0.000000,
        "8" : 0.000000,
        "16" : 0.000000,
        "32" : 0.000000,
        ">=64" : 0.000000
      },
      "iodepth_submit" : {
        "0" : 0.000000,
        "4" : 100.000000,
        "8" : 0.000000,
        "16" : 0.000000,
        "32" : 0.000000,
        "64" : 0.000000,
        ">=64" : 0.000000
      },
      "iodepth_complete" : {
        "0" : 0.000000,
        "4" : 100.000000,
        "8" : 0.000000,
        "16" : 0.000000,
        "32" : 0.000000,
        "64" : 0.000000,
        ">=64" : 0.000000
      },
      "latency_ns" : {
        "2" : 0.000000,
        "4" : 0.000000,
        "10" : 0.000000,
        "20" : 0.000000,
        "50" : 0.000000,
        "100" : 0.000000,
        "250" : 0.000000,
        "500" : 0.000000,
        "750" : 0.000000,
        "1000" : 0.000000
      },
      "latency_us" : {
        "2" : 0.000000,
        "4" : 0.000000,
        "10" : 85.604603,
        "20" : 12.993803,
        "50" : 1.109367,
        "100" : 0.246265,
        "250" : 0.011752,
        "500" : 0.011229,
        "750" : 0.000000,
        "1000" : 0.000000
      },
      "latency_ms" : {
        "2" : 0.000000,
        "4" : 0.000000,
        "10" : 0.000000,
        "20" : 0.000000,
        "50" : 0.000000,
        "100" : 0.000000,
        "250" : 0.000000,
        "500" : 0.000000,
        "750" : 0.022459,
        "1000" : 0.010000,
        "2000" : 0.000000,
        ">=2000" : 0.000000
      },
      "latency_depth" : 1,
      "latency_target" : 0,
      "latency_percentile" : 100.000000,
      "latency_window" : 0
    }
  ]
}
