{
  "fio version" : "fio-3.36",
  "timestamp" : 1733282424,
  "timestamp_ms" : 1733282424562,
  "time" : "Wed Dec  4 03:20:24 2024",
  "jobs" : [
    {
      "jobname" : "randwrite_direct0_fsync1_threads_1_aaa8",
      "groupid" : 0,
      "job_start" : 1733282363473,
      "error" : 0,
      "eta" : 0,
      "elapsed" : 92,
      "job options" : {
        "name" : "randwrite_direct0_fsync1_threads_1_aaa8",
        "rw" : "randwrite",
        "direct" : "0",
        "filename" : "/dev/mapper/secure",
        "numjobs" : "1",
        "fsync" : "1",
        "bs" : "4k",
        "ramp_time" : "30",
        "runtime" : "60",
        "iodepth" : "1",
        "end_fsync" : "1"
      },
      "read" : {
        "io_bytes" : 0,
        "io_kbytes" : 0,
        "bw_bytes" : 0,
        "bw" : 0,
        "iops" : 0.000000,
        "runtime" : 0,
        "total_ios" : 0,
        "short_ios" : 0,
        "drop_ios" : 0,
        "slat_ns" : {
          "min" : 0,
          "max" : 0,
          "mean" : 0.000000,
          "stddev" : 0.000000,
          "N" : 0
        },
        "clat_ns" : {
          "min" : 0,
          "max" : 0,
          "mean" : 0.000000,
          "stddev" : 0.000000,
          "N" : 0
        },
        "lat_ns" : {
          "min" : 0,
          "max" : 0,
          "mean" : 0.000000,
          "stddev" : 0.000000,
          "N" : 0
        },
        "bw_min" : 0,
        "bw_max" : 0,
        "bw_agg" : 0.000000,
        "bw_mean" : 0.000000,
        "bw_dev" : 0.000000,
        "bw_samples" : 0,
        "iops_min" : 0,
        "iops_max" : 0,
        "iops_mean" : 0.000000,
        "iops_stddev" : 0.000000,
        "iops_samples" : 0
      },
      "write" : {
        "io_bytes" : 1230090240,
        "io_kbytes" : 1201260,
        "bw_bytes" : 20501162,
        "bw" : 20020,
        "iops" : 5005.166581,
        "runtime" : 60001,
        "total_ios" : 300315,
        "short_ios" : 0,
        "drop_ios" : 0,
        "slat_ns" : {
          "min" : 0,
          "max" : 0,
          "mean" : 0.000000,
          "stddev" : 0.000000,
          "N" : 0
        },
        "clat_ns" : {
          "min" : 4700,
          "max" : 145301,
          "mean" : 6697.427981,
          "stddev" : 3774.862761,
          "N" : 300315,
          "percentile" : {
            "1.000000" : 5408,
            "5.000000" : 5600,
            "10.000000" : 5728,
            "20.000000" : 5792,
            "30.000000" : 5920,
            "40.000000" : 5920,
            "50.000000" : 5984,
            "60.000000" : 6112,
            "70.000000" : 6304,
            "80.000000" : 6496,
            "90.000000" : 7328,
            "95.000000" : 9664,
            "99.000000" : 18816,
            "99.500000" : 42752,
            "99.900000" : 46848,
            "99.950000" : 53504,
            "99.990000" : 75264
          }
        },
        "lat_ns" : {
          "min" : 4800,
          "max" : 145501,
          "mean" : 6861.806034,
          "stddev" : 3817.017178,
          "N" : 300315
        },
        "bw_min" : 16496,
        "bw_max" : 21192,
        "bw_agg" : 100.000000,
        "bw_mean" : 20028.091667,
        "bw_dev" : 695.417147,
        "bw_samples" : 120,
        "iops_min" : 4124,
        "iops_max" : 5298,
        "iops_mean" : 5006.975000,
        "iops_stddev" : 173.869093,
        "iops_samples" : 120
      },
      "trim" : {
        "io_bytes" : 0,
        "io_kbytes" : 0,
        "bw_bytes" : 0,
        "bw" : 0,
        "iops" : 0.000000,
        "runtime" : 0,
        "total_ios" : 0,
        "short_ios" : 0,
        "drop_ios" : 0,
        "slat_ns" : {
          "min" : 0,
          "max" : 0,
          "mean" : 0.000000,
          "stddev" : 0.000000,
          "N" : 0
        },
        "clat_ns" : {
          "min" : 0,
          "max" : 0,
          "mean" : 0.000000,
          "stddev" : 0.000000,
          "N" : 0
        },
        "lat_ns" : {
          "min" : 0,
          "max" : 0,
          "mean" : 0.000000,
          "stddev" : 0.000000,
          "N" : 0
        },
        "bw_min" : 0,
        "bw_max" : 0,
        "bw_agg" : 0.000000,
        "bw_mean" : 0.000000,
        "bw_dev" : 0.000000,
        "bw_samples" : 0,
        "iops_min" : 0,
        "iops_max" : 0,
        "iops_mean" : 0.000000,
        "iops_stddev" : 0.000000,
        "iops_samples" : 0
      },
      "sync" : {
        "total_ios" : 300315,
        "lat_ns" : {
          "min" : 119601,
          "max" : 83841016,
          "mean" : 191313.153366,
          "stddev" : 282846.099151,
          "N" : 300315,
          "percentile" : {
            "1.000000" : 146432,
            "5.000000" : 154624,
            "10.000000" : 160768,
            "20.000000" : 166912,
            "30.000000" : 173056,
            "40.000000" : 177152,
            "50.000000" : 181248,
            "60.000000" : 187392,
            "70.000000" : 193536,
            "80.000000" : 203776,
            "90.000000" : 218112,
            "95.000000" : 234496,
            "99.000000" : 301056,
            "99.500000" : 415744,
            "99.900000" : 1028096,
            "99.950000" : 1449984,
            "99.990000" : 3260416
          }
        }
      },
      "job_runtime" : 60000,
      "usr_cpu" : 1.513333,
      "sys_cpu" : 13.148333,
      "ctx" : 420112,
      "majf" : 0,
      "minf" : 36,
      "iodepth_level" : {
        "1" : 200.000000,
        "2" : 0.000000,
        "4" : 0.000000,
        "8" : 0.000000,
        "16" : 0.000000,
        "32" : 0.000000,
        ">=64" : 0.000000
      },
      "iodepth_submit" : {
        "0" : 0.000000,
        "4" : 100.000000,
        "8" : 0.000000,
        "16" : 0.000000,
        "32" : 0.000000,
        "64" : 0.000000,
        ">=64" : 0.000000
      },
      "iodepth_complete" : {
        "0" : 0.000000,
        "4" : 100.000000,
        "8" : 0.000000,
        "16" : 0.000000,
        "32" : 0.000000,
        "64" : 0.000000,
        ">=64" : 0.000000
      },
      "latency_ns" : {
        "2" : 0.000000,
        "4" : 0.000000,
        "10" : 0.000000,
        "20" : 0.000000,
        "50" : 0.000000,
        "100" : 0.000000,
        "250" : 0.000000,
        "500" : 0.000000,
        "750" : 0.000000,
        "1000" : 0.000000
      },
      "latency_us" : {
        "2" : 0.000000,
        "4" : 0.000000,
        "10" : 95.777434,
        "20" : 3.263573,
        "50" : 0.886736,
        "100" : 0.065265,
        "250" : 0.010000,
        "500" : 0.000000,
        "750" : 0.000000,
        "1000" : 0.000000
      },
      "latency_ms" : {
        "2" : 0.000000,
        "4" : 0.000000,
        "10" : 0.000000,
        "20" : 0.000000,
        "50" : 0.000000,
        "100" : 0.000000,
        "250" : 0.000000,
        "500" : 0.000000,
        "750" : 0.000000,
        "1000" : 0.000000,
        "2000" : 0.000000,
        ">=2000" : 0.000000
      },
      "latency_depth" : 1,
      "latency_target" : 0,
      "latency_percentile" : 100.000000,
      "latency_window" : 0
    }
  ]
}
