{
  "fio version" : "fio-3.36",
  "timestamp" : 1733283809,
  "timestamp_ms" : 1733283809235,
  "time" : "Wed Dec  4 03:43:29 2024",
  "jobs" : [
    {
      "jobname" : "randread_direct0_fsync0_threads_4_6c25",
      "groupid" : 0,
      "job_start" : 1733283746480,
      "error" : 0,
      "eta" : 0,
      "elapsed" : 93,
      "job options" : {
        "name" : "randread_direct0_fsync0_threads_4_6c25",
        "rw" : "randread",
        "direct" : "0",
        "filename" : "/dev/mapper/secure",
        "numjobs" : "4",
        "fsync" : "0",
        "bs" : "4k",
        "ramp_time" : "30",
        "runtime" : "60",
        "iodepth" : "1",
        "end_fsync" : "1"
      },
      "read" : {
        "io_bytes" : 4654145536,
        "io_kbytes" : 4545064,
        "bw_bytes" : 77567799,
        "bw" : 75749,
        "iops" : 18937.451042,
        "runtime" : 60001,
        "total_ios" : 1136266,
        "short_ios" : 0,
        "drop_ios" : 0,
        "slat_ns" : {
          "min" : 0,
          "max" : 0,
          "mean" : 0.000000,
          "stddev" : 0.000000,
          "N" : 0
        },
        "clat_ns" : {
          "min" : 1400,
          "max" : 190289787,
          "mean" : 209991.925032,
          "stddev" : 788054.602023,
          "N" : 1136266,
          "percentile" : {
            "1.000000" : 148480,
            "5.000000" : 160768,
            "10.000000" : 168960,
            "20.000000" : 177152,
            "30.000000" : 183296,
            "40.000000" : 187392,
            "50.000000" : 193536,
            "60.000000" : 199680,
            "70.000000" : 205824,
            "80.000000" : 214016,
            "90.000000" : 230400,
            "95.000000" : 246784,
            "99.000000" : 321536,
            "99.500000" : 468992,
            "99.900000" : 2801664,
            "99.950000" : 4046848,
            "99.990000" : 19791872
          }
        },
        "lat_ns" : {
          "min" : 1500,
          "max" : 190289787,
          "mean" : 210100.078306,
          "stddev" : 788054.809096,
          "N" : 1136266
        },
        "bw_min" : 38768,
        "bw_max" : 82801,
        "bw_agg" : 100.000000,
        "bw_mean" : 75782.308333,
        "bw_dev" : 1552.212394,
        "bw_samples" : 480,
        "iops_min" : 9692,
        "iops_max" : 20700,
        "iops_mean" : 18945.216667,
        "iops_stddev" : 388.033342,
        "iops_samples" : 480
      },
      "write" : {
        "io_bytes" : 0,
        "io_kbytes" : 0,
        "bw_bytes" : 0,
        "bw" : 0,
        "iops" : 0.000000,
        "runtime" : 0,
        "total_ios" : 0,
        "short_ios" : 0,
        "drop_ios" : 0,
        "slat_ns" : {
          "min" : 0,
          "max" : 0,
          "mean" : 0.000000,
          "stddev" : 0.000000,
          "N" : 0
        },
        "clat_ns" : {
          "min" : 0,
          "max" : 0,
          "mean" : 0.000000,
          "stddev" : 0.000000,
          "N" : 0
        },
        "lat_ns" : {
          "min" : 0,
          "max" : 0,
          "mean" : 0.000000,
          "stddev" : 0.000000,
          "N" : 0
        },
        "bw_min" : 0,
        "bw_max" : 0,
        "bw_agg" : 0.000000,
        "bw_mean" : 0.000000,
        "bw_dev" : 0.000000,
        "bw_samples" : 0,
        "iops_min" : 0,
        "iops_max" : 0,
        "iops_mean" : 0.000000,
        "iops_stddev" : 0.000000,
        "iops_samples" : 0
      },
      "trim" : {
        "io_bytes" : 0,
        "io_kbytes" : 0,
        "bw_bytes" : 0,
        "bw" : 0,
        "iops" : 0.000000,
        "runtime" : 0,
        "total_ios" : 0,
        "short_ios" : 0,
        "drop_ios" : 0,
        "slat_ns" : {
          "min" : 0,
          "max" : 0,
          "mean" : 0.000000,
          "stddev" : 0.000000,
          "N" : 0
        },
        "clat_ns" : {
          "min" : 0,
          "max" : 0,
          "mean" : 0.000000,
          "stddev" : 0.000000,
          "N" : 0
        },
        "lat_ns" : {
          "min" : 0,
          "max" : 0,
          "mean" : 0.000000,
          "stddev" : 0.000000,
          "N" : 0
        },
        "bw_min" : 0,
        "bw_max" : 0,
        "bw_agg" : 0.000000,
        "bw_mean" : 0.000000,
        "bw_dev" : 0.000000,
        "bw_samples" : 0,
        "iops_min" : 0,
        "iops_max" : 0,
        "iops_mean" : 0.000000,
        "iops_stddev" : 0.000000,
        "iops_samples" : 0
      },
      "sync" : {
        "total_ios" : 0,
        "lat_ns" : {
          "min" : 0,
          "max" : 0,
          "mean" : 0.000000,
          "stddev" : 0.000000,
          "N" : 0
        }
      },
      "job_runtime" : 240000,
      "usr_cpu" : 1.220417,
      "sys_cpu" : 8.708750,
      "ctx" : 1559258,
      "majf" : 0,
      "minf" : 146,
      "iodepth_level" : {
        "1" : 100.000000,
        "2" : 0.000000,
        "4" : 0.000000,
        "8" : 0.000000,
        "16" : 0.000000,
        "32" : 0.000000,
        ">=64" : 0.000000
      },
      "iodepth_submit" : {
        "0" : 0.000000,
        "4" : 100.000000,
        "8" : 0.000000,
        "16" : 0.000000,
        "32" : 0.000000,
        "64" : 0.000000,
        ">=64" : 0.000000
      },
      "iodepth_complete" : {
        "0" : 0.000000,
        "4" : 100.000000,
        "8" : 0.000000,
        "16" : 0.000000,
        "32" : 0.000000,
        "64" : 0.000000,
        ">=64" : 0.000000
      },
      "latency_ns" : {
        "2" : 0.000000,
        "4" : 0.000000,
        "10" : 0.000000,
        "20" : 0.000000,
        "50" : 0.000000,
        "100" : 0.000000,
        "250" : 0.000000,
        "500" : 0.000000,
        "750" : 0.000000,
        "1000" : 0.000000
      },
      "latency_us" : {
        "2" : 0.010000,
        "4" : 0.534998,
        "10" : 0.010000,
        "20" : 0.000000,
        "50" : 0.010000,
        "100" : 0.010000,
        "250" : 95.089794,
        "500" : 3.894951,
        "750" : 0.145124,
        "1000" : 0.084223
      },
      "latency_ms" : {
        "2" : 0.108425,
        "4" : 0.073926,
        "10" : 0.035643,
        "20" : 0.010000,
        "50" : 0.010000,
        "100" : 0.010000,
        "250" : 0.010000,
        "500" : 0.000000,
        "750" : 0.000000,
        "1000" : 0.000000,
        "2000" : 0.000000,
        ">=2000" : 0.000000
      },
      "latency_depth" : 1,
      "latency_target" : 0,
      "latency_percentile" : 100.000000,
      "latency_window" : 0
    }
  ]
}
