{
  "fio version" : "fio-3.36",
  "timestamp" : 1733284080,
  "timestamp_ms" : 1733284080920,
  "time" : "Wed Dec  4 03:48:00 2024",
  "jobs" : [
    {
      "jobname" : "randread_direct1_fsync0_threads_16_6fa7",
      "groupid" : 0,
      "job_start" : 1733284020893,
      "error" : 0,
      "eta" : 0,
      "elapsed" : 91,
      "job options" : {
        "name" : "randread_direct1_fsync0_threads_16_6fa7",
        "rw" : "randread",
        "direct" : "1",
        "filename" : "/dev/mapper/secure",
        "numjobs" : "16",
        "fsync" : "0",
        "bs" : "4k",
        "ramp_time" : "30",
        "runtime" : "60",
        "iodepth" : "1",
        "end_fsync" : "1"
      },
      "read" : {
        "io_bytes" : 10538831872,
        "io_kbytes" : 10291828,
        "bw_bytes" : 175641343,
        "bw" : 171524,
        "iops" : 42881.187294,
        "runtime" : 60002,
        "total_ios" : 2572957,
        "short_ios" : 0,
        "drop_ios" : 0,
        "slat_ns" : {
          "min" : 0,
          "max" : 0,
          "mean" : 0.000000,
          "stddev" : 0.000000,
          "N" : 0
        },
        "clat_ns" : {
          "min" : 108902,
          "max" : 183004109,
          "mean" : 371187.501248,
          "stddev" : 1740016.821722,
          "N" : 2572957,
          "percentile" : {
            "1.000000" : 154624,
            "5.000000" : 168960,
            "10.000000" : 177152,
            "20.000000" : 189440,
            "30.000000" : 199680,
            "40.000000" : 209920,
            "50.000000" : 220160,
            "60.000000" : 230400,
            "70.000000" : 244736,
            "80.000000" : 264192,
            "90.000000" : 305152,
            "95.000000" : 362496,
            "99.000000" : 3227648,
            "99.500000" : 11993088,
            "99.900000" : 23461888,
            "99.950000" : 30015488,
            "99.990000" : 56360960
          }
        },
        "lat_ns" : {
          "min" : 109002,
          "max" : 183004209,
          "mean" : 371327.671492,
          "stddev" : 1740016.446659,
          "N" : 2572957
        },
        "bw_min" : 92872,
        "bw_max" : 195808,
        "bw_agg" : 100.000000,
        "bw_mean" : 171594.294118,
        "bw_dev" : 1090.160312,
        "bw_samples" : 1904,
        "iops_min" : 23218,
        "iops_max" : 48952,
        "iops_mean" : 42898.092437,
        "iops_stddev" : 272.530871,
        "iops_samples" : 1904
      },
      "write" : {
        "io_bytes" : 0,
        "io_kbytes" : 0,
        "bw_bytes" : 0,
        "bw" : 0,
        "iops" : 0.000000,
        "runtime" : 0,
        "total_ios" : 0,
        "short_ios" : 0,
        "drop_ios" : 0,
        "slat_ns" : {
          "min" : 0,
          "max" : 0,
          "mean" : 0.000000,
          "stddev" : 0.000000,
          "N" : 0
        },
        "clat_ns" : {
          "min" : 0,
          "max" : 0,
          "mean" : 0.000000,
          "stddev" : 0.000000,
          "N" : 0
        },
        "lat_ns" : {
          "min" : 0,
          "max" : 0,
          "mean" : 0.000000,
          "stddev" : 0.000000,
          "N" : 0
        },
        "bw_min" : 0,
        "bw_max" : 0,
        "bw_agg" : 0.000000,
        "bw_mean" : 0.000000,
        "bw_dev" : 0.000000,
        "bw_samples" : 0,
        "iops_min" : 0,
        "iops_max" : 0,
        "iops_mean" : 0.000000,
        "iops_stddev" : 0.000000,
        "iops_samples" : 0
      },
      "trim" : {
        "io_bytes" : 0,
        "io_kbytes" : 0,
        "bw_bytes" : 0,
        "bw" : 0,
        "iops" : 0.000000,
        "runtime" : 0,
        "total_ios" : 0,
        "short_ios" : 0,
        "drop_ios" : 0,
        "slat_ns" : {
          "min" : 0,
          "max" : 0,
          "mean" : 0.000000,
          "stddev" : 0.000000,
          "N" : 0
        },
        "clat_ns" : {
          "min" : 0,
          "max" : 0,
          "mean" : 0.000000,
          "stddev" : 0.000000,
          "N" : 0
        },
        "lat_ns" : {
          "min" : 0,
          "max" : 0,
          "mean" : 0.000000,
          "stddev" : 0.000000,
          "N" : 0
        },
        "bw_min" : 0,
        "bw_max" : 0,
        "bw_agg" : 0.000000,
        "bw_mean" : 0.000000,
        "bw_dev" : 0.000000,
        "bw_samples" : 0,
        "iops_min" : 0,
        "iops_max" : 0,
        "iops_mean" : 0.000000,
        "iops_stddev" : 0.000000,
        "iops_samples" : 0
      },
      "sync" : {
        "total_ios" : 0,
        "lat_ns" : {
          "min" : 0,
          "max" : 0,
          "mean" : 0.000000,
          "stddev" : 0.000000,
          "N" : 0
        }
      },
      "job_runtime" : 960002,
      "usr_cpu" : 1.063227,
      "sys_cpu" : 6.098737,
      "ctx" : 3433769,
      "majf" : 0,
      "minf" : 583,
      "iodepth_level" : {
        "1" : 100.000000,
        "2" : 0.000000,
        "4" : 0.000000,
        "8" : 0.000000,
        "16" : 0.000000,
        "32" : 0.000000,
        ">=64" : 0.000000
      },
      "iodepth_submit" : {
        "0" : 0.000000,
        "4" : 100.000000,
        "8" : 0.000000,
        "16" : 0.000000,
        "32" : 0.000000,
        "64" : 0.000000,
        ">=64" : 0.000000
      },
      "iodepth_complete" : {
        "0" : 0.000000,
        "4" : 100.000000,
        "8" : 0.000000,
        "16" : 0.000000,
        "32" : 0.000000,
        "64" : 0.000000,
        ">=64" : 0.000000
      },
      "latency_ns" : {
        "2" : 0.000000,
        "4" : 0.000000,
        "10" : 0.000000,
        "20" : 0.000000,
        "50" : 0.000000,
        "100" : 0.000000,
        "250" : 0.000000,
        "500" : 0.000000,
        "750" : 0.000000,
        "1000" : 0.000000
      },
      "latency_us" : {
        "2" : 0.000000,
        "4" : 0.000000,
        "10" : 0.000000,
        "20" : 0.000000,
        "50" : 0.000000,
        "100" : 0.000000,
        "250" : 72.539378,
        "500" : 25.120746,
        "750" : 0.578906,
        "1000" : 0.225305
      },
      "latency_ms" : {
        "2" : 0.353718,
        "4" : 0.317300,
        "10" : 0.254493,
        "20" : 0.485434,
        "50" : 0.113954,
        "100" : 0.010000,
        "250" : 0.010000,
        "500" : 0.000000,
        "750" : 0.000000,
        "1000" : 0.000000,
        "2000" : 0.000000,
        ">=2000" : 0.000000
      },
      "latency_depth" : 1,
      "latency_target" : 0,
      "latency_percentile" : 100.000000,
      "latency_window" : 0
    }
  ]
}
