{
  "fio version" : "fio-3.36",
  "timestamp" : 1733282788,
  "timestamp_ms" : 1733282788157,
  "time" : "Wed Dec  4 03:26:28 2024",
  "jobs" : [
    {
      "jobname" : "randwrite_direct1_fsync1_threads_1_d397",
      "groupid" : 0,
      "job_start" : 1733282728139,
      "error" : 0,
      "eta" : 0,
      "elapsed" : 91,
      "job options" : {
        "name" : "randwrite_direct1_fsync1_threads_1_d397",
        "rw" : "randwrite",
        "direct" : "1",
        "filename" : "/dev/mapper/secure",
        "numjobs" : "1",
        "fsync" : "1",
        "bs" : "4k",
        "ramp_time" : "30",
        "runtime" : "60",
        "iodepth" : "1",
        "end_fsync" : "1"
      },
      "read" : {
        "io_bytes" : 0,
        "io_kbytes" : 0,
        "bw_bytes" : 0,
        "bw" : 0,
        "iops" : 0.000000,
        "runtime" : 0,
        "total_ios" : 0,
        "short_ios" : 0,
        "drop_ios" : 0,
        "slat_ns" : {
          "min" : 0,
          "max" : 0,
          "mean" : 0.000000,
          "stddev" : 0.000000,
          "N" : 0
        },
        "clat_ns" : {
          "min" : 0,
          "max" : 0,
          "mean" : 0.000000,
          "stddev" : 0.000000,
          "N" : 0
        },
        "lat_ns" : {
          "min" : 0,
          "max" : 0,
          "mean" : 0.000000,
          "stddev" : 0.000000,
          "N" : 0
        },
        "bw_min" : 0,
        "bw_max" : 0,
        "bw_agg" : 0.000000,
        "bw_mean" : 0.000000,
        "bw_dev" : 0.000000,
        "bw_samples" : 0,
        "iops_min" : 0,
        "iops_max" : 0,
        "iops_mean" : 0.000000,
        "iops_stddev" : 0.000000,
        "iops_samples" : 0
      },
      "write" : {
        "io_bytes" : 1309589504,
        "io_kbytes" : 1278896,
        "bw_bytes" : 21826127,
        "bw" : 21314,
        "iops" : 5328.644523,
        "runtime" : 60001,
        "total_ios" : 319724,
        "short_ios" : 0,
        "drop_ios" : 0,
        "slat_ns" : {
          "min" : 0,
          "max" : 0,
          "mean" : 0.000000,
          "stddev" : 0.000000,
          "N" : 0
        },
        "clat_ns" : {
          "min" : 9700,
          "max" : 98703263,
          "mean" : 19368.059442,
          "stddev" : 185605.541524,
          "N" : 319724,
          "percentile" : {
            "1.000000" : 10560,
            "5.000000" : 10560,
            "10.000000" : 10688,
            "20.000000" : 10816,
            "30.000000" : 10944,
            "40.000000" : 11328,
            "50.000000" : 11456,
            "60.000000" : 11840,
            "70.000000" : 15680,
            "80.000000" : 32640,
            "90.000000" : 35072,
            "95.000000" : 39168,
            "99.000000" : 67072,
            "99.500000" : 77312,
            "99.900000" : 125440,
            "99.950000" : 136192,
            "99.990000" : 164864
          }
        },
        "lat_ns" : {
          "min" : 9700,
          "max" : 98703363,
          "mean" : 19489.032240,
          "stddev" : 185606.662414,
          "N" : 319724
        },
        "bw_min" : 14784,
        "bw_max" : 22752,
        "bw_agg" : 100.000000,
        "bw_mean" : 21322.475000,
        "bw_dev" : 853.779604,
        "bw_samples" : 120,
        "iops_min" : 3696,
        "iops_max" : 5688,
        "iops_mean" : 5330.533333,
        "iops_stddev" : 213.425441,
        "iops_samples" : 120
      },
      "trim" : {
        "io_bytes" : 0,
        "io_kbytes" : 0,
        "bw_bytes" : 0,
        "bw" : 0,
        "iops" : 0.000000,
        "runtime" : 0,
        "total_ios" : 0,
        "short_ios" : 0,
        "drop_ios" : 0,
        "slat_ns" : {
          "min" : 0,
          "max" : 0,
          "mean" : 0.000000,
          "stddev" : 0.000000,
          "N" : 0
        },
        "clat_ns" : {
          "min" : 0,
          "max" : 0,
          "mean" : 0.000000,
          "stddev" : 0.000000,
          "N" : 0
        },
        "lat_ns" : {
          "min" : 0,
          "max" : 0,
          "mean" : 0.000000,
          "stddev" : 0.000000,
          "N" : 0
        },
        "bw_min" : 0,
        "bw_max" : 0,
        "bw_agg" : 0.000000,
        "bw_mean" : 0.000000,
        "bw_dev" : 0.000000,
        "bw_samples" : 0,
        "iops_min" : 0,
        "iops_max" : 0,
        "iops_mean" : 0.000000,
        "iops_stddev" : 0.000000,
        "iops_samples" : 0
      },
      "sync" : {
        "total_ios" : 319723,
        "lat_ns" : {
          "min" : 50800,
          "max" : 42041598,
          "mean" : 166628.310594,
          "stddev" : 134870.726135,
          "N" : 319723,
          "percentile" : {
            "1.000000" : 111104,
            "5.000000" : 123392,
            "10.000000" : 132096,
            "20.000000" : 142336,
            "30.000000" : 150528,
            "40.000000" : 154624,
            "50.000000" : 160768,
            "60.000000" : 164864,
            "70.000000" : 171008,
            "80.000000" : 179200,
            "90.000000" : 193536,
            "95.000000" : 209920,
            "99.000000" : 272384,
            "99.500000" : 411648,
            "99.900000" : 1028096,
            "99.950000" : 1515520,
            "99.990000" : 4227072
          }
        }
      },
      "job_runtime" : 60000,
      "usr_cpu" : 1.631667,
      "sys_cpu" : 9.195000,
      "ctx" : 452789,
      "majf" : 0,
      "minf" : 36,
      "iodepth_level" : {
        "1" : 199.999687,
        "2" : 0.000000,
        "4" : 0.000000,
        "8" : 0.000000,
        "16" : 0.000000,
        "32" : 0.000000,
        ">=64" : 0.000000
      },
      "iodepth_submit" : {
        "0" : 0.000000,
        "4" : 100.000000,
        "8" : 0.000000,
        "16" : 0.000000,
        "32" : 0.000000,
        "64" : 0.000000,
        ">=64" : 0.000000
      },
      "iodepth_complete" : {
        "0" : 0.000000,
        "4" : 100.000000,
        "8" : 0.000000,
        "16" : 0.000000,
        "32" : 0.000000,
        "64" : 0.000000,
        ">=64" : 0.000000
      },
      "latency_ns" : {
        "2" : 0.000000,
        "4" : 0.000000,
        "10" : 0.000000,
        "20" : 0.000000,
        "50" : 0.000000,
        "100" : 0.000000,
        "250" : 0.000000,
        "500" : 0.000000,
        "750" : 0.000000,
        "1000" : 0.000000
      },
      "latency_us" : {
        "2" : 0.000000,
        "4" : 0.000000,
        "10" : 0.010000,
        "20" : 71.033767,
        "50" : 26.462824,
        "100" : 2.202525,
        "250" : 0.291501,
        "500" : 0.000000,
        "750" : 0.000000,
        "1000" : 0.010000
      },
      "latency_ms" : {
        "2" : 0.010000,
        "4" : 0.010000,
        "10" : 0.010000,
        "20" : 0.010000,
        "50" : 0.010000,
        "100" : 0.010000,
        "250" : 0.000000,
        "500" : 0.000000,
        "750" : 0.000000,
        "1000" : 0.000000,
        "2000" : 0.000000,
        ">=2000" : 0.000000
      },
      "latency_depth" : 1,
      "latency_target" : 0,
      "latency_percentile" : 100.000000,
      "latency_window" : 0
    }
  ]
}
