{
  "fio version" : "fio-3.36",
  "timestamp" : 1733180158,
  "timestamp_ms" : 1733180158229,
  "time" : "Mon Dec  2 22:55:58 2024",
  "jobs" : [
    {
      "jobname" : "rand_write_direct1_fsync1",
      "groupid" : 0,
      "job_start" : 1733180128214,
      "error" : 0,
      "eta" : 0,
      "elapsed" : 91,
      "job options" : {
        "name" : "rand_write_direct1_fsync1",
        "rw" : "randwrite",
        "direct" : "1",
        "bs" : "4k",
        "runtime" : "30",
        "ramp_time" : "60",
        "filename" : "/dev/mapper/secure",
        "iodepth" : "1",
        "numjobs" : "2",
        "fsync" : "1"
      },
      "read" : {
        "io_bytes" : 0,
        "io_kbytes" : 0,
        "bw_bytes" : 0,
        "bw" : 0,
        "iops" : 0.000000,
        "runtime" : 0,
        "total_ios" : 0,
        "short_ios" : 0,
        "drop_ios" : 0,
        "slat_ns" : {
          "min" : 0,
          "max" : 0,
          "mean" : 0.000000,
          "stddev" : 0.000000,
          "N" : 0
        },
        "clat_ns" : {
          "min" : 0,
          "max" : 0,
          "mean" : 0.000000,
          "stddev" : 0.000000,
          "N" : 0
        },
        "lat_ns" : {
          "min" : 0,
          "max" : 0,
          "mean" : 0.000000,
          "stddev" : 0.000000,
          "N" : 0
        },
        "bw_min" : 0,
        "bw_max" : 0,
        "bw_agg" : 0.000000,
        "bw_mean" : 0.000000,
        "bw_dev" : 0.000000,
        "bw_samples" : 0,
        "iops_min" : 0,
        "iops_max" : 0,
        "iops_mean" : 0.000000,
        "iops_stddev" : 0.000000,
        "iops_samples" : 0
      },
      "write" : {
        "io_bytes" : 562061312,
        "io_kbytes" : 548888,
        "bw_bytes" : 18734752,
        "bw" : 18295,
        "iops" : 4573.914203,
        "runtime" : 30001,
        "total_ios" : 137222,
        "short_ios" : 0,
        "drop_ios" : 0,
        "slat_ns" : {
          "min" : 0,
          "max" : 0,
          "mean" : 0.000000,
          "stddev" : 0.000000,
          "N" : 0
        },
        "clat_ns" : {
          "min" : 8700,
          "max" : 42398303,
          "mean" : 15999.653765,
          "stddev" : 172806.321461,
          "N" : 137222,
          "percentile" : {
            "1.000000" : 9280,
            "5.000000" : 9536,
            "10.000000" : 9664,
            "20.000000" : 9792,
            "30.000000" : 10176,
            "40.000000" : 11072,
            "50.000000" : 11584,
            "60.000000" : 12096,
            "70.000000" : 15296,
            "80.000000" : 19840,
            "90.000000" : 21888,
            "95.000000" : 23168,
            "99.000000" : 50432,
            "99.500000" : 61184,
            "99.900000" : 80384,
            "99.950000" : 112128,
            "99.990000" : 4227072
          }
        },
        "lat_ns" : {
          "min" : 8800,
          "max" : 42398403,
          "mean" : 16159.461274,
          "stddev" : 172808.905724,
          "N" : 137222
        },
        "bw_min" : 12896,
        "bw_max" : 22144,
        "bw_agg" : 99.974550,
        "bw_mean" : 18291.338701,
        "bw_dev" : 837.577003,
        "bw_samples" : 119,
        "iops_min" : 3224,
        "iops_max" : 5536,
        "iops_mean" : 4572.658192,
        "iops_stddev" : 209.406325,
        "iops_samples" : 119
      },
      "trim" : {
        "io_bytes" : 0,
        "io_kbytes" : 0,
        "bw_bytes" : 0,
        "bw" : 0,
        "iops" : 0.000000,
        "runtime" : 0,
        "total_ios" : 0,
        "short_ios" : 0,
        "drop_ios" : 0,
        "slat_ns" : {
          "min" : 0,
          "max" : 0,
          "mean" : 0.000000,
          "stddev" : 0.000000,
          "N" : 0
        },
        "clat_ns" : {
          "min" : 0,
          "max" : 0,
          "mean" : 0.000000,
          "stddev" : 0.000000,
          "N" : 0
        },
        "lat_ns" : {
          "min" : 0,
          "max" : 0,
          "mean" : 0.000000,
          "stddev" : 0.000000,
          "N" : 0
        },
        "bw_min" : 0,
        "bw_max" : 0,
        "bw_agg" : 0.000000,
        "bw_mean" : 0.000000,
        "bw_dev" : 0.000000,
        "bw_samples" : 0,
        "iops_min" : 0,
        "iops_max" : 0,
        "iops_mean" : 0.000000,
        "iops_stddev" : 0.000000,
        "iops_samples" : 0
      },
      "sync" : {
        "total_ios" : 137222,
        "lat_ns" : {
          "min" : 113702,
          "max" : 67152528,
          "mean" : 419192.034397,
          "stddev" : 539700.061973,
          "N" : 137222,
          "percentile" : {
            "1.000000" : 199680,
            "5.000000" : 280576,
            "10.000000" : 296960,
            "20.000000" : 317440,
            "30.000000" : 329728,
            "40.000000" : 342016,
            "50.000000" : 354304,
            "60.000000" : 370688,
            "70.000000" : 391168,
            "80.000000" : 423936,
            "90.000000" : 518144,
            "95.000000" : 708608,
            "99.000000" : 1531904,
            "99.500000" : 1908736,
            "99.900000" : 4423680,
            "99.950000" : 7700480,
            "99.990000" : 22937600
          }
        }
      },
      "job_runtime" : 60000,
      "usr_cpu" : 1.320000,
      "sys_cpu" : 7.235000,
      "ctx" : 137862,
      "majf" : 0,
      "minf" : 73,
      "iodepth_level" : {
        "1" : 200.000000,
        "2" : 0.000000,
        "4" : 0.000000,
        "8" : 0.000000,
        "16" : 0.000000,
        "32" : 0.000000,
        ">=64" : 0.000000
      },
      "iodepth_submit" : {
        "0" : 0.000000,
        "4" : 100.000000,
        "8" : 0.000000,
        "16" : 0.000000,
        "32" : 0.000000,
        "64" : 0.000000,
        ">=64" : 0.000000
      },
      "iodepth_complete" : {
        "0" : 0.000000,
        "4" : 100.000000,
        "8" : 0.000000,
        "16" : 0.000000,
        "32" : 0.000000,
        "64" : 0.000000,
        ">=64" : 0.000000
      },
      "latency_ns" : {
        "2" : 0.000000,
        "4" : 0.000000,
        "10" : 0.000000,
        "20" : 0.000000,
        "50" : 0.000000,
        "100" : 0.000000,
        "250" : 0.000000,
        "500" : 0.000000,
        "750" : 0.000000,
        "1000" : 0.000000
      },
      "latency_us" : {
        "2" : 0.000000,
        "4" : 0.000000,
        "10" : 24.352509,
        "20" : 56.058066,
        "50" : 18.540759,
        "100" : 0.992552,
        "250" : 0.018947,
        "500" : 0.010000,
        "750" : 0.010000,
        "1000" : 0.010000
      },
      "latency_ms" : {
        "2" : 0.011660,
        "4" : 0.010000,
        "10" : 0.011660,
        "20" : 0.000000,
        "50" : 0.010000,
        "100" : 0.000000,
        "250" : 0.000000,
        "500" : 0.000000,
        "750" : 0.000000,
        "1000" : 0.000000,
        "2000" : 0.000000,
        ">=2000" : 0.000000
      },
      "latency_depth" : 1,
      "latency_target" : 0,
      "latency_percentile" : 100.000000,
      "latency_window" : 0
    }
  ]
}
