{
  "fio version" : "fio-3.36",
  "timestamp" : 1733283069,
  "timestamp_ms" : 1733283069591,
  "time" : "Wed Dec  4 03:31:09 2024",
  "jobs" : [
    {
      "jobname" : "read_direct1_fsync0_threads_32_cb07",
      "groupid" : 0,
      "job_start" : 1733283009565,
      "error" : 0,
      "eta" : 0,
      "elapsed" : 91,
      "job options" : {
        "name" : "read_direct1_fsync0_threads_32_cb07",
        "rw" : "read",
        "direct" : "1",
        "filename" : "/dev/mapper/secure",
        "numjobs" : "32",
        "fsync" : "0",
        "bs" : "4k",
        "ramp_time" : "30",
        "runtime" : "60",
        "iodepth" : "1",
        "end_fsync" : "1"
      },
      "read" : {
        "io_bytes" : 17995067392,
        "io_kbytes" : 17573308,
        "bw_bytes" : 299877806,
        "bw" : 292849,
        "iops" : 73212.355019,
        "runtime" : 60008,
        "total_ios" : 4393327,
        "short_ios" : 0,
        "drop_ios" : 0,
        "slat_ns" : {
          "min" : 0,
          "max" : 0,
          "mean" : 0.000000,
          "stddev" : 0.000000,
          "N" : 0
        },
        "clat_ns" : {
          "min" : 110501,
          "max" : 169744202,
          "mean" : 435427.021267,
          "stddev" : 2213137.565064,
          "N" : 4393327,
          "percentile" : {
            "1.000000" : 152576,
            "5.000000" : 166912,
            "10.000000" : 175104,
            "20.000000" : 187392,
            "30.000000" : 197632,
            "40.000000" : 207872,
            "50.000000" : 218112,
            "60.000000" : 230400,
            "70.000000" : 244736,
            "80.000000" : 268288,
            "90.000000" : 329728,
            "95.000000" : 419840,
            "99.000000" : 4177920,
            "99.500000" : 19005440,
            "99.900000" : 31064064,
            "99.950000" : 35913728,
            "99.990000" : 47972352
          }
        },
        "lat_ns" : {
          "min" : 110601,
          "max" : 169744302,
          "mean" : 435582.292416,
          "stddev" : 2213139.296525,
          "N" : 4393327
        },
        "bw_min" : 112352,
        "bw_max" : 331661,
        "bw_agg" : 100.000000,
        "bw_mean" : 293009.741667,
        "bw_dev" : 1059.430072,
        "bw_samples" : 3840,
        "iops_min" : 28088,
        "iops_max" : 82915,
        "iops_mean" : 73248.675000,
        "iops_stddev" : 264.843914,
        "iops_samples" : 3840
      },
      "write" : {
        "io_bytes" : 0,
        "io_kbytes" : 0,
        "bw_bytes" : 0,
        "bw" : 0,
        "iops" : 0.000000,
        "runtime" : 0,
        "total_ios" : 0,
        "short_ios" : 0,
        "drop_ios" : 0,
        "slat_ns" : {
          "min" : 0,
          "max" : 0,
          "mean" : 0.000000,
          "stddev" : 0.000000,
          "N" : 0
        },
        "clat_ns" : {
          "min" : 0,
          "max" : 0,
          "mean" : 0.000000,
          "stddev" : 0.000000,
          "N" : 0
        },
        "lat_ns" : {
          "min" : 0,
          "max" : 0,
          "mean" : 0.000000,
          "stddev" : 0.000000,
          "N" : 0
        },
        "bw_min" : 0,
        "bw_max" : 0,
        "bw_agg" : 0.000000,
        "bw_mean" : 0.000000,
        "bw_dev" : 0.000000,
        "bw_samples" : 0,
        "iops_min" : 0,
        "iops_max" : 0,
        "iops_mean" : 0.000000,
        "iops_stddev" : 0.000000,
        "iops_samples" : 0
      },
      "trim" : {
        "io_bytes" : 0,
        "io_kbytes" : 0,
        "bw_bytes" : 0,
        "bw" : 0,
        "iops" : 0.000000,
        "runtime" : 0,
        "total_ios" : 0,
        "short_ios" : 0,
        "drop_ios" : 0,
        "slat_ns" : {
          "min" : 0,
          "max" : 0,
          "mean" : 0.000000,
          "stddev" : 0.000000,
          "N" : 0
        },
        "clat_ns" : {
          "min" : 0,
          "max" : 0,
          "mean" : 0.000000,
          "stddev" : 0.000000,
          "N" : 0
        },
        "lat_ns" : {
          "min" : 0,
          "max" : 0,
          "mean" : 0.000000,
          "stddev" : 0.000000,
          "N" : 0
        },
        "bw_min" : 0,
        "bw_max" : 0,
        "bw_agg" : 0.000000,
        "bw_mean" : 0.000000,
        "bw_dev" : 0.000000,
        "bw_samples" : 0,
        "iops_min" : 0,
        "iops_max" : 0,
        "iops_mean" : 0.000000,
        "iops_stddev" : 0.000000,
        "iops_samples" : 0
      },
      "sync" : {
        "total_ios" : 0,
        "lat_ns" : {
          "min" : 0,
          "max" : 0,
          "mean" : 0.000000,
          "stddev" : 0.000000,
          "N" : 0
        }
      },
      "job_runtime" : 1920192,
      "usr_cpu" : 1.258468,
      "sys_cpu" : 8.988580,
      "ctx" : 4746214,
      "majf" : 0,
      "minf" : 1165,
      "iodepth_level" : {
        "1" : 100.000000,
        "2" : 0.000000,
        "4" : 0.000000,
        "8" : 0.000000,
        "16" : 0.000000,
        "32" : 0.000000,
        ">=64" : 0.000000
      },
      "iodepth_submit" : {
        "0" : 0.000000,
        "4" : 100.000000,
        "8" : 0.000000,
        "16" : 0.000000,
        "32" : 0.000000,
        "64" : 0.000000,
        ">=64" : 0.000000
      },
      "iodepth_complete" : {
        "0" : 0.000000,
        "4" : 100.000000,
        "8" : 0.000000,
        "16" : 0.000000,
        "32" : 0.000000,
        "64" : 0.000000,
        ">=64" : 0.000000
      },
      "latency_ns" : {
        "2" : 0.000000,
        "4" : 0.000000,
        "10" : 0.000000,
        "20" : 0.000000,
        "50" : 0.000000,
        "100" : 0.000000,
        "250" : 0.000000,
        "500" : 0.000000,
        "750" : 0.000000,
        "1000" : 0.000000
      },
      "latency_us" : {
        "2" : 0.000000,
        "4" : 0.000000,
        "10" : 0.000000,
        "20" : 0.000000,
        "50" : 0.000000,
        "100" : 0.000000,
        "250" : 72.181834,
        "500" : 24.476006,
        "750" : 1.430829,
        "1000" : 0.323582
      },
      "latency_ms" : {
        "2" : 0.371245,
        "4" : 0.206085,
        "10" : 0.173240,
        "20" : 0.509477,
        "50" : 0.318620,
        "100" : 0.010000,
        "250" : 0.010000,
        "500" : 0.000000,
        "750" : 0.000000,
        "1000" : 0.000000,
        "2000" : 0.000000,
        ">=2000" : 0.000000
      },
      "latency_depth" : 1,
      "latency_target" : 0,
      "latency_percentile" : 100.000000,
      "latency_window" : 0
    }
  ]
}
