{
  "fio version" : "fio-3.36",
  "timestamp" : 1733178057,
  "timestamp_ms" : 1733178057982,
  "time" : "Mon Dec  2 22:20:57 2024",
  "jobs" : [
    {
      "jobname" : "rand_read_direct0_fsync0",
      "groupid" : 0,
      "job_start" : 1733178022919,
      "error" : 0,
      "eta" : 0,
      "elapsed" : 96,
      "job options" : {
        "name" : "rand_read_direct0_fsync0",
        "rw" : "randread",
        "direct" : "0",
        "bs" : "4k",
        "runtime" : "30",
        "ramp_time" : "60",
        "filename" : "/dev/mapper/secure",
        "iodepth" : "1",
        "numjobs" : "16"
      },
      "read" : {
        "io_bytes" : 5233229824,
        "io_kbytes" : 5110576,
        "bw_bytes" : 174435179,
        "bw" : 170346,
        "iops" : 42586.713776,
        "runtime" : 30001,
        "total_ios" : 1277644,
        "short_ios" : 0,
        "drop_ios" : 0,
        "slat_ns" : {
          "min" : 0,
          "max" : 0,
          "mean" : 0.000000,
          "stddev" : 0.000000,
          "N" : 0
        },
        "clat_ns" : {
          "min" : 1700,
          "max" : 111134535,
          "mean" : 373775.947851,
          "stddev" : 1404796.866501,
          "N" : 1277644,
          "percentile" : {
            "1.000000" : 2800,
            "5.000000" : 175104,
            "10.000000" : 187392,
            "20.000000" : 201728,
            "30.000000" : 214016,
            "40.000000" : 224256,
            "50.000000" : 234496,
            "60.000000" : 248832,
            "70.000000" : 264192,
            "80.000000" : 288768,
            "90.000000" : 354304,
            "95.000000" : 477184,
            "99.000000" : 3457024,
            "99.500000" : 8978432,
            "99.900000" : 20316160,
            "99.950000" : 26607616,
            "99.990000" : 46923776
          }
        },
        "lat_ns" : {
          "min" : 1700,
          "max" : 111134635,
          "mean" : 373924.603755,
          "stddev" : 1404801.051984,
          "N" : 1277644
        },
        "bw_min" : 100911,
        "bw_max" : 195630,
        "bw_agg" : 99.997737,
        "bw_mean" : 170343.135593,
        "bw_dev" : 1123.743870,
        "bw_samples" : 952,
        "iops_min" : 25227,
        "iops_max" : 48907,
        "iops_mean" : 42584.878531,
        "iops_stddev" : 280.923898,
        "iops_samples" : 952
      },
      "write" : {
        "io_bytes" : 0,
        "io_kbytes" : 0,
        "bw_bytes" : 0,
        "bw" : 0,
        "iops" : 0.000000,
        "runtime" : 0,
        "total_ios" : 0,
        "short_ios" : 0,
        "drop_ios" : 0,
        "slat_ns" : {
          "min" : 0,
          "max" : 0,
          "mean" : 0.000000,
          "stddev" : 0.000000,
          "N" : 0
        },
        "clat_ns" : {
          "min" : 0,
          "max" : 0,
          "mean" : 0.000000,
          "stddev" : 0.000000,
          "N" : 0
        },
        "lat_ns" : {
          "min" : 0,
          "max" : 0,
          "mean" : 0.000000,
          "stddev" : 0.000000,
          "N" : 0
        },
        "bw_min" : 0,
        "bw_max" : 0,
        "bw_agg" : 0.000000,
        "bw_mean" : 0.000000,
        "bw_dev" : 0.000000,
        "bw_samples" : 0,
        "iops_min" : 0,
        "iops_max" : 0,
        "iops_mean" : 0.000000,
        "iops_stddev" : 0.000000,
        "iops_samples" : 0
      },
      "trim" : {
        "io_bytes" : 0,
        "io_kbytes" : 0,
        "bw_bytes" : 0,
        "bw" : 0,
        "iops" : 0.000000,
        "runtime" : 0,
        "total_ios" : 0,
        "short_ios" : 0,
        "drop_ios" : 0,
        "slat_ns" : {
          "min" : 0,
          "max" : 0,
          "mean" : 0.000000,
          "stddev" : 0.000000,
          "N" : 0
        },
        "clat_ns" : {
          "min" : 0,
          "max" : 0,
          "mean" : 0.000000,
          "stddev" : 0.000000,
          "N" : 0
        },
        "lat_ns" : {
          "min" : 0,
          "max" : 0,
          "mean" : 0.000000,
          "stddev" : 0.000000,
          "N" : 0
        },
        "bw_min" : 0,
        "bw_max" : 0,
        "bw_agg" : 0.000000,
        "bw_mean" : 0.000000,
        "bw_dev" : 0.000000,
        "bw_samples" : 0,
        "iops_min" : 0,
        "iops_max" : 0,
        "iops_mean" : 0.000000,
        "iops_stddev" : 0.000000,
        "iops_samples" : 0
      },
      "sync" : {
        "total_ios" : 0,
        "lat_ns" : {
          "min" : 0,
          "max" : 0,
          "mean" : 0.000000,
          "stddev" : 0.000000,
          "N" : 0
        }
      },
      "job_runtime" : 480000,
      "usr_cpu" : 0.950833,
      "sys_cpu" : 7.335833,
      "ctx" : 1696276,
      "majf" : 0,
      "minf" : 582,
      "iodepth_level" : {
        "1" : 100.000000,
        "2" : 0.000000,
        "4" : 0.000000,
        "8" : 0.000000,
        "16" : 0.000000,
        "32" : 0.000000,
        ">=64" : 0.000000
      },
      "iodepth_submit" : {
        "0" : 0.000000,
        "4" : 100.000000,
        "8" : 0.000000,
        "16" : 0.000000,
        "32" : 0.000000,
        "64" : 0.000000,
        ">=64" : 0.000000
      },
      "iodepth_complete" : {
        "0" : 0.000000,
        "4" : 100.000000,
        "8" : 0.000000,
        "16" : 0.000000,
        "32" : 0.000000,
        "64" : 0.000000,
        ">=64" : 0.000000
      },
      "latency_ns" : {
        "2" : 0.000000,
        "4" : 0.000000,
        "10" : 0.000000,
        "20" : 0.000000,
        "50" : 0.000000,
        "100" : 0.000000,
        "250" : 0.000000,
        "500" : 0.000000,
        "750" : 0.000000,
        "1000" : 0.000000
      },
      "latency_us" : {
        "2" : 0.010000,
        "4" : 1.620326,
        "10" : 0.231520,
        "20" : 0.010000,
        "50" : 0.013227,
        "100" : 0.010000,
        "250" : 59.323333,
        "500" : 34.224009,
        "750" : 2.046110,
        "1000" : 0.494504
      },
      "latency_ms" : {
        "2" : 0.706378,
        "4" : 0.427584,
        "10" : 0.468988,
        "20" : 0.326852,
        "50" : 0.092749,
        "100" : 0.010000,
        "250" : 0.010000,
        "500" : 0.000000,
        "750" : 0.000000,
        "1000" : 0.000000,
        "2000" : 0.000000,
        ">=2000" : 0.000000
      },
      "latency_depth" : 1,
      "latency_target" : 0,
      "latency_percentile" : 100.000000,
      "latency_window" : 0
    }
  ]
}
