{
  "fio version" : "fio-3.36",
  "timestamp" : 1733282241,
  "timestamp_ms" : 1733282241737,
  "time" : "Wed Dec  4 03:17:21 2024",
  "jobs" : [
    {
      "jobname" : "randwrite_direct0_fsync1_threads_8_0154",
      "groupid" : 0,
      "job_start" : 1733282180427,
      "error" : 0,
      "eta" : 0,
      "elapsed" : 92,
      "job options" : {
        "name" : "randwrite_direct0_fsync1_threads_8_0154",
        "rw" : "randwrite",
        "direct" : "0",
        "filename" : "/dev/mapper/secure",
        "numjobs" : "8",
        "fsync" : "1",
        "bs" : "4k",
        "ramp_time" : "30",
        "runtime" : "60",
        "iodepth" : "1",
        "end_fsync" : "1"
      },
      "read" : {
        "io_bytes" : 0,
        "io_kbytes" : 0,
        "bw_bytes" : 0,
        "bw" : 0,
        "iops" : 0.000000,
        "runtime" : 0,
        "total_ios" : 0,
        "short_ios" : 0,
        "drop_ios" : 0,
        "slat_ns" : {
          "min" : 0,
          "max" : 0,
          "mean" : 0.000000,
          "stddev" : 0.000000,
          "N" : 0
        },
        "clat_ns" : {
          "min" : 0,
          "max" : 0,
          "mean" : 0.000000,
          "stddev" : 0.000000,
          "N" : 0
        },
        "lat_ns" : {
          "min" : 0,
          "max" : 0,
          "mean" : 0.000000,
          "stddev" : 0.000000,
          "N" : 0
        },
        "bw_min" : 0,
        "bw_max" : 0,
        "bw_agg" : 0.000000,
        "bw_mean" : 0.000000,
        "bw_dev" : 0.000000,
        "bw_samples" : 0,
        "iops_min" : 0,
        "iops_max" : 0,
        "iops_mean" : 0.000000,
        "iops_stddev" : 0.000000,
        "iops_samples" : 0
      },
      "write" : {
        "io_bytes" : 1466925056,
        "io_kbytes" : 1432544,
        "bw_bytes" : 24440196,
        "bw" : 23867,
        "iops" : 5966.844938,
        "runtime" : 60021,
        "total_ios" : 358136,
        "short_ios" : 0,
        "drop_ios" : 0,
        "slat_ns" : {
          "min" : 0,
          "max" : 0,
          "mean" : 0.000000,
          "stddev" : 0.000000,
          "N" : 0
        },
        "clat_ns" : {
          "min" : 3700,
          "max" : 171102,
          "mean" : 7660.219646,
          "stddev" : 4152.608118,
          "N" : 358136,
          "percentile" : {
            "1.000000" : 4832,
            "5.000000" : 5024,
            "10.000000" : 5088,
            "20.000000" : 5280,
            "30.000000" : 5600,
            "40.000000" : 5920,
            "50.000000" : 6304,
            "60.000000" : 7008,
            "70.000000" : 8256,
            "80.000000" : 9664,
            "90.000000" : 11328,
            "95.000000" : 12736,
            "99.000000" : 20096,
            "99.500000" : 36096,
            "99.900000" : 53504,
            "99.950000" : 59136,
            "99.990000" : 70144
          }
        },
        "lat_ns" : {
          "min" : 3800,
          "max" : 171202,
          "mean" : 7877.967772,
          "stddev" : 4237.316759,
          "N" : 358136
        },
        "bw_min" : 17360,
        "bw_max" : 26444,
        "bw_agg" : 100.000000,
        "bw_mean" : 23883.983333,
        "bw_dev" : 164.600275,
        "bw_samples" : 960,
        "iops_min" : 4340,
        "iops_max" : 6610,
        "iops_mean" : 5970.400000,
        "iops_stddev" : 41.125798,
        "iops_samples" : 960
      },
      "trim" : {
        "io_bytes" : 0,
        "io_kbytes" : 0,
        "bw_bytes" : 0,
        "bw" : 0,
        "iops" : 0.000000,
        "runtime" : 0,
        "total_ios" : 0,
        "short_ios" : 0,
        "drop_ios" : 0,
        "slat_ns" : {
          "min" : 0,
          "max" : 0,
          "mean" : 0.000000,
          "stddev" : 0.000000,
          "N" : 0
        },
        "clat_ns" : {
          "min" : 0,
          "max" : 0,
          "mean" : 0.000000,
          "stddev" : 0.000000,
          "N" : 0
        },
        "lat_ns" : {
          "min" : 0,
          "max" : 0,
          "mean" : 0.000000,
          "stddev" : 0.000000,
          "N" : 0
        },
        "bw_min" : 0,
        "bw_max" : 0,
        "bw_agg" : 0.000000,
        "bw_mean" : 0.000000,
        "bw_dev" : 0.000000,
        "bw_samples" : 0,
        "iops_min" : 0,
        "iops_max" : 0,
        "iops_mean" : 0.000000,
        "iops_stddev" : 0.000000,
        "iops_samples" : 0
      },
      "sync" : {
        "total_ios" : 358136,
        "lat_ns" : {
          "min" : 169802,
          "max" : 167650526,
          "mean" : 1330591.918643,
          "stddev" : 10277684.830978,
          "N" : 358136,
          "percentile" : {
            "1.000000" : 242688,
            "5.000000" : 337920,
            "10.000000" : 354304,
            "20.000000" : 370688,
            "30.000000" : 378880,
            "40.000000" : 391168,
            "50.000000" : 399360,
            "60.000000" : 407552,
            "70.000000" : 419840,
            "80.000000" : 436224,
            "90.000000" : 464896,
            "95.000000" : 497664,
            "99.000000" : 1531904,
            "99.500000" : 113770496,
            "99.900000" : 121110528,
            "99.950000" : 123207680,
            "99.990000" : 130547712
          }
        }
      },
      "job_runtime" : 480160,
      "usr_cpu" : 0.479215,
      "sys_cpu" : 3.767702,
      "ctx" : 484802,
      "majf" : 0,
      "minf" : 291,
      "iodepth_level" : {
        "1" : 200.000000,
        "2" : 0.000000,
        "4" : 0.000000,
        "8" : 0.000000,
        "16" : 0.000000,
        "32" : 0.000000,
        ">=64" : 0.000000
      },
      "iodepth_submit" : {
        "0" : 0.000000,
        "4" : 100.000000,
        "8" : 0.000000,
        "16" : 0.000000,
        "32" : 0.000000,
        "64" : 0.000000,
        ">=64" : 0.000000
      },
      "iodepth_complete" : {
        "0" : 0.000000,
        "4" : 100.000000,
        "8" : 0.000000,
        "16" : 0.000000,
        "32" : 0.000000,
        "64" : 0.000000,
        ">=64" : 0.000000
      },
      "latency_ns" : {
        "2" : 0.000000,
        "4" : 0.000000,
        "10" : 0.000000,
        "20" : 0.000000,
        "50" : 0.000000,
        "100" : 0.000000,
        "250" : 0.000000,
        "500" : 0.000000,
        "750" : 0.000000,
        "1000" : 0.000000
      },
      "latency_us" : {
        "2" : 0.000000,
        "4" : 0.010000,
        "10" : 82.694842,
        "20" : 16.297161,
        "50" : 0.838229,
        "100" : 0.161950,
        "250" : 0.010000,
        "500" : 0.000000,
        "750" : 0.000000,
        "1000" : 0.000000
      },
      "latency_ms" : {
        "2" : 0.000000,
        "4" : 0.000000,
        "10" : 0.000000,
        "20" : 0.000000,
        "50" : 0.000000,
        "100" : 0.000000,
        "250" : 0.000000,
        "500" : 0.000000,
        "750" : 0.000000,
        "1000" : 0.000000,
        "2000" : 0.000000,
        ">=2000" : 0.000000
      },
      "latency_depth" : 1,
      "latency_target" : 0,
      "latency_percentile" : 100.000000,
      "latency_window" : 0
    }
  ]
}
