{
  "fio version" : "fio-3.36",
  "timestamp" : 1733180429,
  "timestamp_ms" : 1733180429452,
  "time" : "Mon Dec  2 23:00:29 2024",
  "jobs" : [
    {
      "jobname" : "rand_write_direct1_fsync1",
      "groupid" : 0,
      "job_start" : 1733180399122,
      "error" : 0,
      "eta" : 0,
      "elapsed" : 91,
      "job options" : {
        "name" : "rand_write_direct1_fsync1",
        "rw" : "randwrite",
        "direct" : "1",
        "bs" : "4k",
        "runtime" : "30",
        "ramp_time" : "60",
        "filename" : "/dev/mapper/secure",
        "iodepth" : "1",
        "numjobs" : "16",
        "fsync" : "1"
      },
      "read" : {
        "io_bytes" : 0,
        "io_kbytes" : 0,
        "bw_bytes" : 0,
        "bw" : 0,
        "iops" : 0.000000,
        "runtime" : 0,
        "total_ios" : 0,
        "short_ios" : 0,
        "drop_ios" : 0,
        "slat_ns" : {
          "min" : 0,
          "max" : 0,
          "mean" : 0.000000,
          "stddev" : 0.000000,
          "N" : 0
        },
        "clat_ns" : {
          "min" : 0,
          "max" : 0,
          "mean" : 0.000000,
          "stddev" : 0.000000,
          "N" : 0
        },
        "lat_ns" : {
          "min" : 0,
          "max" : 0,
          "mean" : 0.000000,
          "stddev" : 0.000000,
          "N" : 0
        },
        "bw_min" : 0,
        "bw_max" : 0,
        "bw_agg" : 0.000000,
        "bw_mean" : 0.000000,
        "bw_dev" : 0.000000,
        "bw_samples" : 0,
        "iops_min" : 0,
        "iops_max" : 0,
        "iops_mean" : 0.000000,
        "iops_stddev" : 0.000000,
        "iops_samples" : 0
      },
      "write" : {
        "io_bytes" : 629960704,
        "io_kbytes" : 615196,
        "bw_bytes" : 20781180,
        "bw" : 20294,
        "iops" : 5073.530382,
        "runtime" : 30314,
        "total_ios" : 153799,
        "short_ios" : 0,
        "drop_ios" : 0,
        "slat_ns" : {
          "min" : 0,
          "max" : 0,
          "mean" : 0.000000,
          "stddev" : 0.000000,
          "N" : 0
        },
        "clat_ns" : {
          "min" : 8200,
          "max" : 698283561,
          "mean" : 2694190.106750,
          "stddev" : 36782578.052903,
          "N" : 153799,
          "percentile" : {
            "1.000000" : 9664,
            "5.000000" : 10176,
            "10.000000" : 10432,
            "20.000000" : 10688,
            "30.000000" : 11200,
            "40.000000" : 11840,
            "50.000000" : 12608,
            "60.000000" : 14144,
            "70.000000" : 16512,
            "80.000000" : 19840,
            "90.000000" : 23680,
            "95.000000" : 27008,
            "99.000000" : 64768,
            "99.500000" : 367001600,
            "99.900000" : 557842432,
            "99.950000" : 624951296,
            "99.990000" : 700448768
          }
        },
        "lat_ns" : {
          "min" : 8300,
          "max" : 698283761,
          "mean" : 2694380.657104,
          "stddev" : 36782575.691797,
          "N" : 153799
        },
        "bw_min" : 1984,
        "bw_max" : 40560,
        "bw_agg" : 100.000000,
        "bw_mean" : 21218.344828,
        "bw_dev" : 400.885460,
        "bw_samples" : 928,
        "iops_min" : 496,
        "iops_max" : 10140,
        "iops_mean" : 5302.862069,
        "iops_stddev" : 100.173530,
        "iops_samples" : 928
      },
      "trim" : {
        "io_bytes" : 0,
        "io_kbytes" : 0,
        "bw_bytes" : 0,
        "bw" : 0,
        "iops" : 0.000000,
        "runtime" : 0,
        "total_ios" : 0,
        "short_ios" : 0,
        "drop_ios" : 0,
        "slat_ns" : {
          "min" : 0,
          "max" : 0,
          "mean" : 0.000000,
          "stddev" : 0.000000,
          "N" : 0
        },
        "clat_ns" : {
          "min" : 0,
          "max" : 0,
          "mean" : 0.000000,
          "stddev" : 0.000000,
          "N" : 0
        },
        "lat_ns" : {
          "min" : 0,
          "max" : 0,
          "mean" : 0.000000,
          "stddev" : 0.000000,
          "N" : 0
        },
        "bw_min" : 0,
        "bw_max" : 0,
        "bw_agg" : 0.000000,
        "bw_mean" : 0.000000,
        "bw_dev" : 0.000000,
        "bw_samples" : 0,
        "iops_min" : 0,
        "iops_max" : 0,
        "iops_mean" : 0.000000,
        "iops_stddev" : 0.000000,
        "iops_samples" : 0
      },
      "sync" : {
        "total_ios" : 153783,
        "lat_ns" : {
          "min" : 250203,
          "max" : 88307118,
          "mean" : 456963.002510,
          "stddev" : 951551.075042,
          "N" : 153783,
          "percentile" : {
            "1.000000" : 292864,
            "5.000000" : 309248,
            "10.000000" : 321536,
            "20.000000" : 337920,
            "30.000000" : 350208,
            "40.000000" : 366592,
            "50.000000" : 391168,
            "60.000000" : 432128,
            "70.000000" : 481280,
            "80.000000" : 514048,
            "90.000000" : 569344,
            "95.000000" : 634880,
            "99.000000" : 1204224,
            "99.500000" : 1597440,
            "99.900000" : 5341184,
            "99.950000" : 8978432,
            "99.990000" : 87556096
          }
        }
      },
      "job_runtime" : 484982,
      "usr_cpu" : 0.234235,
      "sys_cpu" : 1.075298,
      "ctx" : 154629,
      "majf" : 0,
      "minf" : 583,
      "iodepth_level" : {
        "1" : 199.989597,
        "2" : 0.000000,
        "4" : 0.000000,
        "8" : 0.000000,
        "16" : 0.000000,
        "32" : 0.000000,
        ">=64" : 0.000000
      },
      "iodepth_submit" : {
        "0" : 0.000000,
        "4" : 100.000000,
        "8" : 0.000000,
        "16" : 0.000000,
        "32" : 0.000000,
        "64" : 0.000000,
        ">=64" : 0.000000
      },
      "iodepth_complete" : {
        "0" : 0.000000,
        "4" : 100.000000,
        "8" : 0.000000,
        "16" : 0.000000,
        "32" : 0.000000,
        "64" : 0.000000,
        ">=64" : 0.000000
      },
      "latency_ns" : {
        "2" : 0.000000,
        "4" : 0.000000,
        "10" : 0.000000,
        "20" : 0.000000,
        "50" : 0.000000,
        "100" : 0.000000,
        "250" : 0.000000,
        "500" : 0.000000,
        "750" : 0.000000,
        "1000" : 0.000000
      },
      "latency_us" : {
        "2" : 0.000000,
        "4" : 0.000000,
        "10" : 2.711981,
        "20" : 77.334053,
        "50" : 18.105449,
        "100" : 1.199618,
        "250" : 0.091028,
        "500" : 0.013654,
        "750" : 0.010000,
        "1000" : 0.010000
      },
      "latency_ms" : {
        "2" : 0.010000,
        "4" : 0.000000,
        "10" : 0.000000,
        "20" : 0.000000,
        "50" : 0.000000,
        "100" : 0.000000,
        "250" : 0.000000,
        "500" : 0.322499,
        "750" : 0.218467,
        "1000" : 0.000000,
        "2000" : 0.000000,
        ">=2000" : 0.000000
      },
      "latency_depth" : 1,
      "latency_target" : 0,
      "latency_percentile" : 100.000000,
      "latency_window" : 0
    }
  ]
}
