{
  "fio version" : "fio-3.36",
  "timestamp" : 1733283340,
  "timestamp_ms" : 1733283340330,
  "time" : "Wed Dec  4 03:35:40 2024",
  "jobs" : [
    {
      "jobname" : "read_direct1_fsync0_threads_4_6efd",
      "groupid" : 0,
      "job_start" : 1733283280314,
      "error" : 0,
      "eta" : 0,
      "elapsed" : 91,
      "job options" : {
        "name" : "read_direct1_fsync0_threads_4_6efd",
        "rw" : "read",
        "direct" : "1",
        "filename" : "/dev/mapper/secure",
        "numjobs" : "4",
        "fsync" : "0",
        "bs" : "4k",
        "ramp_time" : "30",
        "runtime" : "60",
        "iodepth" : "1",
        "end_fsync" : "1"
      },
      "read" : {
        "io_bytes" : 5298294784,
        "io_kbytes" : 5174116,
        "bw_bytes" : 88303441,
        "bw" : 86233,
        "iops" : 21558.457359,
        "runtime" : 60001,
        "total_ios" : 1293529,
        "short_ios" : 0,
        "drop_ios" : 0,
        "slat_ns" : {
          "min" : 0,
          "max" : 0,
          "mean" : 0.000000,
          "stddev" : 0.000000,
          "N" : 0
        },
        "clat_ns" : {
          "min" : 120601,
          "max" : 159368213,
          "mean" : 184792.645925,
          "stddev" : 406378.085402,
          "N" : 1293529,
          "percentile" : {
            "1.000000" : 144384,
            "5.000000" : 150528,
            "10.000000" : 156672,
            "20.000000" : 162816,
            "30.000000" : 166912,
            "40.000000" : 171008,
            "50.000000" : 175104,
            "60.000000" : 181248,
            "70.000000" : 185344,
            "80.000000" : 191488,
            "90.000000" : 203776,
            "95.000000" : 214016,
            "99.000000" : 259072,
            "99.500000" : 317440,
            "99.900000" : 1122304,
            "99.950000" : 1941504,
            "99.990000" : 9502720
          }
        },
        "lat_ns" : {
          "min" : 120701,
          "max" : 159368313,
          "mean" : 184874.763922,
          "stddev" : 406378.372065,
          "N" : 1293529
        },
        "bw_min" : 57920,
        "bw_max" : 94680,
        "bw_agg" : 100.000000,
        "bw_mean" : 86260.808333,
        "bw_dev" : 1244.405195,
        "bw_samples" : 480,
        "iops_min" : 14480,
        "iops_max" : 23670,
        "iops_mean" : 21565.000000,
        "iops_stddev" : 311.100942,
        "iops_samples" : 480
      },
      "write" : {
        "io_bytes" : 0,
        "io_kbytes" : 0,
        "bw_bytes" : 0,
        "bw" : 0,
        "iops" : 0.000000,
        "runtime" : 0,
        "total_ios" : 0,
        "short_ios" : 0,
        "drop_ios" : 0,
        "slat_ns" : {
          "min" : 0,
          "max" : 0,
          "mean" : 0.000000,
          "stddev" : 0.000000,
          "N" : 0
        },
        "clat_ns" : {
          "min" : 0,
          "max" : 0,
          "mean" : 0.000000,
          "stddev" : 0.000000,
          "N" : 0
        },
        "lat_ns" : {
          "min" : 0,
          "max" : 0,
          "mean" : 0.000000,
          "stddev" : 0.000000,
          "N" : 0
        },
        "bw_min" : 0,
        "bw_max" : 0,
        "bw_agg" : 0.000000,
        "bw_mean" : 0.000000,
        "bw_dev" : 0.000000,
        "bw_samples" : 0,
        "iops_min" : 0,
        "iops_max" : 0,
        "iops_mean" : 0.000000,
        "iops_stddev" : 0.000000,
        "iops_samples" : 0
      },
      "trim" : {
        "io_bytes" : 0,
        "io_kbytes" : 0,
        "bw_bytes" : 0,
        "bw" : 0,
        "iops" : 0.000000,
        "runtime" : 0,
        "total_ios" : 0,
        "short_ios" : 0,
        "drop_ios" : 0,
        "slat_ns" : {
          "min" : 0,
          "max" : 0,
          "mean" : 0.000000,
          "stddev" : 0.000000,
          "N" : 0
        },
        "clat_ns" : {
          "min" : 0,
          "max" : 0,
          "mean" : 0.000000,
          "stddev" : 0.000000,
          "N" : 0
        },
        "lat_ns" : {
          "min" : 0,
          "max" : 0,
          "mean" : 0.000000,
          "stddev" : 0.000000,
          "N" : 0
        },
        "bw_min" : 0,
        "bw_max" : 0,
        "bw_agg" : 0.000000,
        "bw_mean" : 0.000000,
        "bw_dev" : 0.000000,
        "bw_samples" : 0,
        "iops_min" : 0,
        "iops_max" : 0,
        "iops_mean" : 0.000000,
        "iops_stddev" : 0.000000,
        "iops_samples" : 0
      },
      "sync" : {
        "total_ios" : 0,
        "lat_ns" : {
          "min" : 0,
          "max" : 0,
          "mean" : 0.000000,
          "stddev" : 0.000000,
          "N" : 0
        }
      },
      "job_runtime" : 240000,
      "usr_cpu" : 1.897083,
      "sys_cpu" : 14.390417,
      "ctx" : 1294650,
      "majf" : 0,
      "minf" : 146,
      "iodepth_level" : {
        "1" : 100.000000,
        "2" : 0.000000,
        "4" : 0.000000,
        "8" : 0.000000,
        "16" : 0.000000,
        "32" : 0.000000,
        ">=64" : 0.000000
      },
      "iodepth_submit" : {
        "0" : 0.000000,
        "4" : 100.000000,
        "8" : 0.000000,
        "16" : 0.000000,
        "32" : 0.000000,
        "64" : 0.000000,
        ">=64" : 0.000000
      },
      "iodepth_complete" : {
        "0" : 0.000000,
        "4" : 100.000000,
        "8" : 0.000000,
        "16" : 0.000000,
        "32" : 0.000000,
        "64" : 0.000000,
        ">=64" : 0.000000
      },
      "latency_ns" : {
        "2" : 0.000000,
        "4" : 0.000000,
        "10" : 0.000000,
        "20" : 0.000000,
        "50" : 0.000000,
        "100" : 0.000000,
        "250" : 0.000000,
        "500" : 0.000000,
        "750" : 0.000000,
        "1000" : 0.000000
      },
      "latency_us" : {
        "2" : 0.000000,
        "4" : 0.000000,
        "10" : 0.000000,
        "20" : 0.000000,
        "50" : 0.000000,
        "100" : 0.000000,
        "250" : 98.729522,
        "500" : 1.000519,
        "750" : 0.088208,
        "1000" : 0.058136
      },
      "latency_ms" : {
        "2" : 0.076071,
        "4" : 0.021569,
        "10" : 0.016389,
        "20" : 0.010000,
        "50" : 0.010000,
        "100" : 0.010000,
        "250" : 0.010000,
        "500" : 0.000000,
        "750" : 0.000000,
        "1000" : 0.000000,
        "2000" : 0.000000,
        ">=2000" : 0.000000
      },
      "latency_depth" : 1,
      "latency_target" : 0,
      "latency_percentile" : 100.000000,
      "latency_window" : 0
    }
  ]
}
