{
  "fio version" : "fio-3.36",
  "timestamp" : 1733181542,
  "timestamp_ms" : 1733181542548,
  "time" : "Mon Dec  2 23:19:02 2024",
  "jobs" : [
    {
      "jobname" : "rand_write_direct0_fsync0",
      "groupid" : 0,
      "job_start" : 1733181403176,
      "error" : 0,
      "eta" : 0,
      "elapsed" : 200,
      "job options" : {
        "name" : "rand_write_direct0_fsync0",
        "rw" : "randwrite",
        "direct" : "0",
        "bs" : "4k",
        "runtime" : "30",
        "ramp_time" : "60",
        "filename" : "/dev/mapper/secure",
        "iodepth" : "1",
        "numjobs" : "1"
      },
      "read" : {
        "io_bytes" : 0,
        "io_kbytes" : 0,
        "bw_bytes" : 0,
        "bw" : 0,
        "iops" : 0.000000,
        "runtime" : 0,
        "total_ios" : 0,
        "short_ios" : 0,
        "drop_ios" : 0,
        "slat_ns" : {
          "min" : 0,
          "max" : 0,
          "mean" : 0.000000,
          "stddev" : 0.000000,
          "N" : 0
        },
        "clat_ns" : {
          "min" : 0,
          "max" : 0,
          "mean" : 0.000000,
          "stddev" : 0.000000,
          "N" : 0
        },
        "lat_ns" : {
          "min" : 0,
          "max" : 0,
          "mean" : 0.000000,
          "stddev" : 0.000000,
          "N" : 0
        },
        "bw_min" : 0,
        "bw_max" : 0,
        "bw_agg" : 0.000000,
        "bw_mean" : 0.000000,
        "bw_dev" : 0.000000,
        "bw_samples" : 0,
        "iops_min" : 0,
        "iops_max" : 0,
        "iops_mean" : 0.000000,
        "iops_stddev" : 0.000000,
        "iops_samples" : 0
      },
      "write" : {
        "io_bytes" : 4011618304,
        "io_kbytes" : 3917596,
        "bw_bytes" : 133707239,
        "bw" : 130573,
        "iops" : 32643.368996,
        "runtime" : 30003,
        "total_ios" : 979399,
        "short_ios" : 0,
        "drop_ios" : 0,
        "slat_ns" : {
          "min" : 0,
          "max" : 0,
          "mean" : 0.000000,
          "stddev" : 0.000000,
          "N" : 0
        },
        "clat_ns" : {
          "min" : 2700,
          "max" : 14767632,
          "mean" : 30175.064071,
          "stddev" : 494083.141393,
          "N" : 979399,
          "percentile" : {
            "1.000000" : 2992,
            "5.000000" : 3088,
            "10.000000" : 3216,
            "20.000000" : 3312,
            "30.000000" : 3408,
            "40.000000" : 3600,
            "50.000000" : 3792,
            "60.000000" : 3888,
            "70.000000" : 4016,
            "80.000000" : 4192,
            "90.000000" : 4704,
            "95.000000" : 5728,
            "99.000000" : 8256,
            "99.500000" : 40192,
            "99.900000" : 6914048,
            "99.950000" : 13697024,
            "99.990000" : 13828096
          }
        },
        "lat_ns" : {
          "min" : 2700,
          "max" : 14767732,
          "mean" : 30230.675361,
          "stddev" : 494082.801696,
          "N" : 979399
        },
        "bw_min" : 123208,
        "bw_max" : 141824,
        "bw_agg" : 100.000000,
        "bw_mean" : 130629.766667,
        "bw_dev" : 4442.434870,
        "bw_samples" : 60,
        "iops_min" : 30802,
        "iops_max" : 35456,
        "iops_mean" : 32657.383333,
        "iops_stddev" : 1110.593109,
        "iops_samples" : 60
      },
      "trim" : {
        "io_bytes" : 0,
        "io_kbytes" : 0,
        "bw_bytes" : 0,
        "bw" : 0,
        "iops" : 0.000000,
        "runtime" : 0,
        "total_ios" : 0,
        "short_ios" : 0,
        "drop_ios" : 0,
        "slat_ns" : {
          "min" : 0,
          "max" : 0,
          "mean" : 0.000000,
          "stddev" : 0.000000,
          "N" : 0
        },
        "clat_ns" : {
          "min" : 0,
          "max" : 0,
          "mean" : 0.000000,
          "stddev" : 0.000000,
          "N" : 0
        },
        "lat_ns" : {
          "min" : 0,
          "max" : 0,
          "mean" : 0.000000,
          "stddev" : 0.000000,
          "N" : 0
        },
        "bw_min" : 0,
        "bw_max" : 0,
        "bw_agg" : 0.000000,
        "bw_mean" : 0.000000,
        "bw_dev" : 0.000000,
        "bw_samples" : 0,
        "iops_min" : 0,
        "iops_max" : 0,
        "iops_mean" : 0.000000,
        "iops_stddev" : 0.000000,
        "iops_samples" : 0
      },
      "sync" : {
        "total_ios" : 0,
        "lat_ns" : {
          "min" : 0,
          "max" : 0,
          "mean" : 0.000000,
          "stddev" : 0.000000,
          "N" : 0
        }
      },
      "job_runtime" : 30002,
      "usr_cpu" : 2.266516,
      "sys_cpu" : 12.565829,
      "ctx" : 3066,
      "majf" : 0,
      "minf" : 36,
      "iodepth_level" : {
        "1" : 100.000000,
        "2" : 0.000000,
        "4" : 0.000000,
        "8" : 0.000000,
        "16" : 0.000000,
        "32" : 0.000000,
        ">=64" : 0.000000
      },
      "iodepth_submit" : {
        "0" : 0.000000,
        "4" : 100.000000,
        "8" : 0.000000,
        "16" : 0.000000,
        "32" : 0.000000,
        "64" : 0.000000,
        ">=64" : 0.000000
      },
      "iodepth_complete" : {
        "0" : 0.000000,
        "4" : 100.000000,
        "8" : 0.000000,
        "16" : 0.000000,
        "32" : 0.000000,
        "64" : 0.000000,
        ">=64" : 0.000000
      },
      "latency_ns" : {
        "2" : 0.000000,
        "4" : 0.000000,
        "10" : 0.000000,
        "20" : 0.000000,
        "50" : 0.000000,
        "100" : 0.000000,
        "250" : 0.000000,
        "500" : 0.000000,
        "750" : 0.000000,
        "1000" : 0.000000
      },
      "latency_us" : {
        "2" : 0.000000,
        "4" : 66.325267,
        "10" : 32.884759,
        "20" : 0.075148,
        "50" : 0.345926,
        "100" : 0.053706,
        "250" : 0.010000,
        "500" : 0.010000,
        "750" : 0.010000,
        "1000" : 0.000000
      },
      "latency_ms" : {
        "2" : 0.010000,
        "4" : 0.000000,
        "10" : 0.242291,
        "20" : 0.070043,
        "50" : 0.000000,
        "100" : 0.000000,
        "250" : 0.000000,
        "500" : 0.000000,
        "750" : 0.000000,
        "1000" : 0.000000,
        "2000" : 0.000000,
        ">=2000" : 0.000000
      },
      "latency_depth" : 1,
      "latency_target" : 0,
      "latency_percentile" : 100.000000,
      "latency_window" : 0
    }
  ]
}
