{
  "fio version" : "fio-3.36",
  "timestamp" : 1733284171,
  "timestamp_ms" : 1733284171182,
  "time" : "Wed Dec  4 03:49:31 2024",
  "jobs" : [
    {
      "jobname" : "randread_direct1_fsync0_threads_8_9ebc",
      "groupid" : 0,
      "job_start" : 1733284111166,
      "error" : 0,
      "eta" : 0,
      "elapsed" : 91,
      "job options" : {
        "name" : "randread_direct1_fsync0_threads_8_9ebc",
        "rw" : "randread",
        "direct" : "1",
        "filename" : "/dev/mapper/secure",
        "numjobs" : "8",
        "fsync" : "0",
        "bs" : "4k",
        "ramp_time" : "30",
        "runtime" : "60",
        "iodepth" : "1",
        "end_fsync" : "1"
      },
      "read" : {
        "io_bytes" : 9029230592,
        "io_kbytes" : 8817608,
        "bw_bytes" : 150454578,
        "bw" : 146928,
        "iops" : 36732.074717,
        "runtime" : 60013,
        "total_ios" : 2204402,
        "short_ios" : 0,
        "drop_ios" : 0,
        "slat_ns" : {
          "min" : 0,
          "max" : 0,
          "mean" : 0.000000,
          "stddev" : 0.000000,
          "N" : 0
        },
        "clat_ns" : {
          "min" : 111701,
          "max" : 112377861,
          "mean" : 216381.381307,
          "stddev" : 469594.856747,
          "N" : 2204402,
          "percentile" : {
            "1.000000" : 148480,
            "5.000000" : 158720,
            "10.000000" : 166912,
            "20.000000" : 175104,
            "30.000000" : 181248,
            "40.000000" : 187392,
            "50.000000" : 193536,
            "60.000000" : 199680,
            "70.000000" : 207872,
            "80.000000" : 218112,
            "90.000000" : 238592,
            "95.000000" : 259072,
            "99.000000" : 387072,
            "99.500000" : 823296,
            "99.900000" : 4112384,
            "99.950000" : 6782976,
            "99.990000" : 18481152
          }
        },
        "lat_ns" : {
          "min" : 111701,
          "max" : 112377961,
          "mean" : 216459.327917,
          "stddev" : 469595.741529,
          "N" : 2204402
        },
        "bw_min" : 115552,
        "bw_max" : 162280,
        "bw_agg" : 100.000000,
        "bw_mean" : 147063.075630,
        "bw_dev" : 951.957535,
        "bw_samples" : 952,
        "iops_min" : 28888,
        "iops_max" : 40570,
        "iops_mean" : 36765.411765,
        "iops_stddev" : 237.967736,
        "iops_samples" : 952
      },
      "write" : {
        "io_bytes" : 0,
        "io_kbytes" : 0,
        "bw_bytes" : 0,
        "bw" : 0,
        "iops" : 0.000000,
        "runtime" : 0,
        "total_ios" : 0,
        "short_ios" : 0,
        "drop_ios" : 0,
        "slat_ns" : {
          "min" : 0,
          "max" : 0,
          "mean" : 0.000000,
          "stddev" : 0.000000,
          "N" : 0
        },
        "clat_ns" : {
          "min" : 0,
          "max" : 0,
          "mean" : 0.000000,
          "stddev" : 0.000000,
          "N" : 0
        },
        "lat_ns" : {
          "min" : 0,
          "max" : 0,
          "mean" : 0.000000,
          "stddev" : 0.000000,
          "N" : 0
        },
        "bw_min" : 0,
        "bw_max" : 0,
        "bw_agg" : 0.000000,
        "bw_mean" : 0.000000,
        "bw_dev" : 0.000000,
        "bw_samples" : 0,
        "iops_min" : 0,
        "iops_max" : 0,
        "iops_mean" : 0.000000,
        "iops_stddev" : 0.000000,
        "iops_samples" : 0
      },
      "trim" : {
        "io_bytes" : 0,
        "io_kbytes" : 0,
        "bw_bytes" : 0,
        "bw" : 0,
        "iops" : 0.000000,
        "runtime" : 0,
        "total_ios" : 0,
        "short_ios" : 0,
        "drop_ios" : 0,
        "slat_ns" : {
          "min" : 0,
          "max" : 0,
          "mean" : 0.000000,
          "stddev" : 0.000000,
          "N" : 0
        },
        "clat_ns" : {
          "min" : 0,
          "max" : 0,
          "mean" : 0.000000,
          "stddev" : 0.000000,
          "N" : 0
        },
        "lat_ns" : {
          "min" : 0,
          "max" : 0,
          "mean" : 0.000000,
          "stddev" : 0.000000,
          "N" : 0
        },
        "bw_min" : 0,
        "bw_max" : 0,
        "bw_agg" : 0.000000,
        "bw_mean" : 0.000000,
        "bw_dev" : 0.000000,
        "bw_samples" : 0,
        "iops_min" : 0,
        "iops_max" : 0,
        "iops_mean" : 0.000000,
        "iops_stddev" : 0.000000,
        "iops_samples" : 0
      },
      "sync" : {
        "total_ios" : 0,
        "lat_ns" : {
          "min" : 0,
          "max" : 0,
          "mean" : 0.000000,
          "stddev" : 0.000000,
          "N" : 0
        }
      },
      "job_runtime" : 480020,
      "usr_cpu" : 1.279947,
      "sys_cpu" : 7.813216,
      "ctx" : 3027655,
      "majf" : 0,
      "minf" : 291,
      "iodepth_level" : {
        "1" : 100.000000,
        "2" : 0.000000,
        "4" : 0.000000,
        "8" : 0.000000,
        "16" : 0.000000,
        "32" : 0.000000,
        ">=64" : 0.000000
      },
      "iodepth_submit" : {
        "0" : 0.000000,
        "4" : 100.000000,
        "8" : 0.000000,
        "16" : 0.000000,
        "32" : 0.000000,
        "64" : 0.000000,
        ">=64" : 0.000000
      },
      "iodepth_complete" : {
        "0" : 0.000000,
        "4" : 100.000000,
        "8" : 0.000000,
        "16" : 0.000000,
        "32" : 0.000000,
        "64" : 0.000000,
        ">=64" : 0.000000
      },
      "latency_ns" : {
        "2" : 0.000000,
        "4" : 0.000000,
        "10" : 0.000000,
        "20" : 0.000000,
        "50" : 0.000000,
        "100" : 0.000000,
        "250" : 0.000000,
        "500" : 0.000000,
        "750" : 0.000000,
        "1000" : 0.000000
      },
      "latency_us" : {
        "2" : 0.000000,
        "4" : 0.000000,
        "10" : 0.000000,
        "20" : 0.000000,
        "50" : 0.000000,
        "100" : 0.000000,
        "250" : 93.255994,
        "500" : 6.005710,
        "750" : 0.200372,
        "1000" : 0.113908
      },
      "latency_ms" : {
        "2" : 0.172745,
        "4" : 0.143531,
        "10" : 0.087280,
        "20" : 0.011704,
        "50" : 0.010000,
        "100" : 0.010000,
        "250" : 0.010000,
        "500" : 0.000000,
        "750" : 0.000000,
        "1000" : 0.000000,
        "2000" : 0.000000,
        ">=2000" : 0.000000
      },
      "latency_depth" : 1,
      "latency_target" : 0,
      "latency_percentile" : 100.000000,
      "latency_window" : 0
    }
  ]
}
