{
  "fio version" : "fio-3.36",
  "timestamp" : 1733180338,
  "timestamp_ms" : 1733180338835,
  "time" : "Mon Dec  2 22:58:58 2024",
  "jobs" : [
    {
      "jobname" : "rand_write_direct1_fsync1",
      "groupid" : 0,
      "job_start" : 1733180308712,
      "error" : 0,
      "eta" : 0,
      "elapsed" : 91,
      "job options" : {
        "name" : "rand_write_direct1_fsync1",
        "rw" : "randwrite",
        "direct" : "1",
        "bs" : "4k",
        "runtime" : "30",
        "ramp_time" : "60",
        "filename" : "/dev/mapper/secure",
        "iodepth" : "1",
        "numjobs" : "8",
        "fsync" : "1"
      },
      "read" : {
        "io_bytes" : 0,
        "io_kbytes" : 0,
        "bw_bytes" : 0,
        "bw" : 0,
        "iops" : 0.000000,
        "runtime" : 0,
        "total_ios" : 0,
        "short_ios" : 0,
        "drop_ios" : 0,
        "slat_ns" : {
          "min" : 0,
          "max" : 0,
          "mean" : 0.000000,
          "stddev" : 0.000000,
          "N" : 0
        },
        "clat_ns" : {
          "min" : 0,
          "max" : 0,
          "mean" : 0.000000,
          "stddev" : 0.000000,
          "N" : 0
        },
        "lat_ns" : {
          "min" : 0,
          "max" : 0,
          "mean" : 0.000000,
          "stddev" : 0.000000,
          "N" : 0
        },
        "bw_min" : 0,
        "bw_max" : 0,
        "bw_agg" : 0.000000,
        "bw_mean" : 0.000000,
        "bw_dev" : 0.000000,
        "bw_samples" : 0,
        "iops_min" : 0,
        "iops_max" : 0,
        "iops_mean" : 0.000000,
        "iops_stddev" : 0.000000,
        "iops_samples" : 0
      },
      "write" : {
        "io_bytes" : 648577024,
        "io_kbytes" : 633376,
        "bw_bytes" : 21536676,
        "bw" : 21031,
        "iops" : 5257.977752,
        "runtime" : 30115,
        "total_ios" : 158344,
        "short_ios" : 0,
        "drop_ios" : 0,
        "slat_ns" : {
          "min" : 0,
          "max" : 0,
          "mean" : 0.000000,
          "stddev" : 0.000000,
          "N" : 0
        },
        "clat_ns" : {
          "min" : 8700,
          "max" : 249491022,
          "mean" : 1104808.756252,
          "stddev" : 12833605.708759,
          "N" : 158344,
          "percentile" : {
            "1.000000" : 9408,
            "5.000000" : 9664,
            "10.000000" : 9920,
            "20.000000" : 10176,
            "30.000000" : 10688,
            "40.000000" : 11200,
            "50.000000" : 11840,
            "60.000000" : 12736,
            "70.000000" : 14656,
            "80.000000" : 18304,
            "90.000000" : 22144,
            "95.000000" : 24704,
            "99.000000" : 63744,
            "99.500000" : 129499136,
            "99.900000" : 179306496,
            "99.950000" : 196083712,
            "99.990000" : 231735296
          }
        },
        "lat_ns" : {
          "min" : 8800,
          "max" : 249491222,
          "mean" : 1104998.866904,
          "stddev" : 12833603.674274,
          "N" : 158344
        },
        "bw_min" : 16200,
        "bw_max" : 28392,
        "bw_agg" : 100.000000,
        "bw_mean" : 21117.183333,
        "bw_dev" : 444.145492,
        "bw_samples" : 480,
        "iops_min" : 4050,
        "iops_max" : 7098,
        "iops_mean" : 5279.066667,
        "iops_stddev" : 111.008050,
        "iops_samples" : 480
      },
      "trim" : {
        "io_bytes" : 0,
        "io_kbytes" : 0,
        "bw_bytes" : 0,
        "bw" : 0,
        "iops" : 0.000000,
        "runtime" : 0,
        "total_ios" : 0,
        "short_ios" : 0,
        "drop_ios" : 0,
        "slat_ns" : {
          "min" : 0,
          "max" : 0,
          "mean" : 0.000000,
          "stddev" : 0.000000,
          "N" : 0
        },
        "clat_ns" : {
          "min" : 0,
          "max" : 0,
          "mean" : 0.000000,
          "stddev" : 0.000000,
          "N" : 0
        },
        "lat_ns" : {
          "min" : 0,
          "max" : 0,
          "mean" : 0.000000,
          "stddev" : 0.000000,
          "N" : 0
        },
        "bw_min" : 0,
        "bw_max" : 0,
        "bw_agg" : 0.000000,
        "bw_mean" : 0.000000,
        "bw_dev" : 0.000000,
        "bw_samples" : 0,
        "iops_min" : 0,
        "iops_max" : 0,
        "iops_mean" : 0.000000,
        "iops_stddev" : 0.000000,
        "iops_samples" : 0
      },
      "sync" : {
        "total_ios" : 158336,
        "lat_ns" : {
          "min" : 180102,
          "max" : 10117695,
          "mean" : 414571.880128,
          "stddev" : 203490.481797,
          "N" : 158336,
          "percentile" : {
            "1.000000" : 216064,
            "5.000000" : 238592,
            "10.000000" : 261120,
            "20.000000" : 350208,
            "30.000000" : 370688,
            "40.000000" : 387072,
            "50.000000" : 399360,
            "60.000000" : 411648,
            "70.000000" : 428032,
            "80.000000" : 448512,
            "90.000000" : 489472,
            "95.000000" : 561152,
            "99.000000" : 1204224,
            "99.500000" : 1564672,
            "99.900000" : 3096576,
            "99.950000" : 4358144,
            "99.990000" : 5210112
          }
        }
      },
      "job_runtime" : 240902,
      "usr_cpu" : 0.444994,
      "sys_cpu" : 2.202140,
      "ctx" : 159521,
      "majf" : 0,
      "minf" : 291,
      "iodepth_level" : {
        "1" : 199.994948,
        "2" : 0.000000,
        "4" : 0.000000,
        "8" : 0.000000,
        "16" : 0.000000,
        "32" : 0.000000,
        ">=64" : 0.000000
      },
      "iodepth_submit" : {
        "0" : 0.000000,
        "4" : 100.000000,
        "8" : 0.000000,
        "16" : 0.000000,
        "32" : 0.000000,
        "64" : 0.000000,
        ">=64" : 0.000000
      },
      "iodepth_complete" : {
        "0" : 0.000000,
        "4" : 100.000000,
        "8" : 0.000000,
        "16" : 0.000000,
        "32" : 0.000000,
        "64" : 0.000000,
        ">=64" : 0.000000
      },
      "latency_ns" : {
        "2" : 0.000000,
        "4" : 0.000000,
        "10" : 0.000000,
        "20" : 0.000000,
        "50" : 0.000000,
        "100" : 0.000000,
        "250" : 0.000000,
        "500" : 0.000000,
        "750" : 0.000000,
        "1000" : 0.000000
      },
      "latency_us" : {
        "2" : 0.000000,
        "4" : 0.000000,
        "10" : 12.126762,
        "20" : 72.635528,
        "50" : 13.649396,
        "100" : 0.818471,
        "250" : 0.021472,
        "500" : 0.010000,
        "750" : 0.010000,
        "1000" : 0.000000
      },
      "latency_ms" : {
        "2" : 0.000000,
        "4" : 0.000000,
        "10" : 0.000000,
        "20" : 0.000000,
        "50" : 0.000000,
        "100" : 0.000000,
        "250" : 0.742687,
        "500" : 0.000000,
        "750" : 0.000000,
        "1000" : 0.000000,
        "2000" : 0.000000,
        ">=2000" : 0.000000
      },
      "latency_depth" : 1,
      "latency_target" : 0,
      "latency_percentile" : 100.000000,
      "latency_window" : 0
    }
  ]
}
