{
  "fio version" : "fio-3.36",
  "timestamp" : 1733180977,
  "timestamp_ms" : 1733180977549,
  "time" : "Mon Dec  2 23:09:37 2024",
  "jobs" : [
    {
      "jobname" : "rand_write_direct0_fsync1",
      "groupid" : 0,
      "job_start" : 1733180946693,
      "error" : 0,
      "eta" : 0,
      "elapsed" : 91,
      "job options" : {
        "name" : "rand_write_direct0_fsync1",
        "rw" : "randwrite",
        "direct" : "0",
        "bs" : "4k",
        "runtime" : "30",
        "ramp_time" : "60",
        "filename" : "/dev/mapper/secure",
        "iodepth" : "1",
        "numjobs" : "1",
        "fsync" : "1"
      },
      "read" : {
        "io_bytes" : 0,
        "io_kbytes" : 0,
        "bw_bytes" : 0,
        "bw" : 0,
        "iops" : 0.000000,
        "runtime" : 0,
        "total_ios" : 0,
        "short_ios" : 0,
        "drop_ios" : 0,
        "slat_ns" : {
          "min" : 0,
          "max" : 0,
          "mean" : 0.000000,
          "stddev" : 0.000000,
          "N" : 0
        },
        "clat_ns" : {
          "min" : 0,
          "max" : 0,
          "mean" : 0.000000,
          "stddev" : 0.000000,
          "N" : 0
        },
        "lat_ns" : {
          "min" : 0,
          "max" : 0,
          "mean" : 0.000000,
          "stddev" : 0.000000,
          "N" : 0
        },
        "bw_min" : 0,
        "bw_max" : 0,
        "bw_agg" : 0.000000,
        "bw_mean" : 0.000000,
        "bw_dev" : 0.000000,
        "bw_samples" : 0,
        "iops_min" : 0,
        "iops_max" : 0,
        "iops_mean" : 0.000000,
        "iops_stddev" : 0.000000,
        "iops_samples" : 0
      },
      "write" : {
        "io_bytes" : 515567616,
        "io_kbytes" : 503484,
        "bw_bytes" : 17185014,
        "bw" : 16782,
        "iops" : 4195.560148,
        "runtime" : 30001,
        "total_ios" : 125871,
        "short_ios" : 0,
        "drop_ios" : 0,
        "slat_ns" : {
          "min" : 0,
          "max" : 0,
          "mean" : 0.000000,
          "stddev" : 0.000000,
          "N" : 0
        },
        "clat_ns" : {
          "min" : 4900,
          "max" : 228002,
          "mean" : 6585.038722,
          "stddev" : 3545.086380,
          "N" : 125871,
          "percentile" : {
            "1.000000" : 5408,
            "5.000000" : 5472,
            "10.000000" : 5600,
            "20.000000" : 5728,
            "30.000000" : 5792,
            "40.000000" : 5920,
            "50.000000" : 5920,
            "60.000000" : 6112,
            "70.000000" : 6176,
            "80.000000" : 6432,
            "90.000000" : 7328,
            "95.000000" : 9536,
            "99.000000" : 16768,
            "99.500000" : 41216,
            "99.900000" : 45824,
            "99.950000" : 54528,
            "99.990000" : 94720
          }
        },
        "lat_ns" : {
          "min" : 5000,
          "max" : 228202,
          "mean" : 6749.004266,
          "stddev" : 3595.346676,
          "N" : 125871
        },
        "bw_min" : 14280,
        "bw_max" : 19360,
        "bw_agg" : 100.000000,
        "bw_mean" : 16788.800000,
        "bw_dev" : 944.805994,
        "bw_samples" : 60,
        "iops_min" : 3570,
        "iops_max" : 4840,
        "iops_mean" : 4197.116667,
        "iops_stddev" : 236.182786,
        "iops_samples" : 60
      },
      "trim" : {
        "io_bytes" : 0,
        "io_kbytes" : 0,
        "bw_bytes" : 0,
        "bw" : 0,
        "iops" : 0.000000,
        "runtime" : 0,
        "total_ios" : 0,
        "short_ios" : 0,
        "drop_ios" : 0,
        "slat_ns" : {
          "min" : 0,
          "max" : 0,
          "mean" : 0.000000,
          "stddev" : 0.000000,
          "N" : 0
        },
        "clat_ns" : {
          "min" : 0,
          "max" : 0,
          "mean" : 0.000000,
          "stddev" : 0.000000,
          "N" : 0
        },
        "lat_ns" : {
          "min" : 0,
          "max" : 0,
          "mean" : 0.000000,
          "stddev" : 0.000000,
          "N" : 0
        },
        "bw_min" : 0,
        "bw_max" : 0,
        "bw_agg" : 0.000000,
        "bw_mean" : 0.000000,
        "bw_dev" : 0.000000,
        "bw_samples" : 0,
        "iops_min" : 0,
        "iops_max" : 0,
        "iops_mean" : 0.000000,
        "iops_stddev" : 0.000000,
        "iops_samples" : 0
      },
      "sync" : {
        "total_ios" : 125871,
        "lat_ns" : {
          "min" : 127901,
          "max" : 47509343,
          "mean" : 229894.848440,
          "stddev" : 351067.062316,
          "N" : 125871,
          "percentile" : {
            "1.000000" : 152576,
            "5.000000" : 162816,
            "10.000000" : 168960,
            "20.000000" : 177152,
            "30.000000" : 183296,
            "40.000000" : 189440,
            "50.000000" : 195584,
            "60.000000" : 203776,
            "70.000000" : 216064,
            "80.000000" : 230400,
            "90.000000" : 268288,
            "95.000000" : 342016,
            "99.000000" : 864256,
            "99.500000" : 1236992,
            "99.900000" : 2277376,
            "99.950000" : 4014080,
            "99.990000" : 15400960
          }
        }
      },
      "job_runtime" : 30000,
      "usr_cpu" : 1.416667,
      "sys_cpu" : 10.780000,
      "ctx" : 175999,
      "majf" : 0,
      "minf" : 36,
      "iodepth_level" : {
        "1" : 200.000000,
        "2" : 0.000000,
        "4" : 0.000000,
        "8" : 0.000000,
        "16" : 0.000000,
        "32" : 0.000000,
        ">=64" : 0.000000
      },
      "iodepth_submit" : {
        "0" : 0.000000,
        "4" : 100.000000,
        "8" : 0.000000,
        "16" : 0.000000,
        "32" : 0.000000,
        "64" : 0.000000,
        ">=64" : 0.000000
      },
      "iodepth_complete" : {
        "0" : 0.000000,
        "4" : 100.000000,
        "8" : 0.000000,
        "16" : 0.000000,
        "32" : 0.000000,
        "64" : 0.000000,
        ">=64" : 0.000000
      },
      "latency_ns" : {
        "2" : 0.000000,
        "4" : 0.000000,
        "10" : 0.000000,
        "20" : 0.000000,
        "50" : 0.000000,
        "100" : 0.000000,
        "250" : 0.000000,
        "500" : 0.000000,
        "750" : 0.000000,
        "1000" : 0.000000
      },
      "latency_us" : {
        "2" : 0.000000,
        "4" : 0.000000,
        "10" : 96.308125,
        "20" : 2.867221,
        "50" : 0.767452,
        "100" : 0.050051,
        "250" : 0.010000,
        "500" : 0.000000,
        "750" : 0.000000,
        "1000" : 0.000000
      },
      "latency_ms" : {
        "2" : 0.000000,
        "4" : 0.000000,
        "10" : 0.000000,
        "20" : 0.000000,
        "50" : 0.000000,
        "100" : 0.000000,
        "250" : 0.000000,
        "500" : 0.000000,
        "750" : 0.000000,
        "1000" : 0.000000,
        "2000" : 0.000000,
        ">=2000" : 0.000000
      },
      "latency_depth" : 1,
      "latency_target" : 0,
      "latency_percentile" : 100.000000,
      "latency_window" : 0
    }
  ]
}
