{
  "fio version" : "fio-3.36",
  "timestamp" : 1733179231,
  "timestamp_ms" : 1733179231766,
  "time" : "Mon Dec  2 22:40:31 2024",
  "jobs" : [
    {
      "jobname" : "seq_write_direct0_fsync1",
      "groupid" : 0,
      "job_start" : 1733179201637,
      "error" : 0,
      "eta" : 0,
      "elapsed" : 91,
      "job options" : {
        "name" : "seq_write_direct0_fsync1",
        "rw" : "write",
        "direct" : "0",
        "bs" : "4k",
        "runtime" : "30",
        "ramp_time" : "60",
        "filename" : "/dev/mapper/secure",
        "iodepth" : "1",
        "numjobs" : "4",
        "fsync" : "1"
      },
      "read" : {
        "io_bytes" : 0,
        "io_kbytes" : 0,
        "bw_bytes" : 0,
        "bw" : 0,
        "iops" : 0.000000,
        "runtime" : 0,
        "total_ios" : 0,
        "short_ios" : 0,
        "drop_ios" : 0,
        "slat_ns" : {
          "min" : 0,
          "max" : 0,
          "mean" : 0.000000,
          "stddev" : 0.000000,
          "N" : 0
        },
        "clat_ns" : {
          "min" : 0,
          "max" : 0,
          "mean" : 0.000000,
          "stddev" : 0.000000,
          "N" : 0
        },
        "lat_ns" : {
          "min" : 0,
          "max" : 0,
          "mean" : 0.000000,
          "stddev" : 0.000000,
          "N" : 0
        },
        "bw_min" : 0,
        "bw_max" : 0,
        "bw_agg" : 0.000000,
        "bw_mean" : 0.000000,
        "bw_dev" : 0.000000,
        "bw_samples" : 0,
        "iops_min" : 0,
        "iops_max" : 0,
        "iops_mean" : 0.000000,
        "iops_stddev" : 0.000000,
        "iops_samples" : 0
      },
      "write" : {
        "io_bytes" : 930267136,
        "io_kbytes" : 908464,
        "bw_bytes" : 31006837,
        "bw" : 30280,
        "iops" : 7570.028665,
        "runtime" : 30002,
        "total_ios" : 227116,
        "short_ios" : 0,
        "drop_ios" : 0,
        "slat_ns" : {
          "min" : 0,
          "max" : 0,
          "mean" : 0.000000,
          "stddev" : 0.000000,
          "N" : 0
        },
        "clat_ns" : {
          "min" : 2000,
          "max" : 1966818,
          "mean" : 4398.334750,
          "stddev" : 6345.809454,
          "N" : 227116,
          "percentile" : {
            "1.000000" : 2416,
            "5.000000" : 2512,
            "10.000000" : 2608,
            "20.000000" : 2704,
            "30.000000" : 2800,
            "40.000000" : 3088,
            "50.000000" : 3504,
            "60.000000" : 4128,
            "70.000000" : 4512,
            "80.000000" : 5024,
            "90.000000" : 6176,
            "95.000000" : 7392,
            "99.000000" : 27520,
            "99.500000" : 38144,
            "99.900000" : 58112,
            "99.950000" : 64768,
            "99.990000" : 111104
          }
        },
        "lat_ns" : {
          "min" : 2100,
          "max" : 1967118,
          "mean" : 4602.521760,
          "stddev" : 6383.581168,
          "N" : 227116
        },
        "bw_min" : 24072,
        "bw_max" : 37250,
        "bw_agg" : 100.000000,
        "bw_mean" : 30293.383333,
        "bw_dev" : 742.149674,
        "bw_samples" : 240,
        "iops_min" : 6018,
        "iops_max" : 9312,
        "iops_mean" : 7573.200000,
        "iops_stddev" : 185.523150,
        "iops_samples" : 240
      },
      "trim" : {
        "io_bytes" : 0,
        "io_kbytes" : 0,
        "bw_bytes" : 0,
        "bw" : 0,
        "iops" : 0.000000,
        "runtime" : 0,
        "total_ios" : 0,
        "short_ios" : 0,
        "drop_ios" : 0,
        "slat_ns" : {
          "min" : 0,
          "max" : 0,
          "mean" : 0.000000,
          "stddev" : 0.000000,
          "N" : 0
        },
        "clat_ns" : {
          "min" : 0,
          "max" : 0,
          "mean" : 0.000000,
          "stddev" : 0.000000,
          "N" : 0
        },
        "lat_ns" : {
          "min" : 0,
          "max" : 0,
          "mean" : 0.000000,
          "stddev" : 0.000000,
          "N" : 0
        },
        "bw_min" : 0,
        "bw_max" : 0,
        "bw_agg" : 0.000000,
        "bw_mean" : 0.000000,
        "bw_dev" : 0.000000,
        "bw_samples" : 0,
        "iops_min" : 0,
        "iops_max" : 0,
        "iops_mean" : 0.000000,
        "iops_stddev" : 0.000000,
        "iops_samples" : 0
      },
      "sync" : {
        "total_ios" : 227116,
        "lat_ns" : {
          "min" : 157601,
          "max" : 28962969,
          "mean" : 522478.451435,
          "stddev" : 369959.252746,
          "N" : 227116,
          "percentile" : {
            "1.000000" : 301056,
            "5.000000" : 333824,
            "10.000000" : 350208,
            "20.000000" : 366592,
            "30.000000" : 382976,
            "40.000000" : 399360,
            "50.000000" : 419840,
            "60.000000" : 444416,
            "70.000000" : 485376,
            "80.000000" : 569344,
            "90.000000" : 782336,
            "95.000000" : 1105920,
            "99.000000" : 1892352,
            "99.500000" : 2277376,
            "99.900000" : 4489216,
            "99.950000" : 5341184,
            "99.990000" : 8290304
          }
        }
      },
      "job_runtime" : 120002,
      "usr_cpu" : 0.914985,
      "sys_cpu" : 7.340711,
      "ctx" : 252199,
      "majf" : 0,
      "minf" : 147,
      "iodepth_level" : {
        "1" : 200.000000,
        "2" : 0.000000,
        "4" : 0.000000,
        "8" : 0.000000,
        "16" : 0.000000,
        "32" : 0.000000,
        ">=64" : 0.000000
      },
      "iodepth_submit" : {
        "0" : 0.000000,
        "4" : 100.000000,
        "8" : 0.000000,
        "16" : 0.000000,
        "32" : 0.000000,
        "64" : 0.000000,
        ">=64" : 0.000000
      },
      "iodepth_complete" : {
        "0" : 0.000000,
        "4" : 100.000000,
        "8" : 0.000000,
        "16" : 0.000000,
        "32" : 0.000000,
        "64" : 0.000000,
        ">=64" : 0.000000
      },
      "latency_ns" : {
        "2" : 0.000000,
        "4" : 0.000000,
        "10" : 0.000000,
        "20" : 0.000000,
        "50" : 0.000000,
        "100" : 0.000000,
        "250" : 0.000000,
        "500" : 0.000000,
        "750" : 0.000000,
        "1000" : 0.000000
      },
      "latency_us" : {
        "2" : 0.000000,
        "4" : 57.260167,
        "10" : 40.729847,
        "20" : 0.937847,
        "50" : 0.910988,
        "100" : 0.148382,
        "250" : 0.011008,
        "500" : 0.010000,
        "750" : 0.010000,
        "1000" : 0.000000
      },
      "latency_ms" : {
        "2" : 0.010000,
        "4" : 0.000000,
        "10" : 0.000000,
        "20" : 0.000000,
        "50" : 0.000000,
        "100" : 0.000000,
        "250" : 0.000000,
        "500" : 0.000000,
        "750" : 0.000000,
        "1000" : 0.000000,
        "2000" : 0.000000,
        ">=2000" : 0.000000
      },
      "latency_depth" : 1,
      "latency_target" : 0,
      "latency_percentile" : 100.000000,
      "latency_window" : 0
    }
  ]
}
