{
  "fio version" : "fio-3.36",
  "timestamp" : 1733178418,
  "timestamp_ms" : 1733178418941,
  "time" : "Mon Dec  2 22:26:58 2024",
  "jobs" : [
    {
      "jobname" : "seq_write_direct1_fsync1",
      "groupid" : 0,
      "job_start" : 1733178388922,
      "error" : 0,
      "eta" : 0,
      "elapsed" : 91,
      "job options" : {
        "name" : "seq_write_direct1_fsync1",
        "rw" : "write",
        "direct" : "1",
        "bs" : "4k",
        "runtime" : "30",
        "ramp_time" : "60",
        "filename" : "/dev/mapper/secure",
        "iodepth" : "1",
        "numjobs" : "8",
        "fsync" : "1"
      },
      "read" : {
        "io_bytes" : 0,
        "io_kbytes" : 0,
        "bw_bytes" : 0,
        "bw" : 0,
        "iops" : 0.000000,
        "runtime" : 0,
        "total_ios" : 0,
        "short_ios" : 0,
        "drop_ios" : 0,
        "slat_ns" : {
          "min" : 0,
          "max" : 0,
          "mean" : 0.000000,
          "stddev" : 0.000000,
          "N" : 0
        },
        "clat_ns" : {
          "min" : 0,
          "max" : 0,
          "mean" : 0.000000,
          "stddev" : 0.000000,
          "N" : 0
        },
        "lat_ns" : {
          "min" : 0,
          "max" : 0,
          "mean" : 0.000000,
          "stddev" : 0.000000,
          "N" : 0
        },
        "bw_min" : 0,
        "bw_max" : 0,
        "bw_agg" : 0.000000,
        "bw_mean" : 0.000000,
        "bw_dev" : 0.000000,
        "bw_samples" : 0,
        "iops_min" : 0,
        "iops_max" : 0,
        "iops_mean" : 0.000000,
        "iops_stddev" : 0.000000,
        "iops_samples" : 0
      },
      "write" : {
        "io_bytes" : 1896697856,
        "io_kbytes" : 1852244,
        "bw_bytes" : 63221154,
        "bw" : 61739,
        "iops" : 15434.852172,
        "runtime" : 30001,
        "total_ios" : 463061,
        "short_ios" : 0,
        "drop_ios" : 0,
        "slat_ns" : {
          "min" : 0,
          "max" : 0,
          "mean" : 0.000000,
          "stddev" : 0.000000,
          "N" : 0
        },
        "clat_ns" : {
          "min" : 8100,
          "max" : 3731235,
          "mean" : 13883.108863,
          "stddev" : 18456.459889,
          "N" : 463061,
          "percentile" : {
            "1.000000" : 9152,
            "5.000000" : 9280,
            "10.000000" : 9536,
            "20.000000" : 9664,
            "30.000000" : 9920,
            "40.000000" : 10176,
            "50.000000" : 10688,
            "60.000000" : 11712,
            "70.000000" : 14272,
            "80.000000" : 17792,
            "90.000000" : 21376,
            "95.000000" : 23680,
            "99.000000" : 46336,
            "99.500000" : 57600,
            "99.900000" : 90624,
            "99.950000" : 148480,
            "99.990000" : 561152
          }
        },
        "lat_ns" : {
          "min" : 8400,
          "max" : 3731535,
          "mean" : 14067.291126,
          "stddev" : 18529.890184,
          "N" : 463061
        },
        "bw_min" : 44232,
        "bw_max" : 72762,
        "bw_agg" : 99.981522,
        "bw_mean" : 61728.207627,
        "bw_dev" : 748.589907,
        "bw_samples" : 475,
        "iops_min" : 11058,
        "iops_max" : 18188,
        "iops_mean" : 15431.701695,
        "iops_stddev" : 187.141530,
        "iops_samples" : 475
      },
      "trim" : {
        "io_bytes" : 0,
        "io_kbytes" : 0,
        "bw_bytes" : 0,
        "bw" : 0,
        "iops" : 0.000000,
        "runtime" : 0,
        "total_ios" : 0,
        "short_ios" : 0,
        "drop_ios" : 0,
        "slat_ns" : {
          "min" : 0,
          "max" : 0,
          "mean" : 0.000000,
          "stddev" : 0.000000,
          "N" : 0
        },
        "clat_ns" : {
          "min" : 0,
          "max" : 0,
          "mean" : 0.000000,
          "stddev" : 0.000000,
          "N" : 0
        },
        "lat_ns" : {
          "min" : 0,
          "max" : 0,
          "mean" : 0.000000,
          "stddev" : 0.000000,
          "N" : 0
        },
        "bw_min" : 0,
        "bw_max" : 0,
        "bw_agg" : 0.000000,
        "bw_mean" : 0.000000,
        "bw_dev" : 0.000000,
        "bw_samples" : 0,
        "iops_min" : 0,
        "iops_max" : 0,
        "iops_mean" : 0.000000,
        "iops_stddev" : 0.000000,
        "iops_samples" : 0
      },
      "sync" : {
        "total_ios" : 463061,
        "lat_ns" : {
          "min" : 181402,
          "max" : 33067308,
          "mean" : 502954.716003,
          "stddev" : 572205.062567,
          "N" : 463061,
          "percentile" : {
            "1.000000" : 220160,
            "5.000000" : 246784,
            "10.000000" : 264192,
            "20.000000" : 313344,
            "30.000000" : 382976,
            "40.000000" : 411648,
            "50.000000" : 432128,
            "60.000000" : 448512,
            "70.000000" : 473088,
            "80.000000" : 509952,
            "90.000000" : 626688,
            "95.000000" : 880640,
            "99.000000" : 2179072,
            "99.500000" : 5275648,
            "99.900000" : 6455296,
            "99.950000" : 8093696,
            "99.990000" : 12779520
          }
        }
      },
      "job_runtime" : 240000,
      "usr_cpu" : 1.028750,
      "sys_cpu" : 6.119583,
      "ctx" : 463123,
      "majf" : 0,
      "minf" : 293,
      "iodepth_level" : {
        "1" : 200.000000,
        "2" : 0.000000,
        "4" : 0.000000,
        "8" : 0.000000,
        "16" : 0.000000,
        "32" : 0.000000,
        ">=64" : 0.000000
      },
      "iodepth_submit" : {
        "0" : 0.000000,
        "4" : 100.000000,
        "8" : 0.000000,
        "16" : 0.000000,
        "32" : 0.000000,
        "64" : 0.000000,
        ">=64" : 0.000000
      },
      "iodepth_complete" : {
        "0" : 0.000000,
        "4" : 100.000000,
        "8" : 0.000000,
        "16" : 0.000000,
        "32" : 0.000000,
        "64" : 0.000000,
        ">=64" : 0.000000
      },
      "latency_ns" : {
        "2" : 0.000000,
        "4" : 0.000000,
        "10" : 0.000000,
        "20" : 0.000000,
        "50" : 0.000000,
        "100" : 0.000000,
        "250" : 0.000000,
        "500" : 0.000000,
        "750" : 0.000000,
        "1000" : 0.000000
      },
      "latency_us" : {
        "2" : 0.000000,
        "4" : 0.000000,
        "10" : 32.633929,
        "20" : 54.682860,
        "50" : 11.872518,
        "100" : 0.719776,
        "250" : 0.063059,
        "500" : 0.016628,
        "750" : 0.010000,
        "1000" : 0.010000
      },
      "latency_ms" : {
        "2" : 0.010000,
        "4" : 0.010000,
        "10" : 0.000000,
        "20" : 0.000000,
        "50" : 0.000000,
        "100" : 0.000000,
        "250" : 0.000000,
        "500" : 0.000000,
        "750" : 0.000000,
        "1000" : 0.000000,
        "2000" : 0.000000,
        ">=2000" : 0.000000
      },
      "latency_depth" : 1,
      "latency_target" : 0,
      "latency_percentile" : 100.000000,
      "latency_window" : 0
    }
  ]
}
