{
  "fio version" : "fio-3.36",
  "timestamp" : 1733176768,
  "timestamp_ms" : 1733176768594,
  "time" : "Mon Dec  2 21:59:28 2024",
  "jobs" : [
    {
      "jobname" : "seq_read_direct0_fsync0",
      "groupid" : 0,
      "job_start" : 1733176732625,
      "error" : 0,
      "eta" : 0,
      "elapsed" : 97,
      "job options" : {
        "name" : "seq_read_direct0_fsync0",
        "rw" : "read",
        "direct" : "0",
        "bs" : "4k",
        "runtime" : "30",
        "ramp_time" : "60",
        "filename" : "/dev/mapper/secure",
        "iodepth" : "1",
        "numjobs" : "1"
      },
      "read" : {
        "io_bytes" : 20363870208,
        "io_kbytes" : 19886592,
        "bw_bytes" : 678773047,
        "bw" : 662864,
        "iops" : 165716.076131,
        "runtime" : 30001,
        "total_ios" : 4971648,
        "short_ios" : 0,
        "drop_ios" : 0,
        "slat_ns" : {
          "min" : 0,
          "max" : 0,
          "mean" : 0.000000,
          "stddev" : 0.000000,
          "N" : 0
        },
        "clat_ns" : {
          "min" : 700,
          "max" : 30717286,
          "mean" : 5785.031713,
          "stddev" : 57658.772303,
          "N" : 4971648,
          "percentile" : {
            "1.000000" : 700,
            "5.000000" : 700,
            "10.000000" : 700,
            "20.000000" : 700,
            "30.000000" : 804,
            "40.000000" : 804,
            "50.000000" : 804,
            "60.000000" : 804,
            "70.000000" : 804,
            "80.000000" : 900,
            "90.000000" : 1004,
            "95.000000" : 1096,
            "99.000000" : 160768,
            "99.500000" : 378880,
            "99.900000" : 610304,
            "99.950000" : 733184,
            "99.990000" : 1548288
          }
        },
        "lat_ns" : {
          "min" : 700,
          "max" : 30717286,
          "mean" : 5828.090571,
          "stddev" : 57659.415011,
          "N" : 4971648
        },
        "bw_min" : 596016,
        "bw_max" : 744992,
        "bw_agg" : 100.000000,
        "bw_mean" : 663133.716667,
        "bw_dev" : 33121.062726,
        "bw_samples" : 60,
        "iops_min" : 149002,
        "iops_max" : 186248,
        "iops_mean" : 165783.366667,
        "iops_stddev" : 8280.327448,
        "iops_samples" : 60
      },
      "write" : {
        "io_bytes" : 0,
        "io_kbytes" : 0,
        "bw_bytes" : 0,
        "bw" : 0,
        "iops" : 0.000000,
        "runtime" : 0,
        "total_ios" : 0,
        "short_ios" : 0,
        "drop_ios" : 0,
        "slat_ns" : {
          "min" : 0,
          "max" : 0,
          "mean" : 0.000000,
          "stddev" : 0.000000,
          "N" : 0
        },
        "clat_ns" : {
          "min" : 0,
          "max" : 0,
          "mean" : 0.000000,
          "stddev" : 0.000000,
          "N" : 0
        },
        "lat_ns" : {
          "min" : 0,
          "max" : 0,
          "mean" : 0.000000,
          "stddev" : 0.000000,
          "N" : 0
        },
        "bw_min" : 0,
        "bw_max" : 0,
        "bw_agg" : 0.000000,
        "bw_mean" : 0.000000,
        "bw_dev" : 0.000000,
        "bw_samples" : 0,
        "iops_min" : 0,
        "iops_max" : 0,
        "iops_mean" : 0.000000,
        "iops_stddev" : 0.000000,
        "iops_samples" : 0
      },
      "trim" : {
        "io_bytes" : 0,
        "io_kbytes" : 0,
        "bw_bytes" : 0,
        "bw" : 0,
        "iops" : 0.000000,
        "runtime" : 0,
        "total_ios" : 0,
        "short_ios" : 0,
        "drop_ios" : 0,
        "slat_ns" : {
          "min" : 0,
          "max" : 0,
          "mean" : 0.000000,
          "stddev" : 0.000000,
          "N" : 0
        },
        "clat_ns" : {
          "min" : 0,
          "max" : 0,
          "mean" : 0.000000,
          "stddev" : 0.000000,
          "N" : 0
        },
        "lat_ns" : {
          "min" : 0,
          "max" : 0,
          "mean" : 0.000000,
          "stddev" : 0.000000,
          "N" : 0
        },
        "bw_min" : 0,
        "bw_max" : 0,
        "bw_agg" : 0.000000,
        "bw_mean" : 0.000000,
        "bw_dev" : 0.000000,
        "bw_samples" : 0,
        "iops_min" : 0,
        "iops_max" : 0,
        "iops_mean" : 0.000000,
        "iops_stddev" : 0.000000,
        "iops_samples" : 0
      },
      "sync" : {
        "total_ios" : 0,
        "lat_ns" : {
          "min" : 0,
          "max" : 0,
          "mean" : 0.000000,
          "stddev" : 0.000000,
          "N" : 0
        }
      },
      "job_runtime" : 30000,
      "usr_cpu" : 7.176667,
      "sys_cpu" : 40.760000,
      "ctx" : 70750,
      "majf" : 0,
      "minf" : 36,
      "iodepth_level" : {
        "1" : 100.000000,
        "2" : 0.000000,
        "4" : 0.000000,
        "8" : 0.000000,
        "16" : 0.000000,
        "32" : 0.000000,
        ">=64" : 0.000000
      },
      "iodepth_submit" : {
        "0" : 0.000000,
        "4" : 100.000000,
        "8" : 0.000000,
        "16" : 0.000000,
        "32" : 0.000000,
        "64" : 0.000000,
        ">=64" : 0.000000
      },
      "iodepth_complete" : {
        "0" : 0.000000,
        "4" : 100.000000,
        "8" : 0.000000,
        "16" : 0.000000,
        "32" : 0.000000,
        "64" : 0.000000,
        ">=64" : 0.000000
      },
      "latency_ns" : {
        "2" : 0.000000,
        "4" : 0.000000,
        "10" : 0.000000,
        "20" : 0.000000,
        "50" : 0.000000,
        "100" : 0.000000,
        "250" : 0.000000,
        "500" : 0.000000,
        "750" : 27.970544,
        "1000" : 54.764114
      },
      "latency_us" : {
        "2" : 15.427581,
        "4" : 0.170024,
        "10" : 0.010681,
        "20" : 0.010000,
        "50" : 0.079229,
        "100" : 0.254724,
        "250" : 0.485674,
        "500" : 0.579405,
        "750" : 0.209790,
        "1000" : 0.022568
      },
      "latency_ms" : {
        "2" : 0.019651,
        "4" : 0.010000,
        "10" : 0.010000,
        "20" : 0.010000,
        "50" : 0.010000,
        "100" : 0.000000,
        "250" : 0.000000,
        "500" : 0.000000,
        "750" : 0.000000,
        "1000" : 0.000000,
        "2000" : 0.000000,
        ">=2000" : 0.000000
      },
      "latency_depth" : 1,
      "latency_target" : 0,
      "latency_percentile" : 100.000000,
      "latency_window" : 0
    }
  ]
}
