{
  "fio version" : "fio-3.36",
  "timestamp" : 1733178238,
  "timestamp_ms" : 1733178238464,
  "time" : "Mon Dec  2 22:23:58 2024",
  "jobs" : [
    {
      "jobname" : "seq_write_direct1_fsync1",
      "groupid" : 0,
      "job_start" : 1733178208451,
      "error" : 0,
      "eta" : 0,
      "elapsed" : 91,
      "job options" : {
        "name" : "seq_write_direct1_fsync1",
        "rw" : "write",
        "direct" : "1",
        "bs" : "4k",
        "runtime" : "30",
        "ramp_time" : "60",
        "filename" : "/dev/mapper/secure",
        "iodepth" : "1",
        "numjobs" : "2",
        "fsync" : "1"
      },
      "read" : {
        "io_bytes" : 0,
        "io_kbytes" : 0,
        "bw_bytes" : 0,
        "bw" : 0,
        "iops" : 0.000000,
        "runtime" : 0,
        "total_ios" : 0,
        "short_ios" : 0,
        "drop_ios" : 0,
        "slat_ns" : {
          "min" : 0,
          "max" : 0,
          "mean" : 0.000000,
          "stddev" : 0.000000,
          "N" : 0
        },
        "clat_ns" : {
          "min" : 0,
          "max" : 0,
          "mean" : 0.000000,
          "stddev" : 0.000000,
          "N" : 0
        },
        "lat_ns" : {
          "min" : 0,
          "max" : 0,
          "mean" : 0.000000,
          "stddev" : 0.000000,
          "N" : 0
        },
        "bw_min" : 0,
        "bw_max" : 0,
        "bw_agg" : 0.000000,
        "bw_mean" : 0.000000,
        "bw_dev" : 0.000000,
        "bw_samples" : 0,
        "iops_min" : 0,
        "iops_max" : 0,
        "iops_mean" : 0.000000,
        "iops_stddev" : 0.000000,
        "iops_samples" : 0
      },
      "write" : {
        "io_bytes" : 495001600,
        "io_kbytes" : 483400,
        "bw_bytes" : 16499503,
        "bw" : 16112,
        "iops" : 4028.199060,
        "runtime" : 30001,
        "total_ios" : 120850,
        "short_ios" : 0,
        "drop_ios" : 0,
        "slat_ns" : {
          "min" : 0,
          "max" : 0,
          "mean" : 0.000000,
          "stddev" : 0.000000,
          "N" : 0
        },
        "clat_ns" : {
          "min" : 8800,
          "max" : 462404,
          "mean" : 12843.588316,
          "stddev" : 6290.804251,
          "N" : 120850,
          "percentile" : {
            "1.000000" : 9536,
            "5.000000" : 9664,
            "10.000000" : 9792,
            "20.000000" : 10048,
            "30.000000" : 10560,
            "40.000000" : 11200,
            "50.000000" : 11456,
            "60.000000" : 11584,
            "70.000000" : 11840,
            "80.000000" : 12352,
            "90.000000" : 19072,
            "95.000000" : 22144,
            "99.000000" : 47872,
            "99.500000" : 51456,
            "99.900000" : 75264,
            "99.950000" : 78336,
            "99.990000" : 100864
          }
        },
        "lat_ns" : {
          "min" : 8900,
          "max" : 462604,
          "mean" : 13022.464609,
          "stddev" : 6339.709040,
          "N" : 120850
        },
        "bw_min" : 12416,
        "bw_max" : 21632,
        "bw_agg" : 100.000000,
        "bw_mean" : 16118.833333,
        "bw_dev" : 972.876319,
        "bw_samples" : 120,
        "iops_min" : 3104,
        "iops_max" : 5408,
        "iops_mean" : 4029.583333,
        "iops_stddev" : 243.238113,
        "iops_samples" : 120
      },
      "trim" : {
        "io_bytes" : 0,
        "io_kbytes" : 0,
        "bw_bytes" : 0,
        "bw" : 0,
        "iops" : 0.000000,
        "runtime" : 0,
        "total_ios" : 0,
        "short_ios" : 0,
        "drop_ios" : 0,
        "slat_ns" : {
          "min" : 0,
          "max" : 0,
          "mean" : 0.000000,
          "stddev" : 0.000000,
          "N" : 0
        },
        "clat_ns" : {
          "min" : 0,
          "max" : 0,
          "mean" : 0.000000,
          "stddev" : 0.000000,
          "N" : 0
        },
        "lat_ns" : {
          "min" : 0,
          "max" : 0,
          "mean" : 0.000000,
          "stddev" : 0.000000,
          "N" : 0
        },
        "bw_min" : 0,
        "bw_max" : 0,
        "bw_agg" : 0.000000,
        "bw_mean" : 0.000000,
        "bw_dev" : 0.000000,
        "bw_samples" : 0,
        "iops_min" : 0,
        "iops_max" : 0,
        "iops_mean" : 0.000000,
        "iops_stddev" : 0.000000,
        "iops_samples" : 0
      },
      "sync" : {
        "total_ios" : 120850,
        "lat_ns" : {
          "min" : 131901,
          "max" : 32835404,
          "mean" : 482288.104518,
          "stddev" : 384420.714837,
          "N" : 120850,
          "percentile" : {
            "1.000000" : 177152,
            "5.000000" : 276480,
            "10.000000" : 301056,
            "20.000000" : 321536,
            "30.000000" : 337920,
            "40.000000" : 354304,
            "50.000000" : 374784,
            "60.000000" : 399360,
            "70.000000" : 440320,
            "80.000000" : 528384,
            "90.000000" : 774144,
            "95.000000" : 1122304,
            "99.000000" : 1925120,
            "99.500000" : 2277376,
            "99.900000" : 3719168,
            "99.950000" : 4358144,
            "99.990000" : 7110656
          }
        }
      },
      "job_runtime" : 60000,
      "usr_cpu" : 0.805000,
      "sys_cpu" : 5.218333,
      "ctx" : 122031,
      "majf" : 0,
      "minf" : 73,
      "iodepth_level" : {
        "1" : 200.000000,
        "2" : 0.000000,
        "4" : 0.000000,
        "8" : 0.000000,
        "16" : 0.000000,
        "32" : 0.000000,
        ">=64" : 0.000000
      },
      "iodepth_submit" : {
        "0" : 0.000000,
        "4" : 100.000000,
        "8" : 0.000000,
        "16" : 0.000000,
        "32" : 0.000000,
        "64" : 0.000000,
        ">=64" : 0.000000
      },
      "iodepth_complete" : {
        "0" : 0.000000,
        "4" : 100.000000,
        "8" : 0.000000,
        "16" : 0.000000,
        "32" : 0.000000,
        "64" : 0.000000,
        ">=64" : 0.000000
      },
      "latency_ns" : {
        "2" : 0.000000,
        "4" : 0.000000,
        "10" : 0.000000,
        "20" : 0.000000,
        "50" : 0.000000,
        "100" : 0.000000,
        "250" : 0.000000,
        "500" : 0.000000,
        "750" : 0.000000,
        "1000" : 0.000000
      },
      "latency_us" : {
        "2" : 0.000000,
        "4" : 0.000000,
        "10" : 18.146463,
        "20" : 72.919321,
        "50" : 8.249897,
        "100" : 0.673562,
        "250" : 0.010000,
        "500" : 0.010000,
        "750" : 0.000000,
        "1000" : 0.000000
      },
      "latency_ms" : {
        "2" : 0.000000,
        "4" : 0.000000,
        "10" : 0.000000,
        "20" : 0.000000,
        "50" : 0.000000,
        "100" : 0.000000,
        "250" : 0.000000,
        "500" : 0.000000,
        "750" : 0.000000,
        "1000" : 0.000000,
        "2000" : 0.000000,
        ">=2000" : 0.000000
      },
      "latency_depth" : 1,
      "latency_target" : 0,
      "latency_percentile" : 100.000000,
      "latency_window" : 0
    }
  ]
}
