{
  "fio version" : "fio-3.36",
  "timestamp" : 1733178328,
  "timestamp_ms" : 1733178328699,
  "time" : "Mon Dec  2 22:25:28 2024",
  "jobs" : [
    {
      "jobname" : "seq_write_direct1_fsync1",
      "groupid" : 0,
      "job_start" : 1733178298685,
      "error" : 0,
      "eta" : 0,
      "elapsed" : 91,
      "job options" : {
        "name" : "seq_write_direct1_fsync1",
        "rw" : "write",
        "direct" : "1",
        "bs" : "4k",
        "runtime" : "30",
        "ramp_time" : "60",
        "filename" : "/dev/mapper/secure",
        "iodepth" : "1",
        "numjobs" : "4",
        "fsync" : "1"
      },
      "read" : {
        "io_bytes" : 0,
        "io_kbytes" : 0,
        "bw_bytes" : 0,
        "bw" : 0,
        "iops" : 0.000000,
        "runtime" : 0,
        "total_ios" : 0,
        "short_ios" : 0,
        "drop_ios" : 0,
        "slat_ns" : {
          "min" : 0,
          "max" : 0,
          "mean" : 0.000000,
          "stddev" : 0.000000,
          "N" : 0
        },
        "clat_ns" : {
          "min" : 0,
          "max" : 0,
          "mean" : 0.000000,
          "stddev" : 0.000000,
          "N" : 0
        },
        "lat_ns" : {
          "min" : 0,
          "max" : 0,
          "mean" : 0.000000,
          "stddev" : 0.000000,
          "N" : 0
        },
        "bw_min" : 0,
        "bw_max" : 0,
        "bw_agg" : 0.000000,
        "bw_mean" : 0.000000,
        "bw_dev" : 0.000000,
        "bw_samples" : 0,
        "iops_min" : 0,
        "iops_max" : 0,
        "iops_mean" : 0.000000,
        "iops_stddev" : 0.000000,
        "iops_samples" : 0
      },
      "write" : {
        "io_bytes" : 942645248,
        "io_kbytes" : 920552,
        "bw_bytes" : 31420460,
        "bw" : 30684,
        "iops" : 7671.010966,
        "runtime" : 30001,
        "total_ios" : 230138,
        "short_ios" : 0,
        "drop_ios" : 0,
        "slat_ns" : {
          "min" : 0,
          "max" : 0,
          "mean" : 0.000000,
          "stddev" : 0.000000,
          "N" : 0
        },
        "clat_ns" : {
          "min" : 8600,
          "max" : 5080647,
          "mean" : 13509.653512,
          "stddev" : 15305.203544,
          "N" : 230138,
          "percentile" : {
            "1.000000" : 9152,
            "5.000000" : 9408,
            "10.000000" : 9664,
            "20.000000" : 9792,
            "30.000000" : 10048,
            "40.000000" : 10176,
            "50.000000" : 10688,
            "60.000000" : 11456,
            "70.000000" : 12352,
            "80.000000" : 17280,
            "90.000000" : 21376,
            "95.000000" : 22656,
            "99.000000" : 46848,
            "99.500000" : 59136,
            "99.900000" : 78336,
            "99.950000" : 96768,
            "99.990000" : 242688
          }
        },
        "lat_ns" : {
          "min" : 8700,
          "max" : 5080947,
          "mean" : 13669.087104,
          "stddev" : 15331.538448,
          "N" : 230138
        },
        "bw_min" : 25432,
        "bw_max" : 39532,
        "bw_agg" : 100.000000,
        "bw_mean" : 30695.333333,
        "bw_dev" : 718.687906,
        "bw_samples" : 240,
        "iops_min" : 6358,
        "iops_max" : 9880,
        "iops_mean" : 7673.466667,
        "iops_stddev" : 179.632805,
        "iops_samples" : 240
      },
      "trim" : {
        "io_bytes" : 0,
        "io_kbytes" : 0,
        "bw_bytes" : 0,
        "bw" : 0,
        "iops" : 0.000000,
        "runtime" : 0,
        "total_ios" : 0,
        "short_ios" : 0,
        "drop_ios" : 0,
        "slat_ns" : {
          "min" : 0,
          "max" : 0,
          "mean" : 0.000000,
          "stddev" : 0.000000,
          "N" : 0
        },
        "clat_ns" : {
          "min" : 0,
          "max" : 0,
          "mean" : 0.000000,
          "stddev" : 0.000000,
          "N" : 0
        },
        "lat_ns" : {
          "min" : 0,
          "max" : 0,
          "mean" : 0.000000,
          "stddev" : 0.000000,
          "N" : 0
        },
        "bw_min" : 0,
        "bw_max" : 0,
        "bw_agg" : 0.000000,
        "bw_mean" : 0.000000,
        "bw_dev" : 0.000000,
        "bw_samples" : 0,
        "iops_min" : 0,
        "iops_max" : 0,
        "iops_mean" : 0.000000,
        "iops_stddev" : 0.000000,
        "iops_samples" : 0
      },
      "sync" : {
        "total_ios" : 230137,
        "lat_ns" : {
          "min" : 139801,
          "max" : 148350985,
          "mean" : 506511.112029,
          "stddev" : 712164.962687,
          "N" : 230137,
          "percentile" : {
            "1.000000" : 264192,
            "5.000000" : 321536,
            "10.000000" : 333824,
            "20.000000" : 350208,
            "30.000000" : 366592,
            "40.000000" : 378880,
            "50.000000" : 399360,
            "60.000000" : 419840,
            "70.000000" : 456704,
            "80.000000" : 536576,
            "90.000000" : 749568,
            "95.000000" : 1073152,
            "99.000000" : 2113536,
            "99.500000" : 2441216,
            "99.900000" : 4145152,
            "99.950000" : 4554752,
            "99.990000" : 6389760
          }
        }
      },
      "job_runtime" : 120000,
      "usr_cpu" : 0.917500,
      "sys_cpu" : 6.005000,
      "ctx" : 230200,
      "majf" : 0,
      "minf" : 149,
      "iodepth_level" : {
        "1" : 199.999565,
        "2" : 0.000000,
        "4" : 0.000000,
        "8" : 0.000000,
        "16" : 0.000000,
        "32" : 0.000000,
        ">=64" : 0.000000
      },
      "iodepth_submit" : {
        "0" : 0.000000,
        "4" : 100.000000,
        "8" : 0.000000,
        "16" : 0.000000,
        "32" : 0.000000,
        "64" : 0.000000,
        ">=64" : 0.000000
      },
      "iodepth_complete" : {
        "0" : 0.000000,
        "4" : 100.000000,
        "8" : 0.000000,
        "16" : 0.000000,
        "32" : 0.000000,
        "64" : 0.000000,
        ">=64" : 0.000000
      },
      "latency_ns" : {
        "2" : 0.000000,
        "4" : 0.000000,
        "10" : 0.000000,
        "20" : 0.000000,
        "50" : 0.000000,
        "100" : 0.000000,
        "250" : 0.000000,
        "500" : 0.000000,
        "750" : 0.000000,
        "1000" : 0.000000
      },
      "latency_us" : {
        "2" : 0.000000,
        "4" : 0.000000,
        "10" : 29.251145,
        "20" : 56.440049,
        "50" : 13.517542,
        "100" : 0.745640,
        "250" : 0.036065,
        "500" : 0.010000,
        "750" : 0.010000,
        "1000" : 0.000000
      },
      "latency_ms" : {
        "2" : 0.010000,
        "4" : 0.010000,
        "10" : 0.010000,
        "20" : 0.000000,
        "50" : 0.000000,
        "100" : 0.000000,
        "250" : 0.000000,
        "500" : 0.000000,
        "750" : 0.000000,
        "1000" : 0.000000,
        "2000" : 0.000000,
        ">=2000" : 0.000000
      },
      "latency_depth" : 1,
      "latency_target" : 0,
      "latency_percentile" : 100.000000,
      "latency_window" : 0
    }
  ]
}
