{
  "fio version" : "fio-3.36",
  "timestamp" : 1733179051,
  "timestamp_ms" : 1733179051058,
  "time" : "Mon Dec  2 22:37:31 2024",
  "jobs" : [
    {
      "jobname" : "seq_write_direct0_fsync1",
      "groupid" : 0,
      "job_start" : 1733179020829,
      "error" : 0,
      "eta" : 0,
      "elapsed" : 91,
      "job options" : {
        "name" : "seq_write_direct0_fsync1",
        "rw" : "write",
        "direct" : "0",
        "bs" : "4k",
        "runtime" : "30",
        "ramp_time" : "60",
        "filename" : "/dev/mapper/secure",
        "iodepth" : "1",
        "numjobs" : "1",
        "fsync" : "1"
      },
      "read" : {
        "io_bytes" : 0,
        "io_kbytes" : 0,
        "bw_bytes" : 0,
        "bw" : 0,
        "iops" : 0.000000,
        "runtime" : 0,
        "total_ios" : 0,
        "short_ios" : 0,
        "drop_ios" : 0,
        "slat_ns" : {
          "min" : 0,
          "max" : 0,
          "mean" : 0.000000,
          "stddev" : 0.000000,
          "N" : 0
        },
        "clat_ns" : {
          "min" : 0,
          "max" : 0,
          "mean" : 0.000000,
          "stddev" : 0.000000,
          "N" : 0
        },
        "lat_ns" : {
          "min" : 0,
          "max" : 0,
          "mean" : 0.000000,
          "stddev" : 0.000000,
          "N" : 0
        },
        "bw_min" : 0,
        "bw_max" : 0,
        "bw_agg" : 0.000000,
        "bw_mean" : 0.000000,
        "bw_dev" : 0.000000,
        "bw_samples" : 0,
        "iops_min" : 0,
        "iops_max" : 0,
        "iops_mean" : 0.000000,
        "iops_stddev" : 0.000000,
        "iops_samples" : 0
      },
      "write" : {
        "io_bytes" : 453750784,
        "io_kbytes" : 443116,
        "bw_bytes" : 15124521,
        "bw" : 14770,
        "iops" : 3692.510250,
        "runtime" : 30001,
        "total_ios" : 110779,
        "short_ios" : 0,
        "drop_ios" : 0,
        "slat_ns" : {
          "min" : 0,
          "max" : 0,
          "mean" : 0.000000,
          "stddev" : 0.000000,
          "N" : 0
        },
        "clat_ns" : {
          "min" : 4300,
          "max" : 121201,
          "mean" : 5427.991126,
          "stddev" : 2910.711767,
          "N" : 110779,
          "percentile" : {
            "1.000000" : 4576,
            "5.000000" : 4704,
            "10.000000" : 4832,
            "20.000000" : 4832,
            "30.000000" : 4896,
            "40.000000" : 4896,
            "50.000000" : 5024,
            "60.000000" : 5088,
            "70.000000" : 5216,
            "80.000000" : 5408,
            "90.000000" : 5728,
            "95.000000" : 6496,
            "99.000000" : 13760,
            "99.500000" : 39680,
            "99.900000" : 43264,
            "99.950000" : 45312,
            "99.990000" : 55552
          }
        },
        "lat_ns" : {
          "min" : 4400,
          "max" : 121301,
          "mean" : 5605.016510,
          "stddev" : 2970.547985,
          "N" : 110779
        },
        "bw_min" : 10220,
        "bw_max" : 19376,
        "bw_agg" : 100.000000,
        "bw_mean" : 14777.466667,
        "bw_dev" : 2153.800311,
        "bw_samples" : 60,
        "iops_min" : 2555,
        "iops_max" : 4844,
        "iops_mean" : 3694.316667,
        "iops_stddev" : 538.468748,
        "iops_samples" : 60
      },
      "trim" : {
        "io_bytes" : 0,
        "io_kbytes" : 0,
        "bw_bytes" : 0,
        "bw" : 0,
        "iops" : 0.000000,
        "runtime" : 0,
        "total_ios" : 0,
        "short_ios" : 0,
        "drop_ios" : 0,
        "slat_ns" : {
          "min" : 0,
          "max" : 0,
          "mean" : 0.000000,
          "stddev" : 0.000000,
          "N" : 0
        },
        "clat_ns" : {
          "min" : 0,
          "max" : 0,
          "mean" : 0.000000,
          "stddev" : 0.000000,
          "N" : 0
        },
        "lat_ns" : {
          "min" : 0,
          "max" : 0,
          "mean" : 0.000000,
          "stddev" : 0.000000,
          "N" : 0
        },
        "bw_min" : 0,
        "bw_max" : 0,
        "bw_agg" : 0.000000,
        "bw_mean" : 0.000000,
        "bw_dev" : 0.000000,
        "bw_samples" : 0,
        "iops_min" : 0,
        "iops_max" : 0,
        "iops_mean" : 0.000000,
        "iops_stddev" : 0.000000,
        "iops_samples" : 0
      },
      "sync" : {
        "total_ios" : 110779,
        "lat_ns" : {
          "min" : 129201,
          "max" : 18901275,
          "mean" : 264008.630905,
          "stddev" : 243394.979719,
          "N" : 110779,
          "percentile" : {
            "1.000000" : 154624,
            "5.000000" : 164864,
            "10.000000" : 171008,
            "20.000000" : 179200,
            "30.000000" : 185344,
            "40.000000" : 193536,
            "50.000000" : 201728,
            "60.000000" : 214016,
            "70.000000" : 230400,
            "80.000000" : 268288,
            "90.000000" : 378880,
            "95.000000" : 585728,
            "99.000000" : 1269760,
            "99.500000" : 1581056,
            "99.900000" : 2506752,
            "99.950000" : 3653632,
            "99.990000" : 6848512
          }
        }
      },
      "job_runtime" : 30000,
      "usr_cpu" : 0.943333,
      "sys_cpu" : 9.150000,
      "ctx" : 145519,
      "majf" : 0,
      "minf" : 36,
      "iodepth_level" : {
        "1" : 200.000000,
        "2" : 0.000000,
        "4" : 0.000000,
        "8" : 0.000000,
        "16" : 0.000000,
        "32" : 0.000000,
        ">=64" : 0.000000
      },
      "iodepth_submit" : {
        "0" : 0.000000,
        "4" : 100.000000,
        "8" : 0.000000,
        "16" : 0.000000,
        "32" : 0.000000,
        "64" : 0.000000,
        ">=64" : 0.000000
      },
      "iodepth_complete" : {
        "0" : 0.000000,
        "4" : 100.000000,
        "8" : 0.000000,
        "16" : 0.000000,
        "32" : 0.000000,
        "64" : 0.000000,
        ">=64" : 0.000000
      },
      "latency_ns" : {
        "2" : 0.000000,
        "4" : 0.000000,
        "10" : 0.000000,
        "20" : 0.000000,
        "50" : 0.000000,
        "100" : 0.000000,
        "250" : 0.000000,
        "500" : 0.000000,
        "750" : 0.000000,
        "1000" : 0.000000
      },
      "latency_us" : {
        "2" : 0.000000,
        "4" : 0.000000,
        "10" : 98.300219,
        "20" : 1.168091,
        "50" : 0.506414,
        "100" : 0.024373,
        "250" : 0.010000,
        "500" : 0.000000,
        "750" : 0.000000,
        "1000" : 0.000000
      },
      "latency_ms" : {
        "2" : 0.000000,
        "4" : 0.000000,
        "10" : 0.000000,
        "20" : 0.000000,
        "50" : 0.000000,
        "100" : 0.000000,
        "250" : 0.000000,
        "500" : 0.000000,
        "750" : 0.000000,
        "1000" : 0.000000,
        "2000" : 0.000000,
        ">=2000" : 0.000000
      },
      "latency_depth" : 1,
      "latency_target" : 0,
      "latency_percentile" : 100.000000,
      "latency_window" : 0
    }
  ]
}
