{
  "fio version" : "fio-3.36",
  "timestamp" : 1733179977,
  "timestamp_ms" : 1733179977758,
  "time" : "Mon Dec  2 22:52:57 2024",
  "jobs" : [
    {
      "jobname" : "seq_write_direct0_fsync0",
      "groupid" : 0,
      "job_start" : 1733179918662,
      "error" : 0,
      "eta" : 0,
      "elapsed" : 120,
      "job options" : {
        "name" : "seq_write_direct0_fsync0",
        "rw" : "write",
        "direct" : "0",
        "bs" : "4k",
        "runtime" : "30",
        "ramp_time" : "60",
        "filename" : "/dev/mapper/secure",
        "iodepth" : "1",
        "numjobs" : "16"
      },
      "read" : {
        "io_bytes" : 0,
        "io_kbytes" : 0,
        "bw_bytes" : 0,
        "bw" : 0,
        "iops" : 0.000000,
        "runtime" : 0,
        "total_ios" : 0,
        "short_ios" : 0,
        "drop_ios" : 0,
        "slat_ns" : {
          "min" : 0,
          "max" : 0,
          "mean" : 0.000000,
          "stddev" : 0.000000,
          "N" : 0
        },
        "clat_ns" : {
          "min" : 0,
          "max" : 0,
          "mean" : 0.000000,
          "stddev" : 0.000000,
          "N" : 0
        },
        "lat_ns" : {
          "min" : 0,
          "max" : 0,
          "mean" : 0.000000,
          "stddev" : 0.000000,
          "N" : 0
        },
        "bw_min" : 0,
        "bw_max" : 0,
        "bw_agg" : 0.000000,
        "bw_mean" : 0.000000,
        "bw_dev" : 0.000000,
        "bw_samples" : 0,
        "iops_min" : 0,
        "iops_max" : 0,
        "iops_mean" : 0.000000,
        "iops_stddev" : 0.000000,
        "iops_samples" : 0
      },
      "write" : {
        "io_bytes" : 219974963200,
        "io_kbytes" : 214819300,
        "bw_bytes" : 7330055421,
        "bw" : 7158257,
        "iops" : 1789564.311896,
        "runtime" : 30010,
        "total_ios" : 53704825,
        "short_ios" : 0,
        "drop_ios" : 0,
        "slat_ns" : {
          "min" : 0,
          "max" : 0,
          "mean" : 0.000000,
          "stddev" : 0.000000,
          "N" : 0
        },
        "clat_ns" : {
          "min" : 1000,
          "max" : 70825559,
          "mean" : 8675.194860,
          "stddev" : 508313.583256,
          "N" : 53704825,
          "percentile" : {
            "1.000000" : 1096,
            "5.000000" : 1096,
            "10.000000" : 1096,
            "20.000000" : 1096,
            "30.000000" : 1208,
            "40.000000" : 1208,
            "50.000000" : 1208,
            "60.000000" : 1208,
            "70.000000" : 1304,
            "80.000000" : 1496,
            "90.000000" : 1608,
            "95.000000" : 2704,
            "99.000000" : 3888,
            "99.500000" : 4512,
            "99.900000" : 32640,
            "99.950000" : 41728,
            "99.990000" : 35913728
          }
        },
        "lat_ns" : {
          "min" : 1100,
          "max" : 70825659,
          "mean" : 8728.665134,
          "stddev" : 508313.723821,
          "N" : 53704825
        },
        "bw_min" : 6810037,
        "bw_max" : 7656637,
        "bw_agg" : 100.000000,
        "bw_mean" : 7174096.627119,
        "bw_dev" : 17092.286437,
        "bw_samples" : 944,
        "iops_min" : 1702509,
        "iops_max" : 1914159,
        "iops_mean" : 1793524.186441,
        "iops_stddev" : 4273.074670,
        "iops_samples" : 944
      },
      "trim" : {
        "io_bytes" : 0,
        "io_kbytes" : 0,
        "bw_bytes" : 0,
        "bw" : 0,
        "iops" : 0.000000,
        "runtime" : 0,
        "total_ios" : 0,
        "short_ios" : 0,
        "drop_ios" : 0,
        "slat_ns" : {
          "min" : 0,
          "max" : 0,
          "mean" : 0.000000,
          "stddev" : 0.000000,
          "N" : 0
        },
        "clat_ns" : {
          "min" : 0,
          "max" : 0,
          "mean" : 0.000000,
          "stddev" : 0.000000,
          "N" : 0
        },
        "lat_ns" : {
          "min" : 0,
          "max" : 0,
          "mean" : 0.000000,
          "stddev" : 0.000000,
          "N" : 0
        },
        "bw_min" : 0,
        "bw_max" : 0,
        "bw_agg" : 0.000000,
        "bw_mean" : 0.000000,
        "bw_dev" : 0.000000,
        "bw_samples" : 0,
        "iops_min" : 0,
        "iops_max" : 0,
        "iops_mean" : 0.000000,
        "iops_stddev" : 0.000000,
        "iops_samples" : 0
      },
      "sync" : {
        "total_ios" : 0,
        "lat_ns" : {
          "min" : 0,
          "max" : 0,
          "mean" : 0.000000,
          "stddev" : 0.000000,
          "N" : 0
        }
      },
      "job_runtime" : 480111,
      "usr_cpu" : 4.951147,
      "sys_cpu" : 14.061748,
      "ctx" : 33112,
      "majf" : 0,
      "minf" : 583,
      "iodepth_level" : {
        "1" : 100.000000,
        "2" : 0.000000,
        "4" : 0.000000,
        "8" : 0.000000,
        "16" : 0.000000,
        "32" : 0.000000,
        ">=64" : 0.000000
      },
      "iodepth_submit" : {
        "0" : 0.000000,
        "4" : 100.000000,
        "8" : 0.000000,
        "16" : 0.000000,
        "32" : 0.000000,
        "64" : 0.000000,
        ">=64" : 0.000000
      },
      "iodepth_complete" : {
        "0" : 0.000000,
        "4" : 100.000000,
        "8" : 0.000000,
        "16" : 0.000000,
        "32" : 0.000000,
        "64" : 0.000000,
        ">=64" : 0.000000
      },
      "latency_ns" : {
        "2" : 0.000000,
        "4" : 0.000000,
        "10" : 0.000000,
        "20" : 0.000000,
        "50" : 0.000000,
        "100" : 0.000000,
        "250" : 0.000000,
        "500" : 0.000000,
        "750" : 0.000000,
        "1000" : 0.000000
      },
      "latency_us" : {
        "2" : 93.118233,
        "4" : 5.953674,
        "10" : 0.705156,
        "20" : 0.039155,
        "50" : 0.154444,
        "100" : 0.010000,
        "250" : 0.010000,
        "500" : 0.010000,
        "750" : 0.010000,
        "1000" : 0.010000
      },
      "latency_ms" : {
        "2" : 0.010000,
        "4" : 0.010000,
        "10" : 0.000000,
        "20" : 0.000000,
        "50" : 0.020304,
        "100" : 0.010000,
        "250" : 0.000000,
        "500" : 0.000000,
        "750" : 0.000000,
        "1000" : 0.000000,
        "2000" : 0.000000,
        ">=2000" : 0.000000
      },
      "latency_depth" : 1,
      "latency_target" : 0,
      "latency_percentile" : 100.000000,
      "latency_window" : 0
    }
  ]
}
