{
  "fio version" : "fio-3.36",
  "timestamp" : 1733178509,
  "timestamp_ms" : 1733178509195,
  "time" : "Mon Dec  2 22:28:29 2024",
  "jobs" : [
    {
      "jobname" : "seq_write_direct1_fsync1",
      "groupid" : 0,
      "job_start" : 1733178479175,
      "error" : 0,
      "eta" : 0,
      "elapsed" : 91,
      "job options" : {
        "name" : "seq_write_direct1_fsync1",
        "rw" : "write",
        "direct" : "1",
        "bs" : "4k",
        "runtime" : "30",
        "ramp_time" : "60",
        "filename" : "/dev/mapper/secure",
        "iodepth" : "1",
        "numjobs" : "16",
        "fsync" : "1"
      },
      "read" : {
        "io_bytes" : 0,
        "io_kbytes" : 0,
        "bw_bytes" : 0,
        "bw" : 0,
        "iops" : 0.000000,
        "runtime" : 0,
        "total_ios" : 0,
        "short_ios" : 0,
        "drop_ios" : 0,
        "slat_ns" : {
          "min" : 0,
          "max" : 0,
          "mean" : 0.000000,
          "stddev" : 0.000000,
          "N" : 0
        },
        "clat_ns" : {
          "min" : 0,
          "max" : 0,
          "mean" : 0.000000,
          "stddev" : 0.000000,
          "N" : 0
        },
        "lat_ns" : {
          "min" : 0,
          "max" : 0,
          "mean" : 0.000000,
          "stddev" : 0.000000,
          "N" : 0
        },
        "bw_min" : 0,
        "bw_max" : 0,
        "bw_agg" : 0.000000,
        "bw_mean" : 0.000000,
        "bw_dev" : 0.000000,
        "bw_samples" : 0,
        "iops_min" : 0,
        "iops_max" : 0,
        "iops_mean" : 0.000000,
        "iops_stddev" : 0.000000,
        "iops_samples" : 0
      },
      "write" : {
        "io_bytes" : 3878146048,
        "io_kbytes" : 3787252,
        "bw_bytes" : 129267226,
        "bw" : 126237,
        "iops" : 31559.381354,
        "runtime" : 30001,
        "total_ios" : 946813,
        "short_ios" : 0,
        "drop_ios" : 0,
        "slat_ns" : {
          "min" : 0,
          "max" : 0,
          "mean" : 0.000000,
          "stddev" : 0.000000,
          "N" : 0
        },
        "clat_ns" : {
          "min" : 7800,
          "max" : 2202021,
          "mean" : 13181.350391,
          "stddev" : 7838.045681,
          "N" : 946813,
          "percentile" : {
            "1.000000" : 9408,
            "5.000000" : 9792,
            "10.000000" : 10048,
            "20.000000" : 10176,
            "30.000000" : 10304,
            "40.000000" : 10560,
            "50.000000" : 10816,
            "60.000000" : 11328,
            "70.000000" : 12096,
            "80.000000" : 15168,
            "90.000000" : 20352,
            "95.000000" : 22912,
            "99.000000" : 38656,
            "99.500000" : 52480,
            "99.900000" : 67072,
            "99.950000" : 82432,
            "99.990000" : 183296
          }
        },
        "lat_ns" : {
          "min" : 7900,
          "max" : 2202521,
          "mean" : 13347.700056,
          "stddev" : 7900.461389,
          "N" : 946813
        },
        "bw_min" : 97792,
        "bw_max" : 138400,
        "bw_agg" : 100.000000,
        "bw_mean" : 126284.696045,
        "bw_dev" : 483.233332,
        "bw_samples" : 959,
        "iops_min" : 24448,
        "iops_max" : 34600,
        "iops_mean" : 31570.431638,
        "iops_stddev" : 120.832673,
        "iops_samples" : 959
      },
      "trim" : {
        "io_bytes" : 0,
        "io_kbytes" : 0,
        "bw_bytes" : 0,
        "bw" : 0,
        "iops" : 0.000000,
        "runtime" : 0,
        "total_ios" : 0,
        "short_ios" : 0,
        "drop_ios" : 0,
        "slat_ns" : {
          "min" : 0,
          "max" : 0,
          "mean" : 0.000000,
          "stddev" : 0.000000,
          "N" : 0
        },
        "clat_ns" : {
          "min" : 0,
          "max" : 0,
          "mean" : 0.000000,
          "stddev" : 0.000000,
          "N" : 0
        },
        "lat_ns" : {
          "min" : 0,
          "max" : 0,
          "mean" : 0.000000,
          "stddev" : 0.000000,
          "N" : 0
        },
        "bw_min" : 0,
        "bw_max" : 0,
        "bw_agg" : 0.000000,
        "bw_mean" : 0.000000,
        "bw_dev" : 0.000000,
        "bw_samples" : 0,
        "iops_min" : 0,
        "iops_max" : 0,
        "iops_mean" : 0.000000,
        "iops_stddev" : 0.000000,
        "iops_samples" : 0
      },
      "sync" : {
        "total_ios" : 946813,
        "lat_ns" : {
          "min" : 251603,
          "max" : 76333495,
          "mean" : 492386.456526,
          "stddev" : 730377.394748,
          "N" : 946813,
          "percentile" : {
            "1.000000" : 301056,
            "5.000000" : 321536,
            "10.000000" : 329728,
            "20.000000" : 342016,
            "30.000000" : 354304,
            "40.000000" : 362496,
            "50.000000" : 378880,
            "60.000000" : 407552,
            "70.000000" : 489472,
            "80.000000" : 528384,
            "90.000000" : 602112,
            "95.000000" : 782336,
            "99.000000" : 1859584,
            "99.500000" : 4554752,
            "99.900000" : 7438336,
            "99.950000" : 7766016,
            "99.990000" : 13303808
          }
        }
      },
      "job_runtime" : 480000,
      "usr_cpu" : 1.040833,
      "sys_cpu" : 6.050208,
      "ctx" : 946921,
      "majf" : 0,
      "minf" : 588,
      "iodepth_level" : {
        "1" : 200.000000,
        "2" : 0.000000,
        "4" : 0.000000,
        "8" : 0.000000,
        "16" : 0.000000,
        "32" : 0.000000,
        ">=64" : 0.000000
      },
      "iodepth_submit" : {
        "0" : 0.000000,
        "4" : 100.000000,
        "8" : 0.000000,
        "16" : 0.000000,
        "32" : 0.000000,
        "64" : 0.000000,
        ">=64" : 0.000000
      },
      "iodepth_complete" : {
        "0" : 0.000000,
        "4" : 100.000000,
        "8" : 0.000000,
        "16" : 0.000000,
        "32" : 0.000000,
        "64" : 0.000000,
        ">=64" : 0.000000
      },
      "latency_ns" : {
        "2" : 0.000000,
        "4" : 0.000000,
        "10" : 0.000000,
        "20" : 0.000000,
        "50" : 0.000000,
        "100" : 0.000000,
        "250" : 0.000000,
        "500" : 0.000000,
        "750" : 0.000000,
        "1000" : 0.000000
      },
      "latency_us" : {
        "2" : 0.000000,
        "4" : 0.000000,
        "10" : 9.576865,
        "20" : 79.732640,
        "50" : 10.106325,
        "100" : 0.550478,
        "250" : 0.027249,
        "500" : 0.010000,
        "750" : 0.010000,
        "1000" : 0.000000
      },
      "latency_ms" : {
        "2" : 0.010000,
        "4" : 0.010000,
        "10" : 0.000000,
        "20" : 0.000000,
        "50" : 0.000000,
        "100" : 0.000000,
        "250" : 0.000000,
        "500" : 0.000000,
        "750" : 0.000000,
        "1000" : 0.000000,
        "2000" : 0.000000,
        ">=2000" : 0.000000
      },
      "latency_depth" : 1,
      "latency_target" : 0,
      "latency_percentile" : 100.000000,
      "latency_window" : 0
    }
  ]
}
