{
  "fio version" : "fio-3.36",
  "timestamp" : 1733177047,
  "timestamp_ms" : 1733177047769,
  "time" : "Mon Dec  2 22:04:07 2024",
  "jobs" : [
    {
      "jobname" : "seq_read_direct0_fsync0",
      "groupid" : 0,
      "job_start" : 1733177016922,
      "error" : 0,
      "eta" : 0,
      "elapsed" : 91,
      "job options" : {
        "name" : "seq_read_direct0_fsync0",
        "rw" : "read",
        "direct" : "0",
        "bs" : "4k",
        "runtime" : "30",
        "ramp_time" : "60",
        "filename" : "/dev/mapper/secure",
        "iodepth" : "1",
        "numjobs" : "8"
      },
      "read" : {
        "io_bytes" : 20949065728,
        "io_kbytes" : 20458072,
        "bw_bytes" : 698278914,
        "bw" : 681913,
        "iops" : 170478.250725,
        "runtime" : 30001,
        "total_ios" : 5114518,
        "short_ios" : 0,
        "drop_ios" : 0,
        "slat_ns" : {
          "min" : 0,
          "max" : 0,
          "mean" : 0.000000,
          "stddev" : 0.000000,
          "N" : 0
        },
        "clat_ns" : {
          "min" : 700,
          "max" : 18150368,
          "mean" : 46516.923546,
          "stddev" : 89682.003840,
          "N" : 5114518,
          "percentile" : {
            "1.000000" : 700,
            "5.000000" : 700,
            "10.000000" : 804,
            "20.000000" : 804,
            "30.000000" : 900,
            "40.000000" : 1004,
            "50.000000" : 1096,
            "60.000000" : 58624,
            "70.000000" : 95744,
            "80.000000" : 104960,
            "90.000000" : 111104,
            "95.000000" : 120320,
            "99.000000" : 261120,
            "99.500000" : 436224,
            "99.900000" : 684032,
            "99.950000" : 978944,
            "99.990000" : 3063808
          }
        },
        "lat_ns" : {
          "min" : 700,
          "max" : 18150368,
          "mean" : 46572.776421,
          "stddev" : 89683.355751,
          "N" : 5114518
        },
        "bw_min" : 536616,
        "bw_max" : 1138464,
        "bw_agg" : 100.000000,
        "bw_mean" : 684112.186441,
        "bw_dev" : 16254.813923,
        "bw_samples" : 472,
        "iops_min" : 134154,
        "iops_max" : 284616,
        "iops_mean" : 171027.610169,
        "iops_stddev" : 4063.705922,
        "iops_samples" : 472
      },
      "write" : {
        "io_bytes" : 0,
        "io_kbytes" : 0,
        "bw_bytes" : 0,
        "bw" : 0,
        "iops" : 0.000000,
        "runtime" : 0,
        "total_ios" : 0,
        "short_ios" : 0,
        "drop_ios" : 0,
        "slat_ns" : {
          "min" : 0,
          "max" : 0,
          "mean" : 0.000000,
          "stddev" : 0.000000,
          "N" : 0
        },
        "clat_ns" : {
          "min" : 0,
          "max" : 0,
          "mean" : 0.000000,
          "stddev" : 0.000000,
          "N" : 0
        },
        "lat_ns" : {
          "min" : 0,
          "max" : 0,
          "mean" : 0.000000,
          "stddev" : 0.000000,
          "N" : 0
        },
        "bw_min" : 0,
        "bw_max" : 0,
        "bw_agg" : 0.000000,
        "bw_mean" : 0.000000,
        "bw_dev" : 0.000000,
        "bw_samples" : 0,
        "iops_min" : 0,
        "iops_max" : 0,
        "iops_mean" : 0.000000,
        "iops_stddev" : 0.000000,
        "iops_samples" : 0
      },
      "trim" : {
        "io_bytes" : 0,
        "io_kbytes" : 0,
        "bw_bytes" : 0,
        "bw" : 0,
        "iops" : 0.000000,
        "runtime" : 0,
        "total_ios" : 0,
        "short_ios" : 0,
        "drop_ios" : 0,
        "slat_ns" : {
          "min" : 0,
          "max" : 0,
          "mean" : 0.000000,
          "stddev" : 0.000000,
          "N" : 0
        },
        "clat_ns" : {
          "min" : 0,
          "max" : 0,
          "mean" : 0.000000,
          "stddev" : 0.000000,
          "N" : 0
        },
        "lat_ns" : {
          "min" : 0,
          "max" : 0,
          "mean" : 0.000000,
          "stddev" : 0.000000,
          "N" : 0
        },
        "bw_min" : 0,
        "bw_max" : 0,
        "bw_agg" : 0.000000,
        "bw_mean" : 0.000000,
        "bw_dev" : 0.000000,
        "bw_samples" : 0,
        "iops_min" : 0,
        "iops_max" : 0,
        "iops_mean" : 0.000000,
        "iops_stddev" : 0.000000,
        "iops_samples" : 0
      },
      "sync" : {
        "total_ios" : 0,
        "lat_ns" : {
          "min" : 0,
          "max" : 0,
          "mean" : 0.000000,
          "stddev" : 0.000000,
          "N" : 0
        }
      },
      "job_runtime" : 240000,
      "usr_cpu" : 5.307500,
      "sys_cpu" : 14.691250,
      "ctx" : 2053736,
      "majf" : 0,
      "minf" : 292,
      "iodepth_level" : {
        "1" : 100.000000,
        "2" : 0.000000,
        "4" : 0.000000,
        "8" : 0.000000,
        "16" : 0.000000,
        "32" : 0.000000,
        ">=64" : 0.000000
      },
      "iodepth_submit" : {
        "0" : 0.000000,
        "4" : 100.000000,
        "8" : 0.000000,
        "16" : 0.000000,
        "32" : 0.000000,
        "64" : 0.000000,
        ">=64" : 0.000000
      },
      "iodepth_complete" : {
        "0" : 0.000000,
        "4" : 100.000000,
        "8" : 0.000000,
        "16" : 0.000000,
        "32" : 0.000000,
        "64" : 0.000000,
        ">=64" : 0.000000
      },
      "latency_ns" : {
        "2" : 0.000000,
        "4" : 0.000000,
        "10" : 0.000000,
        "20" : 0.000000,
        "50" : 0.000000,
        "100" : 0.000000,
        "250" : 0.000000,
        "500" : 0.000000,
        "750" : 5.393060,
        "1000" : 28.677600
      },
      "latency_us" : {
        "2" : 22.900086,
        "4" : 2.635869,
        "10" : 0.018535,
        "20" : 0.010000,
        "50" : 0.238908,
        "100" : 13.114706,
        "250" : 25.945964,
        "500" : 0.741106,
        "750" : 0.253416,
        "1000" : 0.029622
      },
      "latency_ms" : {
        "2" : 0.031831,
        "4" : 0.010324,
        "10" : 0.010000,
        "20" : 0.010000,
        "50" : 0.000000,
        "100" : 0.000000,
        "250" : 0.000000,
        "500" : 0.000000,
        "750" : 0.000000,
        "1000" : 0.000000,
        "2000" : 0.000000,
        ">=2000" : 0.000000
      },
      "latency_depth" : 1,
      "latency_target" : 0,
      "latency_percentile" : 100.000000,
      "latency_window" : 0
    }
  ]
}
