{
  "fio version" : "fio-3.36",
  "timestamp" : 1733179858,
  "timestamp_ms" : 1733179858421,
  "time" : "Mon Dec  2 22:50:58 2024",
  "jobs" : [
    {
      "jobname" : "seq_write_direct0_fsync0",
      "groupid" : 0,
      "job_start" : 1733179801260,
      "error" : 0,
      "eta" : 0,
      "elapsed" : 118,
      "job options" : {
        "name" : "seq_write_direct0_fsync0",
        "rw" : "write",
        "direct" : "0",
        "bs" : "4k",
        "runtime" : "30",
        "ramp_time" : "60",
        "filename" : "/dev/mapper/secure",
        "iodepth" : "1",
        "numjobs" : "8"
      },
      "read" : {
        "io_bytes" : 0,
        "io_kbytes" : 0,
        "bw_bytes" : 0,
        "bw" : 0,
        "iops" : 0.000000,
        "runtime" : 0,
        "total_ios" : 0,
        "short_ios" : 0,
        "drop_ios" : 0,
        "slat_ns" : {
          "min" : 0,
          "max" : 0,
          "mean" : 0.000000,
          "stddev" : 0.000000,
          "N" : 0
        },
        "clat_ns" : {
          "min" : 0,
          "max" : 0,
          "mean" : 0.000000,
          "stddev" : 0.000000,
          "N" : 0
        },
        "lat_ns" : {
          "min" : 0,
          "max" : 0,
          "mean" : 0.000000,
          "stddev" : 0.000000,
          "N" : 0
        },
        "bw_min" : 0,
        "bw_max" : 0,
        "bw_agg" : 0.000000,
        "bw_mean" : 0.000000,
        "bw_dev" : 0.000000,
        "bw_samples" : 0,
        "iops_min" : 0,
        "iops_max" : 0,
        "iops_mean" : 0.000000,
        "iops_stddev" : 0.000000,
        "iops_samples" : 0
      },
      "write" : {
        "io_bytes" : 134108872704,
        "io_kbytes" : 130965696,
        "bw_bytes" : 4465532522,
        "bw" : 4360871,
        "iops" : 1090217.900906,
        "runtime" : 30032,
        "total_ios" : 32741424,
        "short_ios" : 0,
        "drop_ios" : 0,
        "slat_ns" : {
          "min" : 0,
          "max" : 0,
          "mean" : 0.000000,
          "stddev" : 0.000000,
          "N" : 0
        },
        "clat_ns" : {
          "min" : 1000,
          "max" : 72886077,
          "mean" : 7059.870789,
          "stddev" : 439391.202133,
          "N" : 32741424,
          "percentile" : {
            "1.000000" : 1096,
            "5.000000" : 1208,
            "10.000000" : 1208,
            "20.000000" : 1208,
            "30.000000" : 1304,
            "40.000000" : 1304,
            "50.000000" : 1304,
            "60.000000" : 1400,
            "70.000000" : 1496,
            "80.000000" : 1704,
            "90.000000" : 2704,
            "95.000000" : 2896,
            "99.000000" : 4704,
            "99.500000" : 7520,
            "99.900000" : 41216,
            "99.950000" : 49408,
            "99.990000" : 32374784
          }
        },
        "lat_ns" : {
          "min" : 1100,
          "max" : 72886177,
          "mean" : 7113.940750,
          "stddev" : 439391.383448,
          "N" : 32741424
        },
        "bw_min" : 3983680,
        "bw_max" : 4762256,
        "bw_agg" : 100.000000,
        "bw_mean" : 4369045.901130,
        "bw_dev" : 20892.560024,
        "bw_samples" : 474,
        "iops_min" : 995918,
        "iops_max" : 1190564,
        "iops_mean" : 1092261.541243,
        "iops_stddev" : 5223.142203,
        "iops_samples" : 474
      },
      "trim" : {
        "io_bytes" : 0,
        "io_kbytes" : 0,
        "bw_bytes" : 0,
        "bw" : 0,
        "iops" : 0.000000,
        "runtime" : 0,
        "total_ios" : 0,
        "short_ios" : 0,
        "drop_ios" : 0,
        "slat_ns" : {
          "min" : 0,
          "max" : 0,
          "mean" : 0.000000,
          "stddev" : 0.000000,
          "N" : 0
        },
        "clat_ns" : {
          "min" : 0,
          "max" : 0,
          "mean" : 0.000000,
          "stddev" : 0.000000,
          "N" : 0
        },
        "lat_ns" : {
          "min" : 0,
          "max" : 0,
          "mean" : 0.000000,
          "stddev" : 0.000000,
          "N" : 0
        },
        "bw_min" : 0,
        "bw_max" : 0,
        "bw_agg" : 0.000000,
        "bw_mean" : 0.000000,
        "bw_dev" : 0.000000,
        "bw_samples" : 0,
        "iops_min" : 0,
        "iops_max" : 0,
        "iops_mean" : 0.000000,
        "iops_stddev" : 0.000000,
        "iops_samples" : 0
      },
      "sync" : {
        "total_ios" : 0,
        "lat_ns" : {
          "min" : 0,
          "max" : 0,
          "mean" : 0.000000,
          "stddev" : 0.000000,
          "N" : 0
        }
      },
      "job_runtime" : 240075,
      "usr_cpu" : 6.121837,
      "sys_cpu" : 20.568156,
      "ctx" : 94863,
      "majf" : 0,
      "minf" : 292,
      "iodepth_level" : {
        "1" : 100.000000,
        "2" : 0.000000,
        "4" : 0.000000,
        "8" : 0.000000,
        "16" : 0.000000,
        "32" : 0.000000,
        ">=64" : 0.000000
      },
      "iodepth_submit" : {
        "0" : 0.000000,
        "4" : 100.000000,
        "8" : 0.000000,
        "16" : 0.000000,
        "32" : 0.000000,
        "64" : 0.000000,
        ">=64" : 0.000000
      },
      "iodepth_complete" : {
        "0" : 0.000000,
        "4" : 100.000000,
        "8" : 0.000000,
        "16" : 0.000000,
        "32" : 0.000000,
        "64" : 0.000000,
        ">=64" : 0.000000
      },
      "latency_ns" : {
        "2" : 0.000000,
        "4" : 0.000000,
        "10" : 0.000000,
        "20" : 0.000000,
        "50" : 0.000000,
        "100" : 0.000000,
        "250" : 0.000000,
        "500" : 0.000000,
        "750" : 0.000000,
        "1000" : 0.000000
      },
      "latency_us" : {
        "2" : 85.406209,
        "4" : 12.496637,
        "10" : 1.706282,
        "20" : 0.068073,
        "50" : 0.274695,
        "100" : 0.030591,
        "250" : 0.010000,
        "500" : 0.010000,
        "750" : 0.010000,
        "1000" : 0.010000
      },
      "latency_ms" : {
        "2" : 0.010000,
        "4" : 0.010000,
        "10" : 0.010000,
        "20" : 0.000000,
        "50" : 0.014483,
        "100" : 0.010000,
        "250" : 0.000000,
        "500" : 0.000000,
        "750" : 0.000000,
        "1000" : 0.000000,
        "2000" : 0.000000,
        ">=2000" : 0.000000
      },
      "latency_depth" : 1,
      "latency_target" : 0,
      "latency_percentile" : 100.000000,
      "latency_window" : 0
    }
  ]
}
