{
  "fio version" : "fio-3.36",
  "timestamp" : 1733281506,
  "timestamp_ms" : 1733281506125,
  "time" : "Wed Dec  4 03:05:06 2024",
  "jobs" : [
    {
      "jobname" : "write_direct1_fsync1_threads_16_f550",
      "groupid" : 0,
      "job_start" : 1733281446112,
      "error" : 0,
      "eta" : 0,
      "elapsed" : 91,
      "job options" : {
        "name" : "write_direct1_fsync1_threads_16_f550",
        "rw" : "write",
        "direct" : "1",
        "filename" : "/dev/mapper/secure",
        "numjobs" : "16",
        "fsync" : "1",
        "bs" : "4k",
        "ramp_time" : "30",
        "runtime" : "60",
        "iodepth" : "1",
        "end_fsync" : "1"
      },
      "read" : {
        "io_bytes" : 0,
        "io_kbytes" : 0,
        "bw_bytes" : 0,
        "bw" : 0,
        "iops" : 0.000000,
        "runtime" : 0,
        "total_ios" : 0,
        "short_ios" : 0,
        "drop_ios" : 0,
        "slat_ns" : {
          "min" : 0,
          "max" : 0,
          "mean" : 0.000000,
          "stddev" : 0.000000,
          "N" : 0
        },
        "clat_ns" : {
          "min" : 0,
          "max" : 0,
          "mean" : 0.000000,
          "stddev" : 0.000000,
          "N" : 0
        },
        "lat_ns" : {
          "min" : 0,
          "max" : 0,
          "mean" : 0.000000,
          "stddev" : 0.000000,
          "N" : 0
        },
        "bw_min" : 0,
        "bw_max" : 0,
        "bw_agg" : 0.000000,
        "bw_mean" : 0.000000,
        "bw_dev" : 0.000000,
        "bw_samples" : 0,
        "iops_min" : 0,
        "iops_max" : 0,
        "iops_mean" : 0.000000,
        "iops_stddev" : 0.000000,
        "iops_samples" : 0
      },
      "write" : {
        "io_bytes" : 8916090880,
        "io_kbytes" : 8707120,
        "bw_bytes" : 148599038,
        "bw" : 145116,
        "iops" : 36279.062016,
        "runtime" : 60001,
        "total_ios" : 2176780,
        "short_ios" : 0,
        "drop_ios" : 0,
        "slat_ns" : {
          "min" : 0,
          "max" : 0,
          "mean" : 0.000000,
          "stddev" : 0.000000,
          "N" : 0
        },
        "clat_ns" : {
          "min" : 7800,
          "max" : 1009710,
          "mean" : 12256.351546,
          "stddev" : 5505.638552,
          "N" : 2176780,
          "percentile" : {
            "1.000000" : 9152,
            "5.000000" : 9280,
            "10.000000" : 9536,
            "20.000000" : 9664,
            "30.000000" : 9792,
            "40.000000" : 10048,
            "50.000000" : 10304,
            "60.000000" : 10688,
            "70.000000" : 11456,
            "80.000000" : 13120,
            "90.000000" : 18560,
            "95.000000" : 21632,
            "99.000000" : 35584,
            "99.500000" : 47872,
            "99.900000" : 60160,
            "99.950000" : 63232,
            "99.990000" : 77312
          }
        },
        "lat_ns" : {
          "min" : 7800,
          "max" : 1009810,
          "mean" : 12375.677749,
          "stddev" : 5549.157957,
          "N" : 2176780
        },
        "bw_min" : 115776,
        "bw_max" : 157320,
        "bw_agg" : 100.000000,
        "bw_mean" : 145159.700000,
        "bw_dev" : 415.214064,
        "bw_samples" : 1920,
        "iops_min" : 28944,
        "iops_max" : 39330,
        "iops_mean" : 36288.841667,
        "iops_stddev" : 103.778402,
        "iops_samples" : 1920
      },
      "trim" : {
        "io_bytes" : 0,
        "io_kbytes" : 0,
        "bw_bytes" : 0,
        "bw" : 0,
        "iops" : 0.000000,
        "runtime" : 0,
        "total_ios" : 0,
        "short_ios" : 0,
        "drop_ios" : 0,
        "slat_ns" : {
          "min" : 0,
          "max" : 0,
          "mean" : 0.000000,
          "stddev" : 0.000000,
          "N" : 0
        },
        "clat_ns" : {
          "min" : 0,
          "max" : 0,
          "mean" : 0.000000,
          "stddev" : 0.000000,
          "N" : 0
        },
        "lat_ns" : {
          "min" : 0,
          "max" : 0,
          "mean" : 0.000000,
          "stddev" : 0.000000,
          "N" : 0
        },
        "bw_min" : 0,
        "bw_max" : 0,
        "bw_agg" : 0.000000,
        "bw_mean" : 0.000000,
        "bw_dev" : 0.000000,
        "bw_samples" : 0,
        "iops_min" : 0,
        "iops_max" : 0,
        "iops_mean" : 0.000000,
        "iops_stddev" : 0.000000,
        "iops_samples" : 0
      },
      "sync" : {
        "total_ios" : 2176778,
        "lat_ns" : {
          "min" : 235202,
          "max" : 118351072,
          "mean" : 427540.297706,
          "stddev" : 651401.723111,
          "N" : 2176778,
          "percentile" : {
            "1.000000" : 284672,
            "5.000000" : 296960,
            "10.000000" : 309248,
            "20.000000" : 321536,
            "30.000000" : 333824,
            "40.000000" : 342016,
            "50.000000" : 354304,
            "60.000000" : 374784,
            "70.000000" : 436224,
            "80.000000" : 481280,
            "90.000000" : 518144,
            "95.000000" : 544768,
            "99.000000" : 1105920,
            "99.500000" : 4145152,
            "99.900000" : 6324224,
            "99.950000" : 6914048,
            "99.990000" : 13959168
          }
        }
      },
      "job_runtime" : 960000,
      "usr_cpu" : 1.118542,
      "sys_cpu" : 6.697396,
      "ctx" : 2176956,
      "majf" : 0,
      "minf" : 582,
      "iodepth_level" : {
        "1" : 199.999908,
        "2" : 0.000000,
        "4" : 0.000000,
        "8" : 0.000000,
        "16" : 0.000000,
        "32" : 0.000000,
        ">=64" : 0.000000
      },
      "iodepth_submit" : {
        "0" : 0.000000,
        "4" : 100.000000,
        "8" : 0.000000,
        "16" : 0.000000,
        "32" : 0.000000,
        "64" : 0.000000,
        ">=64" : 0.000000
      },
      "iodepth_complete" : {
        "0" : 0.000000,
        "4" : 100.000000,
        "8" : 0.000000,
        "16" : 0.000000,
        "32" : 0.000000,
        "64" : 0.000000,
        ">=64" : 0.000000
      },
      "latency_ns" : {
        "2" : 0.000000,
        "4" : 0.000000,
        "10" : 0.000000,
        "20" : 0.000000,
        "50" : 0.000000,
        "100" : 0.000000,
        "250" : 0.000000,
        "500" : 0.000000,
        "750" : 0.000000,
        "1000" : 0.000000
      },
      "latency_us" : {
        "2" : 0.000000,
        "4" : 0.000000,
        "10" : 36.110585,
        "20" : 56.316118,
        "50" : 7.151710,
        "100" : 0.417543,
        "250" : 0.010000,
        "500" : 0.010000,
        "750" : 0.010000,
        "1000" : 0.000000
      },
      "latency_ms" : {
        "2" : 0.010000,
        "4" : 0.000000,
        "10" : 0.000000,
        "20" : 0.000000,
        "50" : 0.000000,
        "100" : 0.000000,
        "250" : 0.000000,
        "500" : 0.000000,
        "750" : 0.000000,
        "1000" : 0.000000,
        "2000" : 0.000000,
        ">=2000" : 0.000000
      },
      "latency_depth" : 1,
      "latency_target" : 0,
      "latency_percentile" : 100.000000,
      "latency_window" : 0
    }
  ]
}
