{
  "fio version" : "fio-3.36",
  "timestamp" : 1733280327,
  "timestamp_ms" : 1733280327455,
  "time" : "Wed Dec  4 02:45:27 2024",
  "jobs" : [
    {
      "jobname" : "write_direct0_fsync0_threads_16_a50f",
      "groupid" : 0,
      "job_start" : 1733280227233,
      "error" : 0,
      "eta" : 0,
      "elapsed" : 131,
      "job options" : {
        "name" : "write_direct0_fsync0_threads_16_a50f",
        "rw" : "write",
        "direct" : "0",
        "filename" : "/dev/mapper/secure",
        "numjobs" : "16",
        "fsync" : "0",
        "bs" : "4k",
        "ramp_time" : "30",
        "runtime" : "60",
        "iodepth" : "1",
        "end_fsync" : "1"
      },
      "read" : {
        "io_bytes" : 0,
        "io_kbytes" : 0,
        "bw_bytes" : 0,
        "bw" : 0,
        "iops" : 0.000000,
        "runtime" : 0,
        "total_ios" : 0,
        "short_ios" : 0,
        "drop_ios" : 0,
        "slat_ns" : {
          "min" : 0,
          "max" : 0,
          "mean" : 0.000000,
          "stddev" : 0.000000,
          "N" : 0
        },
        "clat_ns" : {
          "min" : 0,
          "max" : 0,
          "mean" : 0.000000,
          "stddev" : 0.000000,
          "N" : 0
        },
        "lat_ns" : {
          "min" : 0,
          "max" : 0,
          "mean" : 0.000000,
          "stddev" : 0.000000,
          "N" : 0
        },
        "bw_min" : 0,
        "bw_max" : 0,
        "bw_agg" : 0.000000,
        "bw_mean" : 0.000000,
        "bw_dev" : 0.000000,
        "bw_samples" : 0,
        "iops_min" : 0,
        "iops_max" : 0,
        "iops_mean" : 0.000000,
        "iops_stddev" : 0.000000,
        "iops_samples" : 0
      },
      "write" : {
        "io_bytes" : 442609557504,
        "io_kbytes" : 432235896,
        "bw_bytes" : 4750813690,
        "bw" : 4639466,
        "iops" : 1159866.623732,
        "runtime" : 93165,
        "total_ios" : 108058974,
        "short_ios" : 0,
        "drop_ios" : 0,
        "slat_ns" : {
          "min" : 0,
          "max" : 0,
          "mean" : 0.000000,
          "stddev" : 0.000000,
          "N" : 0
        },
        "clat_ns" : {
          "min" : 1100,
          "max" : 70940805,
          "mean" : 8617.985754,
          "stddev" : 499387.810329,
          "N" : 108058974,
          "percentile" : {
            "1.000000" : 1096,
            "5.000000" : 1096,
            "10.000000" : 1096,
            "20.000000" : 1208,
            "30.000000" : 1208,
            "40.000000" : 1208,
            "50.000000" : 1208,
            "60.000000" : 1208,
            "70.000000" : 1304,
            "80.000000" : 1496,
            "90.000000" : 1704,
            "95.000000" : 2704,
            "99.000000" : 3888,
            "99.500000" : 4576,
            "99.900000" : 34048,
            "99.950000" : 41728,
            "99.990000" : 34865152
          }
        },
        "lat_ns" : {
          "min" : 1100,
          "max" : 70940805,
          "mean" : 8672.128965,
          "stddev" : 499387.861803,
          "N" : 108058974
        },
        "bw_min" : 6021120,
        "bw_max" : 7890172,
        "bw_agg" : 100.000000,
        "bw_mean" : 7210685.092437,
        "bw_dev" : 20337.390596,
        "bw_samples" : 1904,
        "iops_min" : 1505280,
        "iops_max" : 1972545,
        "iops_mean" : 1802671.226891,
        "iops_stddev" : 5084.353995,
        "iops_samples" : 1904
      },
      "trim" : {
        "io_bytes" : 0,
        "io_kbytes" : 0,
        "bw_bytes" : 0,
        "bw" : 0,
        "iops" : 0.000000,
        "runtime" : 0,
        "total_ios" : 0,
        "short_ios" : 0,
        "drop_ios" : 0,
        "slat_ns" : {
          "min" : 0,
          "max" : 0,
          "mean" : 0.000000,
          "stddev" : 0.000000,
          "N" : 0
        },
        "clat_ns" : {
          "min" : 0,
          "max" : 0,
          "mean" : 0.000000,
          "stddev" : 0.000000,
          "N" : 0
        },
        "lat_ns" : {
          "min" : 0,
          "max" : 0,
          "mean" : 0.000000,
          "stddev" : 0.000000,
          "N" : 0
        },
        "bw_min" : 0,
        "bw_max" : 0,
        "bw_agg" : 0.000000,
        "bw_mean" : 0.000000,
        "bw_dev" : 0.000000,
        "bw_samples" : 0,
        "iops_min" : 0,
        "iops_max" : 0,
        "iops_mean" : 0.000000,
        "iops_stddev" : 0.000000,
        "iops_samples" : 0
      },
      "sync" : {
        "total_ios" : 0,
        "lat_ns" : {
          "min" : 0,
          "max" : 0,
          "mean" : 0.000000,
          "stddev" : 0.000000,
          "N" : 0
        }
      },
      "job_runtime" : 1490362,
      "usr_cpu" : 3.815516,
      "sys_cpu" : 24.877580,
      "ctx" : 5048506,
      "majf" : 0,
      "minf" : 583,
      "iodepth_level" : {
        "1" : 100.000000,
        "2" : 0.000000,
        "4" : 0.000000,
        "8" : 0.000000,
        "16" : 0.000000,
        "32" : 0.000000,
        ">=64" : 0.000000
      },
      "iodepth_submit" : {
        "0" : 0.000000,
        "4" : 100.000000,
        "8" : 0.000000,
        "16" : 0.000000,
        "32" : 0.000000,
        "64" : 0.000000,
        ">=64" : 0.000000
      },
      "iodepth_complete" : {
        "0" : 0.000000,
        "4" : 100.000000,
        "8" : 0.000000,
        "16" : 0.000000,
        "32" : 0.000000,
        "64" : 0.000000,
        ">=64" : 0.000000
      },
      "latency_ns" : {
        "2" : 0.000000,
        "4" : 0.000000,
        "10" : 0.000000,
        "20" : 0.000000,
        "50" : 0.000000,
        "100" : 0.000000,
        "250" : 0.000000,
        "500" : 0.000000,
        "750" : 0.000000,
        "1000" : 0.000000
      },
      "latency_us" : {
        "2" : 92.996987,
        "4" : 6.018677,
        "10" : 0.741973,
        "20" : 0.051120,
        "50" : 0.160866,
        "100" : 0.010000,
        "250" : 0.010000,
        "500" : 0.010000,
        "750" : 0.010000,
        "1000" : 0.010000
      },
      "latency_ms" : {
        "2" : 0.010000,
        "4" : 0.010000,
        "10" : 0.000000,
        "20" : 0.000000,
        "50" : 0.020617,
        "100" : 0.010000,
        "250" : 0.000000,
        "500" : 0.000000,
        "750" : 0.000000,
        "1000" : 0.000000,
        "2000" : 0.000000,
        ">=2000" : 0.000000
      },
      "latency_depth" : 1,
      "latency_target" : 0,
      "latency_percentile" : 100.000000,
      "latency_window" : 0
    }
  ]
}
