{
  "fio version" : "fio-3.36",
  "timestamp" : 1733281596,
  "timestamp_ms" : 1733281596366,
  "time" : "Wed Dec  4 03:06:36 2024",
  "jobs" : [
    {
      "jobname" : "write_direct1_fsync1_threads_8_0d15",
      "groupid" : 0,
      "job_start" : 1733281536347,
      "error" : 0,
      "eta" : 0,
      "elapsed" : 91,
      "job options" : {
        "name" : "write_direct1_fsync1_threads_8_0d15",
        "rw" : "write",
        "direct" : "1",
        "filename" : "/dev/mapper/secure",
        "numjobs" : "8",
        "fsync" : "1",
        "bs" : "4k",
        "ramp_time" : "30",
        "runtime" : "60",
        "iodepth" : "1",
        "end_fsync" : "1"
      },
      "read" : {
        "io_bytes" : 0,
        "io_kbytes" : 0,
        "bw_bytes" : 0,
        "bw" : 0,
        "iops" : 0.000000,
        "runtime" : 0,
        "total_ios" : 0,
        "short_ios" : 0,
        "drop_ios" : 0,
        "slat_ns" : {
          "min" : 0,
          "max" : 0,
          "mean" : 0.000000,
          "stddev" : 0.000000,
          "N" : 0
        },
        "clat_ns" : {
          "min" : 0,
          "max" : 0,
          "mean" : 0.000000,
          "stddev" : 0.000000,
          "N" : 0
        },
        "lat_ns" : {
          "min" : 0,
          "max" : 0,
          "mean" : 0.000000,
          "stddev" : 0.000000,
          "N" : 0
        },
        "bw_min" : 0,
        "bw_max" : 0,
        "bw_agg" : 0.000000,
        "bw_mean" : 0.000000,
        "bw_dev" : 0.000000,
        "bw_samples" : 0,
        "iops_min" : 0,
        "iops_max" : 0,
        "iops_mean" : 0.000000,
        "iops_stddev" : 0.000000,
        "iops_samples" : 0
      },
      "write" : {
        "io_bytes" : 4690006016,
        "io_kbytes" : 4580084,
        "bw_bytes" : 78165464,
        "bw" : 76333,
        "iops" : 19083.365277,
        "runtime" : 60001,
        "total_ios" : 1145021,
        "short_ios" : 0,
        "drop_ios" : 0,
        "slat_ns" : {
          "min" : 0,
          "max" : 0,
          "mean" : 0.000000,
          "stddev" : 0.000000,
          "N" : 0
        },
        "clat_ns" : {
          "min" : 8400,
          "max" : 609106,
          "mean" : 12221.062468,
          "stddev" : 5100.116561,
          "N" : 1145021,
          "percentile" : {
            "1.000000" : 9152,
            "5.000000" : 9280,
            "10.000000" : 9408,
            "20.000000" : 9664,
            "30.000000" : 9920,
            "40.000000" : 10048,
            "50.000000" : 10560,
            "60.000000" : 10944,
            "70.000000" : 11584,
            "80.000000" : 13760,
            "90.000000" : 18048,
            "95.000000" : 21376,
            "99.000000" : 30592,
            "99.500000" : 45824,
            "99.900000" : 61184,
            "99.950000" : 68096,
            "99.990000" : 80384
          }
        },
        "lat_ns" : {
          "min" : 8500,
          "max" : 609406,
          "mean" : 12363.632353,
          "stddev" : 5144.081097,
          "N" : 1145021
        },
        "bw_min" : 62263,
        "bw_max" : 83848,
        "bw_agg" : 100.000000,
        "bw_mean" : 76354.875000,
        "bw_dev" : 498.790653,
        "bw_samples" : 960,
        "iops_min" : 15565,
        "iops_max" : 20962,
        "iops_mean" : 19088.216667,
        "iops_stddev" : 124.709992,
        "iops_samples" : 960
      },
      "trim" : {
        "io_bytes" : 0,
        "io_kbytes" : 0,
        "bw_bytes" : 0,
        "bw" : 0,
        "iops" : 0.000000,
        "runtime" : 0,
        "total_ios" : 0,
        "short_ios" : 0,
        "drop_ios" : 0,
        "slat_ns" : {
          "min" : 0,
          "max" : 0,
          "mean" : 0.000000,
          "stddev" : 0.000000,
          "N" : 0
        },
        "clat_ns" : {
          "min" : 0,
          "max" : 0,
          "mean" : 0.000000,
          "stddev" : 0.000000,
          "N" : 0
        },
        "lat_ns" : {
          "min" : 0,
          "max" : 0,
          "mean" : 0.000000,
          "stddev" : 0.000000,
          "N" : 0
        },
        "bw_min" : 0,
        "bw_max" : 0,
        "bw_agg" : 0.000000,
        "bw_mean" : 0.000000,
        "bw_dev" : 0.000000,
        "bw_samples" : 0,
        "iops_min" : 0,
        "iops_max" : 0,
        "iops_mean" : 0.000000,
        "iops_stddev" : 0.000000,
        "iops_samples" : 0
      },
      "sync" : {
        "total_ios" : 1145021,
        "lat_ns" : {
          "min" : 169602,
          "max" : 80975292,
          "mean" : 405814.974651,
          "stddev" : 605587.846591,
          "N" : 1145021,
          "percentile" : {
            "1.000000" : 209920,
            "5.000000" : 220160,
            "10.000000" : 232448,
            "20.000000" : 346112,
            "30.000000" : 358400,
            "40.000000" : 366592,
            "50.000000" : 374784,
            "60.000000" : 382976,
            "70.000000" : 391168,
            "80.000000" : 407552,
            "90.000000" : 428032,
            "95.000000" : 456704,
            "99.000000" : 1220608,
            "99.500000" : 4554752,
            "99.900000" : 5341184,
            "99.950000" : 5668864,
            "99.990000" : 17694720
          }
        }
      },
      "job_runtime" : 480000,
      "usr_cpu" : 1.057917,
      "sys_cpu" : 7.249792,
      "ctx" : 1145125,
      "majf" : 0,
      "minf" : 291,
      "iodepth_level" : {
        "1" : 200.000000,
        "2" : 0.000000,
        "4" : 0.000000,
        "8" : 0.000000,
        "16" : 0.000000,
        "32" : 0.000000,
        ">=64" : 0.000000
      },
      "iodepth_submit" : {
        "0" : 0.000000,
        "4" : 100.000000,
        "8" : 0.000000,
        "16" : 0.000000,
        "32" : 0.000000,
        "64" : 0.000000,
        ">=64" : 0.000000
      },
      "iodepth_complete" : {
        "0" : 0.000000,
        "4" : 100.000000,
        "8" : 0.000000,
        "16" : 0.000000,
        "32" : 0.000000,
        "64" : 0.000000,
        ">=64" : 0.000000
      },
      "latency_ns" : {
        "2" : 0.000000,
        "4" : 0.000000,
        "10" : 0.000000,
        "20" : 0.000000,
        "50" : 0.000000,
        "100" : 0.000000,
        "250" : 0.000000,
        "500" : 0.000000,
        "750" : 0.000000,
        "1000" : 0.000000
      },
      "latency_us" : {
        "2" : 0.000000,
        "4" : 0.000000,
        "10" : 34.436661,
        "20" : 58.905121,
        "50" : 6.317439,
        "100" : 0.335016,
        "250" : 0.010000,
        "500" : 0.010000,
        "750" : 0.010000,
        "1000" : 0.000000
      },
      "latency_ms" : {
        "2" : 0.000000,
        "4" : 0.000000,
        "10" : 0.000000,
        "20" : 0.000000,
        "50" : 0.000000,
        "100" : 0.000000,
        "250" : 0.000000,
        "500" : 0.000000,
        "750" : 0.000000,
        "1000" : 0.000000,
        "2000" : 0.000000,
        ">=2000" : 0.000000
      },
      "latency_depth" : 1,
      "latency_target" : 0,
      "latency_percentile" : 100.000000,
      "latency_window" : 0
    }
  ]
}
