{
  "fio version" : "fio-3.36",
  "timestamp" : 1733186796,
  "timestamp_ms" : 1733186796010,
  "time" : "Tue Dec  3 00:46:36 2024",
  "jobs" : [
    {
      "jobname" : "rand_write_direct1_fsync1",
      "groupid" : 0,
      "job_start" : 1733186765989,
      "error" : 0,
      "eta" : 0,
      "elapsed" : 91,
      "job options" : {
        "name" : "rand_write_direct1_fsync1",
        "rw" : "randwrite",
        "direct" : "1",
        "bs" : "4k",
        "runtime" : "30",
        "ramp_time" : "60",
        "filename" : "/dev/sda",
        "iodepth" : "1",
        "numjobs" : "4",
        "fsync" : "1"
      },
      "read" : {
        "io_bytes" : 0,
        "io_kbytes" : 0,
        "bw_bytes" : 0,
        "bw" : 0,
        "iops" : 0.000000,
        "runtime" : 0,
        "total_ios" : 0,
        "short_ios" : 0,
        "drop_ios" : 0,
        "slat_ns" : {
          "min" : 0,
          "max" : 0,
          "mean" : 0.000000,
          "stddev" : 0.000000,
          "N" : 0
        },
        "clat_ns" : {
          "min" : 0,
          "max" : 0,
          "mean" : 0.000000,
          "stddev" : 0.000000,
          "N" : 0
        },
        "lat_ns" : {
          "min" : 0,
          "max" : 0,
          "mean" : 0.000000,
          "stddev" : 0.000000,
          "N" : 0
        },
        "bw_min" : 0,
        "bw_max" : 0,
        "bw_agg" : 0.000000,
        "bw_mean" : 0.000000,
        "bw_dev" : 0.000000,
        "bw_samples" : 0,
        "iops_min" : 0,
        "iops_max" : 0,
        "iops_mean" : 0.000000,
        "iops_stddev" : 0.000000,
        "iops_samples" : 0
      },
      "write" : {
        "io_bytes" : 446337024,
        "io_kbytes" : 435876,
        "bw_bytes" : 14877404,
        "bw" : 14528,
        "iops" : 3632.178927,
        "runtime" : 30001,
        "total_ios" : 108969,
        "short_ios" : 0,
        "drop_ios" : 0,
        "slat_ns" : {
          "min" : 0,
          "max" : 0,
          "mean" : 0.000000,
          "stddev" : 0.000000,
          "N" : 0
        },
        "clat_ns" : {
          "min" : 675212,
          "max" : 22221303,
          "mean" : 1098778.731190,
          "stddev" : 725847.722774,
          "N" : 108969,
          "percentile" : {
            "1.000000" : 757760,
            "5.000000" : 798720,
            "10.000000" : 823296,
            "20.000000" : 856064,
            "30.000000" : 880640,
            "40.000000" : 905216,
            "50.000000" : 937984,
            "60.000000" : 978944,
            "70.000000" : 1028096,
            "80.000000" : 1122304,
            "90.000000" : 1335296,
            "95.000000" : 1810432,
            "99.000000" : 4145152,
            "99.500000" : 5931008,
            "99.900000" : 10027008,
            "99.950000" : 12386304,
            "99.990000" : 16318464
          }
        },
        "lat_ns" : {
          "min" : 675312,
          "max" : 22221403,
          "mean" : 1098888.604108,
          "stddev" : 725849.585319,
          "N" : 108969
        },
        "bw_min" : 12154,
        "bw_max" : 17496,
        "bw_agg" : 100.000000,
        "bw_mean" : 14533.850000,
        "bw_dev" : 267.488131,
        "bw_samples" : 240,
        "iops_min" : 3037,
        "iops_max" : 4374,
        "iops_mean" : 3633.066667,
        "iops_stddev" : 66.921290,
        "iops_samples" : 240
      },
      "trim" : {
        "io_bytes" : 0,
        "io_kbytes" : 0,
        "bw_bytes" : 0,
        "bw" : 0,
        "iops" : 0.000000,
        "runtime" : 0,
        "total_ios" : 0,
        "short_ios" : 0,
        "drop_ios" : 0,
        "slat_ns" : {
          "min" : 0,
          "max" : 0,
          "mean" : 0.000000,
          "stddev" : 0.000000,
          "N" : 0
        },
        "clat_ns" : {
          "min" : 0,
          "max" : 0,
          "mean" : 0.000000,
          "stddev" : 0.000000,
          "N" : 0
        },
        "lat_ns" : {
          "min" : 0,
          "max" : 0,
          "mean" : 0.000000,
          "stddev" : 0.000000,
          "N" : 0
        },
        "bw_min" : 0,
        "bw_max" : 0,
        "bw_agg" : 0.000000,
        "bw_mean" : 0.000000,
        "bw_dev" : 0.000000,
        "bw_samples" : 0,
        "iops_min" : 0,
        "iops_max" : 0,
        "iops_mean" : 0.000000,
        "iops_stddev" : 0.000000,
        "iops_samples" : 0
      },
      "sync" : {
        "total_ios" : 108965,
        "lat_ns" : {
          "min" : 700,
          "max" : 84601,
          "mean" : 1112.979571,
          "stddev" : 1745.355484,
          "N" : 108965,
          "percentile" : {
            "1.000000" : 804,
            "5.000000" : 804,
            "10.000000" : 900,
            "20.000000" : 900,
            "30.000000" : 900,
            "40.000000" : 900,
            "50.000000" : 1004,
            "60.000000" : 1004,
            "70.000000" : 1096,
            "80.000000" : 1096,
            "90.000000" : 1208,
            "95.000000" : 1304,
            "99.000000" : 2416,
            "99.500000" : 3088,
            "99.900000" : 35584,
            "99.950000" : 37632,
            "99.990000" : 54016
          }
        }
      },
      "job_runtime" : 120000,
      "usr_cpu" : 0.604167,
      "sys_cpu" : 1.868333,
      "ctx" : 108970,
      "majf" : 0,
      "minf" : 147,
      "iodepth_level" : {
        "1" : 199.996329,
        "2" : 0.000000,
        "4" : 0.000000,
        "8" : 0.000000,
        "16" : 0.000000,
        "32" : 0.000000,
        ">=64" : 0.000000
      },
      "iodepth_submit" : {
        "0" : 0.000000,
        "4" : 100.000000,
        "8" : 0.000000,
        "16" : 0.000000,
        "32" : 0.000000,
        "64" : 0.000000,
        ">=64" : 0.000000
      },
      "iodepth_complete" : {
        "0" : 0.000000,
        "4" : 100.000000,
        "8" : 0.000000,
        "16" : 0.000000,
        "32" : 0.000000,
        "64" : 0.000000,
        ">=64" : 0.000000
      },
      "latency_ns" : {
        "2" : 0.000000,
        "4" : 0.000000,
        "10" : 0.000000,
        "20" : 0.000000,
        "50" : 0.000000,
        "100" : 0.000000,
        "250" : 0.000000,
        "500" : 0.000000,
        "750" : 0.000000,
        "1000" : 0.000000
      },
      "latency_us" : {
        "2" : 0.000000,
        "4" : 0.000000,
        "10" : 0.000000,
        "20" : 0.000000,
        "50" : 0.000000,
        "100" : 0.000000,
        "250" : 0.000000,
        "500" : 0.000000,
        "750" : 0.503813,
        "1000" : 63.846599
      },
      "latency_ms" : {
        "2" : 31.797117,
        "4" : 2.731970,
        "10" : 1.014050,
        "20" : 0.102782,
        "50" : 0.010000,
        "100" : 0.000000,
        "250" : 0.000000,
        "500" : 0.000000,
        "750" : 0.000000,
        "1000" : 0.000000,
        "2000" : 0.000000,
        ">=2000" : 0.000000
      },
      "latency_depth" : 1,
      "latency_target" : 0,
      "latency_percentile" : 100.000000,
      "latency_window" : 0
    }
  ],
  "disk_util" : [
    {
      "name" : "sda",
      "read_ios" : 34,
      "write_ios" : 325651,
      "read_sectors" : 1968,
      "write_sectors" : 2605208,
      "read_merges" : 0,
      "write_merges" : 0,
      "read_ticks" : 42,
      "write_ticks" : 350872,
      "in_queue" : 350914,
      "util" : 99.952256
    }
  ]
}
