{
  "fio version" : "fio-3.36",
  "timestamp" : 1733186615,
  "timestamp_ms" : 1733186615528,
  "time" : "Tue Dec  3 00:43:35 2024",
  "jobs" : [
    {
      "jobname" : "rand_write_direct1_fsync1",
      "groupid" : 0,
      "job_start" : 1733186585509,
      "error" : 0,
      "eta" : 0,
      "elapsed" : 91,
      "job options" : {
        "name" : "rand_write_direct1_fsync1",
        "rw" : "randwrite",
        "direct" : "1",
        "bs" : "4k",
        "runtime" : "30",
        "ramp_time" : "60",
        "filename" : "/dev/sda",
        "iodepth" : "1",
        "numjobs" : "1",
        "fsync" : "1"
      },
      "read" : {
        "io_bytes" : 0,
        "io_kbytes" : 0,
        "bw_bytes" : 0,
        "bw" : 0,
        "iops" : 0.000000,
        "runtime" : 0,
        "total_ios" : 0,
        "short_ios" : 0,
        "drop_ios" : 0,
        "slat_ns" : {
          "min" : 0,
          "max" : 0,
          "mean" : 0.000000,
          "stddev" : 0.000000,
          "N" : 0
        },
        "clat_ns" : {
          "min" : 0,
          "max" : 0,
          "mean" : 0.000000,
          "stddev" : 0.000000,
          "N" : 0
        },
        "lat_ns" : {
          "min" : 0,
          "max" : 0,
          "mean" : 0.000000,
          "stddev" : 0.000000,
          "N" : 0
        },
        "bw_min" : 0,
        "bw_max" : 0,
        "bw_agg" : 0.000000,
        "bw_mean" : 0.000000,
        "bw_dev" : 0.000000,
        "bw_samples" : 0,
        "iops_min" : 0,
        "iops_max" : 0,
        "iops_mean" : 0.000000,
        "iops_stddev" : 0.000000,
        "iops_samples" : 0
      },
      "write" : {
        "io_bytes" : 115187712,
        "io_kbytes" : 112488,
        "bw_bytes" : 3839334,
        "bw" : 3749,
        "iops" : 937.337511,
        "runtime" : 30002,
        "total_ios" : 28122,
        "short_ios" : 0,
        "drop_ios" : 0,
        "slat_ns" : {
          "min" : 0,
          "max" : 0,
          "mean" : 0.000000,
          "stddev" : 0.000000,
          "N" : 0
        },
        "clat_ns" : {
          "min" : 718706,
          "max" : 16174143,
          "mean" : 1064900.751547,
          "stddev" : 565372.989773,
          "N" : 28122,
          "percentile" : {
            "1.000000" : 790528,
            "5.000000" : 831488,
            "10.000000" : 847872,
            "20.000000" : 872448,
            "30.000000" : 897024,
            "40.000000" : 913408,
            "50.000000" : 937984,
            "60.000000" : 970752,
            "70.000000" : 1003520,
            "80.000000" : 1056768,
            "90.000000" : 1220608,
            "95.000000" : 1679360,
            "99.000000" : 3817472,
            "99.500000" : 5079040,
            "99.900000" : 7372800,
            "99.950000" : 8093696,
            "99.990000" : 10944512
          }
        },
        "lat_ns" : {
          "min" : 718806,
          "max" : 16174243,
          "mean" : 1064968.912062,
          "stddev" : 565375.148930,
          "N" : 28122
        },
        "bw_min" : 3160,
        "bw_max" : 4152,
        "bw_agg" : 100.000000,
        "bw_mean" : 3751.733333,
        "bw_dev" : 207.788425,
        "bw_samples" : 60,
        "iops_min" : 790,
        "iops_max" : 1038,
        "iops_mean" : 937.683333,
        "iops_stddev" : 51.958749,
        "iops_samples" : 60
      },
      "trim" : {
        "io_bytes" : 0,
        "io_kbytes" : 0,
        "bw_bytes" : 0,
        "bw" : 0,
        "iops" : 0.000000,
        "runtime" : 0,
        "total_ios" : 0,
        "short_ios" : 0,
        "drop_ios" : 0,
        "slat_ns" : {
          "min" : 0,
          "max" : 0,
          "mean" : 0.000000,
          "stddev" : 0.000000,
          "N" : 0
        },
        "clat_ns" : {
          "min" : 0,
          "max" : 0,
          "mean" : 0.000000,
          "stddev" : 0.000000,
          "N" : 0
        },
        "lat_ns" : {
          "min" : 0,
          "max" : 0,
          "mean" : 0.000000,
          "stddev" : 0.000000,
          "N" : 0
        },
        "bw_min" : 0,
        "bw_max" : 0,
        "bw_agg" : 0.000000,
        "bw_mean" : 0.000000,
        "bw_dev" : 0.000000,
        "bw_samples" : 0,
        "iops_min" : 0,
        "iops_max" : 0,
        "iops_mean" : 0.000000,
        "iops_stddev" : 0.000000,
        "iops_samples" : 0
      },
      "sync" : {
        "total_ios" : 28121,
        "lat_ns" : {
          "min" : 700,
          "max" : 47700,
          "mean" : 972.871626,
          "stddev" : 1086.249990,
          "N" : 28121,
          "percentile" : {
            "1.000000" : 804,
            "5.000000" : 804,
            "10.000000" : 804,
            "20.000000" : 900,
            "30.000000" : 900,
            "40.000000" : 900,
            "50.000000" : 900,
            "60.000000" : 900,
            "70.000000" : 900,
            "80.000000" : 1004,
            "90.000000" : 1004,
            "95.000000" : 1208,
            "99.000000" : 1400,
            "99.500000" : 1608,
            "99.900000" : 3408,
            "99.950000" : 35072,
            "99.990000" : 38656
          }
        }
      },
      "job_runtime" : 30001,
      "usr_cpu" : 0.466651,
      "sys_cpu" : 2.213260,
      "ctx" : 28122,
      "majf" : 0,
      "minf" : 36,
      "iodepth_level" : {
        "1" : 199.996444,
        "2" : 0.000000,
        "4" : 0.000000,
        "8" : 0.000000,
        "16" : 0.000000,
        "32" : 0.000000,
        ">=64" : 0.000000
      },
      "iodepth_submit" : {
        "0" : 0.000000,
        "4" : 100.000000,
        "8" : 0.000000,
        "16" : 0.000000,
        "32" : 0.000000,
        "64" : 0.000000,
        ">=64" : 0.000000
      },
      "iodepth_complete" : {
        "0" : 0.000000,
        "4" : 100.000000,
        "8" : 0.000000,
        "16" : 0.000000,
        "32" : 0.000000,
        "64" : 0.000000,
        ">=64" : 0.000000
      },
      "latency_ns" : {
        "2" : 0.000000,
        "4" : 0.000000,
        "10" : 0.000000,
        "20" : 0.000000,
        "50" : 0.000000,
        "100" : 0.000000,
        "250" : 0.000000,
        "500" : 0.000000,
        "750" : 0.000000,
        "1000" : 0.000000
      },
      "latency_us" : {
        "2" : 0.000000,
        "4" : 0.000000,
        "10" : 0.000000,
        "20" : 0.000000,
        "50" : 0.000000,
        "100" : 0.000000,
        "250" : 0.000000,
        "500" : 0.000000,
        "750" : 0.064007,
        "1000" : 69.034919
      },
      "latency_ms" : {
        "2" : 27.540715,
        "4" : 2.496266,
        "10" : 0.849868,
        "20" : 0.014224,
        "50" : 0.000000,
        "100" : 0.000000,
        "250" : 0.000000,
        "500" : 0.000000,
        "750" : 0.000000,
        "1000" : 0.000000,
        "2000" : 0.000000,
        ">=2000" : 0.000000
      },
      "latency_depth" : 1,
      "latency_target" : 0,
      "latency_percentile" : 100.000000,
      "latency_window" : 0
    }
  ],
  "disk_util" : [
    {
      "name" : "sda",
      "read_ios" : 35,
      "write_ios" : 85770,
      "read_sectors" : 1976,
      "write_sectors" : 686160,
      "read_merges" : 0,
      "write_merges" : 0,
      "read_ticks" : 47,
      "write_ticks" : 87609,
      "in_queue" : 87656,
      "util" : 95.999689
    }
  ]
}
