{
  "fio version" : "fio-3.36",
  "timestamp" : 1733283010,
  "timestamp_ms" : 1733283010999,
  "time" : "Wed Dec  4 03:30:10 2024",
  "jobs" : [
    {
      "jobname" : "randread_direct1_fsync0_threads_16_2a0f",
      "groupid" : 0,
      "job_start" : 1733282950982,
      "error" : 0,
      "eta" : 0,
      "elapsed" : 91,
      "job options" : {
        "name" : "randread_direct1_fsync0_threads_16_2a0f",
        "rw" : "randread",
        "direct" : "1",
        "filename" : "/dev/sda",
        "numjobs" : "16",
        "fsync" : "0",
        "bs" : "4k",
        "ramp_time" : "30",
        "runtime" : "60",
        "iodepth" : "1",
        "end_fsync" : "1"
      },
      "read" : {
        "io_bytes" : 1253462016,
        "io_kbytes" : 1224084,
        "bw_bytes" : 20890337,
        "bw" : 20400,
        "iops" : 5100.179994,
        "runtime" : 60002,
        "total_ios" : 306021,
        "short_ios" : 0,
        "drop_ios" : 0,
        "slat_ns" : {
          "min" : 0,
          "max" : 0,
          "mean" : 0.000000,
          "stddev" : 0.000000,
          "N" : 0
        },
        "clat_ns" : {
          "min" : 1117108,
          "max" : 43884617,
          "mean" : 3135549.800076,
          "stddev" : 5712045.754153,
          "N" : 306021,
          "percentile" : {
            "1.000000" : 1318912,
            "5.000000" : 1384448,
            "10.000000" : 1417216,
            "20.000000" : 1482752,
            "30.000000" : 1531904,
            "40.000000" : 1581056,
            "50.000000" : 1630208,
            "60.000000" : 1695744,
            "70.000000" : 1777664,
            "80.000000" : 1908736,
            "90.000000" : 2408448,
            "95.000000" : 21102592,
            "99.000000" : 25821184,
            "99.500000" : 37486592,
            "99.900000" : 41156608,
            "99.950000" : 41156608,
            "99.990000" : 42729472
          }
        },
        "lat_ns" : {
          "min" : 1117208,
          "max" : 43884717,
          "mean" : 3135696.114969,
          "stddev" : 5712040.394153,
          "N" : 306021
        },
        "bw_min" : 19314,
        "bw_max" : 21446,
        "bw_agg" : 100.000000,
        "bw_mean" : 20409.633333,
        "bw_dev" : 24.242810,
        "bw_samples" : 1920,
        "iops_min" : 4826,
        "iops_max" : 5360,
        "iops_mean" : 5100.016667,
        "iops_stddev" : 6.063380,
        "iops_samples" : 1920
      },
      "write" : {
        "io_bytes" : 0,
        "io_kbytes" : 0,
        "bw_bytes" : 0,
        "bw" : 0,
        "iops" : 0.000000,
        "runtime" : 0,
        "total_ios" : 0,
        "short_ios" : 0,
        "drop_ios" : 0,
        "slat_ns" : {
          "min" : 0,
          "max" : 0,
          "mean" : 0.000000,
          "stddev" : 0.000000,
          "N" : 0
        },
        "clat_ns" : {
          "min" : 0,
          "max" : 0,
          "mean" : 0.000000,
          "stddev" : 0.000000,
          "N" : 0
        },
        "lat_ns" : {
          "min" : 0,
          "max" : 0,
          "mean" : 0.000000,
          "stddev" : 0.000000,
          "N" : 0
        },
        "bw_min" : 0,
        "bw_max" : 0,
        "bw_agg" : 0.000000,
        "bw_mean" : 0.000000,
        "bw_dev" : 0.000000,
        "bw_samples" : 0,
        "iops_min" : 0,
        "iops_max" : 0,
        "iops_mean" : 0.000000,
        "iops_stddev" : 0.000000,
        "iops_samples" : 0
      },
      "trim" : {
        "io_bytes" : 0,
        "io_kbytes" : 0,
        "bw_bytes" : 0,
        "bw" : 0,
        "iops" : 0.000000,
        "runtime" : 0,
        "total_ios" : 0,
        "short_ios" : 0,
        "drop_ios" : 0,
        "slat_ns" : {
          "min" : 0,
          "max" : 0,
          "mean" : 0.000000,
          "stddev" : 0.000000,
          "N" : 0
        },
        "clat_ns" : {
          "min" : 0,
          "max" : 0,
          "mean" : 0.000000,
          "stddev" : 0.000000,
          "N" : 0
        },
        "lat_ns" : {
          "min" : 0,
          "max" : 0,
          "mean" : 0.000000,
          "stddev" : 0.000000,
          "N" : 0
        },
        "bw_min" : 0,
        "bw_max" : 0,
        "bw_agg" : 0.000000,
        "bw_mean" : 0.000000,
        "bw_dev" : 0.000000,
        "bw_samples" : 0,
        "iops_min" : 0,
        "iops_max" : 0,
        "iops_mean" : 0.000000,
        "iops_stddev" : 0.000000,
        "iops_samples" : 0
      },
      "sync" : {
        "total_ios" : 0,
        "lat_ns" : {
          "min" : 0,
          "max" : 0,
          "mean" : 0.000000,
          "stddev" : 0.000000,
          "N" : 0
        }
      },
      "job_runtime" : 960004,
      "usr_cpu" : 0.229791,
      "sys_cpu" : 0.801976,
      "ctx" : 306034,
      "majf" : 0,
      "minf" : 582,
      "iodepth_level" : {
        "1" : 100.000000,
        "2" : 0.000000,
        "4" : 0.000000,
        "8" : 0.000000,
        "16" : 0.000000,
        "32" : 0.000000,
        ">=64" : 0.000000
      },
      "iodepth_submit" : {
        "0" : 0.000000,
        "4" : 100.000000,
        "8" : 0.000000,
        "16" : 0.000000,
        "32" : 0.000000,
        "64" : 0.000000,
        ">=64" : 0.000000
      },
      "iodepth_complete" : {
        "0" : 0.000000,
        "4" : 100.000000,
        "8" : 0.000000,
        "16" : 0.000000,
        "32" : 0.000000,
        "64" : 0.000000,
        ">=64" : 0.000000
      },
      "latency_ns" : {
        "2" : 0.000000,
        "4" : 0.000000,
        "10" : 0.000000,
        "20" : 0.000000,
        "50" : 0.000000,
        "100" : 0.000000,
        "250" : 0.000000,
        "500" : 0.000000,
        "750" : 0.000000,
        "1000" : 0.000000
      },
      "latency_us" : {
        "2" : 0.000000,
        "4" : 0.000000,
        "10" : 0.000000,
        "20" : 0.000000,
        "50" : 0.000000,
        "100" : 0.000000,
        "250" : 0.000000,
        "500" : 0.000000,
        "750" : 0.000000,
        "1000" : 0.000000
      },
      "latency_ms" : {
        "2" : 83.655043,
        "4" : 9.411119,
        "10" : 0.656164,
        "20" : 0.730015,
        "50" : 5.547658,
        "100" : 0.000000,
        "250" : 0.000000,
        "500" : 0.000000,
        "750" : 0.000000,
        "1000" : 0.000000,
        "2000" : 0.000000,
        ">=2000" : 0.000000
      },
      "latency_depth" : 1,
      "latency_target" : 0,
      "latency_percentile" : 100.000000,
      "latency_window" : 0
    }
  ],
  "disk_util" : [
    {
      "name" : "sda",
      "read_ios" : 461651,
      "write_ios" : 0,
      "read_sectors" : 3693208,
      "write_sectors" : 0,
      "read_merges" : 0,
      "write_merges" : 0,
      "read_ticks" : 1423679,
      "write_ticks" : 0,
      "in_queue" : 1423680,
      "util" : 99.916751
    }
  ]
}
