{
  "fio version" : "fio-3.36",
  "timestamp" : 1733280313,
  "timestamp_ms" : 1733280313996,
  "time" : "Wed Dec  4 02:45:13 2024",
  "jobs" : [
    {
      "jobname" : "write_direct0_fsync1_threads_1_925d",
      "groupid" : 0,
      "job_start" : 1733280253927,
      "error" : 0,
      "eta" : 0,
      "elapsed" : 91,
      "job options" : {
        "name" : "write_direct0_fsync1_threads_1_925d",
        "rw" : "write",
        "direct" : "0",
        "filename" : "/dev/sda",
        "numjobs" : "1",
        "fsync" : "1",
        "bs" : "4k",
        "ramp_time" : "30",
        "runtime" : "60",
        "iodepth" : "1",
        "end_fsync" : "1"
      },
      "read" : {
        "io_bytes" : 0,
        "io_kbytes" : 0,
        "bw_bytes" : 0,
        "bw" : 0,
        "iops" : 0.000000,
        "runtime" : 0,
        "total_ios" : 0,
        "short_ios" : 0,
        "drop_ios" : 0,
        "slat_ns" : {
          "min" : 0,
          "max" : 0,
          "mean" : 0.000000,
          "stddev" : 0.000000,
          "N" : 0
        },
        "clat_ns" : {
          "min" : 0,
          "max" : 0,
          "mean" : 0.000000,
          "stddev" : 0.000000,
          "N" : 0
        },
        "lat_ns" : {
          "min" : 0,
          "max" : 0,
          "mean" : 0.000000,
          "stddev" : 0.000000,
          "N" : 0
        },
        "bw_min" : 0,
        "bw_max" : 0,
        "bw_agg" : 0.000000,
        "bw_mean" : 0.000000,
        "bw_dev" : 0.000000,
        "bw_samples" : 0,
        "iops_min" : 0,
        "iops_max" : 0,
        "iops_mean" : 0.000000,
        "iops_stddev" : 0.000000,
        "iops_samples" : 0
      },
      "write" : {
        "io_bytes" : 231649280,
        "io_kbytes" : 226220,
        "bw_bytes" : 3860756,
        "bw" : 3770,
        "iops" : 942.567624,
        "runtime" : 60001,
        "total_ios" : 56555,
        "short_ios" : 0,
        "drop_ios" : 0,
        "slat_ns" : {
          "min" : 0,
          "max" : 0,
          "mean" : 0.000000,
          "stddev" : 0.000000,
          "N" : 0
        },
        "clat_ns" : {
          "min" : 3700,
          "max" : 194701,
          "mean" : 4825.481036,
          "stddev" : 3325.039713,
          "N" : 56555,
          "percentile" : {
            "1.000000" : 3888,
            "5.000000" : 4016,
            "10.000000" : 4016,
            "20.000000" : 4128,
            "30.000000" : 4192,
            "40.000000" : 4192,
            "50.000000" : 4320,
            "60.000000" : 4512,
            "70.000000" : 4704,
            "80.000000" : 4832,
            "90.000000" : 5280,
            "95.000000" : 6112,
            "99.000000" : 10944,
            "99.500000" : 39168,
            "99.900000" : 47872,
            "99.950000" : 55552,
            "99.990000" : 74240
          }
        },
        "lat_ns" : {
          "min" : 3800,
          "max" : 194901,
          "mean" : 4967.704659,
          "stddev" : 3379.056804,
          "N" : 56555
        },
        "bw_min" : 2712,
        "bw_max" : 4208,
        "bw_agg" : 100.000000,
        "bw_mean" : 3772.739496,
        "bw_dev" : 251.009570,
        "bw_samples" : 119,
        "iops_min" : 678,
        "iops_max" : 1052,
        "iops_mean" : 942.991597,
        "iops_stddev" : 62.755038,
        "iops_samples" : 119
      },
      "trim" : {
        "io_bytes" : 0,
        "io_kbytes" : 0,
        "bw_bytes" : 0,
        "bw" : 0,
        "iops" : 0.000000,
        "runtime" : 0,
        "total_ios" : 0,
        "short_ios" : 0,
        "drop_ios" : 0,
        "slat_ns" : {
          "min" : 0,
          "max" : 0,
          "mean" : 0.000000,
          "stddev" : 0.000000,
          "N" : 0
        },
        "clat_ns" : {
          "min" : 0,
          "max" : 0,
          "mean" : 0.000000,
          "stddev" : 0.000000,
          "N" : 0
        },
        "lat_ns" : {
          "min" : 0,
          "max" : 0,
          "mean" : 0.000000,
          "stddev" : 0.000000,
          "N" : 0
        },
        "bw_min" : 0,
        "bw_max" : 0,
        "bw_agg" : 0.000000,
        "bw_mean" : 0.000000,
        "bw_dev" : 0.000000,
        "bw_samples" : 0,
        "iops_min" : 0,
        "iops_max" : 0,
        "iops_mean" : 0.000000,
        "iops_stddev" : 0.000000,
        "iops_samples" : 0
      },
      "sync" : {
        "total_ios" : 56555,
        "lat_ns" : {
          "min" : 722405,
          "max" : 23200865,
          "mean" : 1055117.958377,
          "stddev" : 566135.702441,
          "N" : 56555,
          "percentile" : {
            "1.000000" : 798720,
            "5.000000" : 831488,
            "10.000000" : 847872,
            "20.000000" : 880640,
            "30.000000" : 905216,
            "40.000000" : 929792,
            "50.000000" : 954368,
            "60.000000" : 987136,
            "70.000000" : 1028096,
            "80.000000" : 1105920,
            "90.000000" : 1253376,
            "95.000000" : 1466368,
            "99.000000" : 2736128,
            "99.500000" : 3883008,
            "99.900000" : 9502720,
            "99.950000" : 12779520,
            "99.990000" : 16908288
          }
        }
      },
      "job_runtime" : 60000,
      "usr_cpu" : 0.478333,
      "sys_cpu" : 2.945000,
      "ctx" : 56555,
      "majf" : 0,
      "minf" : 36,
      "iodepth_level" : {
        "1" : 200.000000,
        "2" : 0.000000,
        "4" : 0.000000,
        "8" : 0.000000,
        "16" : 0.000000,
        "32" : 0.000000,
        ">=64" : 0.000000
      },
      "iodepth_submit" : {
        "0" : 0.000000,
        "4" : 100.000000,
        "8" : 0.000000,
        "16" : 0.000000,
        "32" : 0.000000,
        "64" : 0.000000,
        ">=64" : 0.000000
      },
      "iodepth_complete" : {
        "0" : 0.000000,
        "4" : 100.000000,
        "8" : 0.000000,
        "16" : 0.000000,
        "32" : 0.000000,
        "64" : 0.000000,
        ">=64" : 0.000000
      },
      "latency_ns" : {
        "2" : 0.000000,
        "4" : 0.000000,
        "10" : 0.000000,
        "20" : 0.000000,
        "50" : 0.000000,
        "100" : 0.000000,
        "250" : 0.000000,
        "500" : 0.000000,
        "750" : 0.000000,
        "1000" : 0.000000
      },
      "latency_us" : {
        "2" : 0.000000,
        "4" : 2.795509,
        "10" : 96.033949,
        "20" : 0.548139,
        "50" : 0.537530,
        "100" : 0.083105,
        "250" : 0.010000,
        "500" : 0.000000,
        "750" : 0.000000,
        "1000" : 0.000000
      },
      "latency_ms" : {
        "2" : 0.000000,
        "4" : 0.000000,
        "10" : 0.000000,
        "20" : 0.000000,
        "50" : 0.000000,
        "100" : 0.000000,
        "250" : 0.000000,
        "500" : 0.000000,
        "750" : 0.000000,
        "1000" : 0.000000,
        "2000" : 0.000000,
        ">=2000" : 0.000000
      },
      "latency_depth" : 1,
      "latency_target" : 0,
      "latency_percentile" : 100.000000,
      "latency_window" : 0
    }
  ],
  "disk_util" : [
    {
      "name" : "sda",
      "read_ios" : 45,
      "write_ios" : 85292,
      "read_sectors" : 2056,
      "write_sectors" : 682336,
      "read_merges" : 0,
      "write_merges" : 0,
      "read_ticks" : 71,
      "write_ticks" : 86813,
      "in_queue" : 86884,
      "util" : 94.897323
    }
  ]
}
