{
  "fio version" : "fio-3.36",
  "timestamp" : 1733186886,
  "timestamp_ms" : 1733186886256,
  "time" : "Tue Dec  3 00:48:06 2024",
  "jobs" : [
    {
      "jobname" : "rand_write_direct1_fsync1",
      "groupid" : 0,
      "job_start" : 1733186856236,
      "error" : 0,
      "eta" : 0,
      "elapsed" : 91,
      "job options" : {
        "name" : "rand_write_direct1_fsync1",
        "rw" : "randwrite",
        "direct" : "1",
        "bs" : "4k",
        "runtime" : "30",
        "ramp_time" : "60",
        "filename" : "/dev/sda",
        "iodepth" : "1",
        "numjobs" : "8",
        "fsync" : "1"
      },
      "read" : {
        "io_bytes" : 0,
        "io_kbytes" : 0,
        "bw_bytes" : 0,
        "bw" : 0,
        "iops" : 0.000000,
        "runtime" : 0,
        "total_ios" : 0,
        "short_ios" : 0,
        "drop_ios" : 0,
        "slat_ns" : {
          "min" : 0,
          "max" : 0,
          "mean" : 0.000000,
          "stddev" : 0.000000,
          "N" : 0
        },
        "clat_ns" : {
          "min" : 0,
          "max" : 0,
          "mean" : 0.000000,
          "stddev" : 0.000000,
          "N" : 0
        },
        "lat_ns" : {
          "min" : 0,
          "max" : 0,
          "mean" : 0.000000,
          "stddev" : 0.000000,
          "N" : 0
        },
        "bw_min" : 0,
        "bw_max" : 0,
        "bw_agg" : 0.000000,
        "bw_mean" : 0.000000,
        "bw_dev" : 0.000000,
        "bw_samples" : 0,
        "iops_min" : 0,
        "iops_max" : 0,
        "iops_mean" : 0.000000,
        "iops_stddev" : 0.000000,
        "iops_samples" : 0
      },
      "write" : {
        "io_bytes" : 626888704,
        "io_kbytes" : 612196,
        "bw_bytes" : 20895593,
        "bw" : 20405,
        "iops" : 5101.463285,
        "runtime" : 30001,
        "total_ios" : 153049,
        "short_ios" : 0,
        "drop_ios" : 0,
        "slat_ns" : {
          "min" : 0,
          "max" : 0,
          "mean" : 0.000000,
          "stddev" : 0.000000,
          "N" : 0
        },
        "clat_ns" : {
          "min" : 707708,
          "max" : 36033609,
          "mean" : 1565358.473051,
          "stddev" : 2498737.801308,
          "N" : 153049,
          "percentile" : {
            "1.000000" : 790528,
            "5.000000" : 839680,
            "10.000000" : 872448,
            "20.000000" : 921600,
            "30.000000" : 962560,
            "40.000000" : 1003520,
            "50.000000" : 1056768,
            "60.000000" : 1105920,
            "70.000000" : 1187840,
            "80.000000" : 1318912,
            "90.000000" : 1761280,
            "95.000000" : 2867200,
            "99.000000" : 15400960,
            "99.500000" : 18219008,
            "99.900000" : 30277632,
            "99.950000" : 31588352,
            "99.990000" : 34340864
          }
        },
        "lat_ns" : {
          "min" : 707708,
          "max" : 36033709,
          "mean" : 1565448.488373,
          "stddev" : 2498737.331712,
          "N" : 153049
        },
        "bw_min" : 19040,
        "bw_max" : 21792,
        "bw_agg" : 100.000000,
        "bw_mean" : 20419.423729,
        "bw_dev" : 56.738201,
        "bw_samples" : 472,
        "iops_min" : 4760,
        "iops_max" : 5448,
        "iops_mean" : 5104.491525,
        "iops_stddev" : 14.179400,
        "iops_samples" : 472
      },
      "trim" : {
        "io_bytes" : 0,
        "io_kbytes" : 0,
        "bw_bytes" : 0,
        "bw" : 0,
        "iops" : 0.000000,
        "runtime" : 0,
        "total_ios" : 0,
        "short_ios" : 0,
        "drop_ios" : 0,
        "slat_ns" : {
          "min" : 0,
          "max" : 0,
          "mean" : 0.000000,
          "stddev" : 0.000000,
          "N" : 0
        },
        "clat_ns" : {
          "min" : 0,
          "max" : 0,
          "mean" : 0.000000,
          "stddev" : 0.000000,
          "N" : 0
        },
        "lat_ns" : {
          "min" : 0,
          "max" : 0,
          "mean" : 0.000000,
          "stddev" : 0.000000,
          "N" : 0
        },
        "bw_min" : 0,
        "bw_max" : 0,
        "bw_agg" : 0.000000,
        "bw_mean" : 0.000000,
        "bw_dev" : 0.000000,
        "bw_samples" : 0,
        "iops_min" : 0,
        "iops_max" : 0,
        "iops_mean" : 0.000000,
        "iops_stddev" : 0.000000,
        "iops_samples" : 0
      },
      "sync" : {
        "total_ios" : 153041,
        "lat_ns" : {
          "min" : 700,
          "max" : 101701,
          "mean" : 1241.715802,
          "stddev" : 1842.488071,
          "N" : 153041,
          "percentile" : {
            "1.000000" : 804,
            "5.000000" : 804,
            "10.000000" : 804,
            "20.000000" : 900,
            "30.000000" : 900,
            "40.000000" : 1004,
            "50.000000" : 1096,
            "60.000000" : 1096,
            "70.000000" : 1096,
            "80.000000" : 1208,
            "90.000000" : 1608,
            "95.000000" : 2008,
            "99.000000" : 2992,
            "99.500000" : 4704,
            "99.900000" : 35584,
            "99.950000" : 40192,
            "99.990000" : 55552
          }
        }
      },
      "job_runtime" : 240000,
      "usr_cpu" : 0.431667,
      "sys_cpu" : 1.487500,
      "ctx" : 153050,
      "majf" : 0,
      "minf" : 292,
      "iodepth_level" : {
        "1" : 199.994773,
        "2" : 0.000000,
        "4" : 0.000000,
        "8" : 0.000000,
        "16" : 0.000000,
        "32" : 0.000000,
        ">=64" : 0.000000
      },
      "iodepth_submit" : {
        "0" : 0.000000,
        "4" : 100.000000,
        "8" : 0.000000,
        "16" : 0.000000,
        "32" : 0.000000,
        "64" : 0.000000,
        ">=64" : 0.000000
      },
      "iodepth_complete" : {
        "0" : 0.000000,
        "4" : 100.000000,
        "8" : 0.000000,
        "16" : 0.000000,
        "32" : 0.000000,
        "64" : 0.000000,
        ">=64" : 0.000000
      },
      "latency_ns" : {
        "2" : 0.000000,
        "4" : 0.000000,
        "10" : 0.000000,
        "20" : 0.000000,
        "50" : 0.000000,
        "100" : 0.000000,
        "250" : 0.000000,
        "500" : 0.000000,
        "750" : 0.000000,
        "1000" : 0.000000
      },
      "latency_us" : {
        "2" : 0.000000,
        "4" : 0.000000,
        "10" : 0.000000,
        "20" : 0.000000,
        "50" : 0.000000,
        "100" : 0.000000,
        "250" : 0.000000,
        "500" : 0.000000,
        "750" : 0.094741,
        "1000" : 38.709825
      },
      "latency_ms" : {
        "2" : 53.465883,
        "4" : 4.035309,
        "10" : 1.623010,
        "20" : 1.660906,
        "50" : 0.410326,
        "100" : 0.000000,
        "250" : 0.000000,
        "500" : 0.000000,
        "750" : 0.000000,
        "1000" : 0.000000,
        "2000" : 0.000000,
        ">=2000" : 0.000000
      },
      "latency_depth" : 1,
      "latency_target" : 0,
      "latency_percentile" : 100.000000,
      "latency_window" : 0
    }
  ],
  "disk_util" : [
    {
      "name" : "sda",
      "read_ios" : 48,
      "write_ios" : 461610,
      "read_sectors" : 2080,
      "write_sectors" : 3692880,
      "read_merges" : 0,
      "write_merges" : 0,
      "read_ticks" : 72,
      "write_ticks" : 705380,
      "in_queue" : 705453,
      "util" : 99.975575
    }
  ]
}
