{
  "fio version" : "fio-3.36",
  "timestamp" : 1733285452,
  "timestamp_ms" : 1733285452200,
  "time" : "Wed Dec  4 04:10:52 2024",
  "jobs" : [
    {
      "jobname" : "8",
      "groupid" : 0,
      "job_start" : 1733285391586,
      "error" : 0,
      "eta" : 0,
      "elapsed" : 91,
      "job options" : {
        "name" : "8",
        "rw" : "read",
        "direct" : "0",
        "filename" : "/dev/sda",
        "numjobs" : "8",
        "fsync" : "0",
        "bs" : "4k",
        "ramp_time" : "30",
        "runtime" : "60",
        "iodepth" : "1",
        "end_fsync" : "1"
      },
      "read" : {
        "io_bytes" : 32176320512,
        "io_kbytes" : 31422188,
        "bw_bytes" : 536254133,
        "bw" : 523685,
        "iops" : 130921.419286,
        "runtime" : 60002,
        "total_ios" : 7855547,
        "short_ios" : 0,
        "drop_ios" : 0,
        "slat_ns" : {
          "min" : 0,
          "max" : 0,
          "mean" : 0.000000,
          "stddev" : 0.000000,
          "N" : 0
        },
        "clat_ns" : {
          "min" : 700,
          "max" : 52126904,
          "mean" : 60698.493915,
          "stddev" : 263770.834109,
          "N" : 7855547,
          "percentile" : {
            "1.000000" : 700,
            "5.000000" : 700,
            "10.000000" : 804,
            "20.000000" : 804,
            "30.000000" : 900,
            "40.000000" : 1004,
            "50.000000" : 1096,
            "60.000000" : 1304,
            "70.000000" : 78336,
            "80.000000" : 104960,
            "90.000000" : 110080,
            "95.000000" : 121344,
            "99.000000" : 1466368,
            "99.500000" : 1990656,
            "99.900000" : 2736128,
            "99.950000" : 3293184,
            "99.990000" : 6324224
          }
        },
        "lat_ns" : {
          "min" : 700,
          "max" : 52127004,
          "mean" : 60755.778208,
          "stddev" : 263775.806373,
          "N" : 7855547
        },
        "bw_min" : 400072,
        "bw_max" : 827504,
        "bw_agg" : 100.000000,
        "bw_mean" : 523985.428571,
        "bw_dev" : 9262.616766,
        "bw_samples" : 952,
        "iops_min" : 100018,
        "iops_max" : 206876,
        "iops_mean" : 130995.378151,
        "iops_stddev" : 2315.666289,
        "iops_samples" : 952
      },
      "write" : {
        "io_bytes" : 0,
        "io_kbytes" : 0,
        "bw_bytes" : 0,
        "bw" : 0,
        "iops" : 0.000000,
        "runtime" : 0,
        "total_ios" : 0,
        "short_ios" : 0,
        "drop_ios" : 0,
        "slat_ns" : {
          "min" : 0,
          "max" : 0,
          "mean" : 0.000000,
          "stddev" : 0.000000,
          "N" : 0
        },
        "clat_ns" : {
          "min" : 0,
          "max" : 0,
          "mean" : 0.000000,
          "stddev" : 0.000000,
          "N" : 0
        },
        "lat_ns" : {
          "min" : 0,
          "max" : 0,
          "mean" : 0.000000,
          "stddev" : 0.000000,
          "N" : 0
        },
        "bw_min" : 0,
        "bw_max" : 0,
        "bw_agg" : 0.000000,
        "bw_mean" : 0.000000,
        "bw_dev" : 0.000000,
        "bw_samples" : 0,
        "iops_min" : 0,
        "iops_max" : 0,
        "iops_mean" : 0.000000,
        "iops_stddev" : 0.000000,
        "iops_samples" : 0
      },
      "trim" : {
        "io_bytes" : 0,
        "io_kbytes" : 0,
        "bw_bytes" : 0,
        "bw" : 0,
        "iops" : 0.000000,
        "runtime" : 0,
        "total_ios" : 0,
        "short_ios" : 0,
        "drop_ios" : 0,
        "slat_ns" : {
          "min" : 0,
          "max" : 0,
          "mean" : 0.000000,
          "stddev" : 0.000000,
          "N" : 0
        },
        "clat_ns" : {
          "min" : 0,
          "max" : 0,
          "mean" : 0.000000,
          "stddev" : 0.000000,
          "N" : 0
        },
        "lat_ns" : {
          "min" : 0,
          "max" : 0,
          "mean" : 0.000000,
          "stddev" : 0.000000,
          "N" : 0
        },
        "bw_min" : 0,
        "bw_max" : 0,
        "bw_agg" : 0.000000,
        "bw_mean" : 0.000000,
        "bw_dev" : 0.000000,
        "bw_samples" : 0,
        "iops_min" : 0,
        "iops_max" : 0,
        "iops_mean" : 0.000000,
        "iops_stddev" : 0.000000,
        "iops_samples" : 0
      },
      "sync" : {
        "total_ios" : 0,
        "lat_ns" : {
          "min" : 0,
          "max" : 0,
          "mean" : 0.000000,
          "stddev" : 0.000000,
          "N" : 0
        }
      },
      "job_runtime" : 480001,
      "usr_cpu" : 3.808742,
      "sys_cpu" : 10.264979,
      "ctx" : 2594908,
      "majf" : 0,
      "minf" : 291,
      "iodepth_level" : {
        "1" : 100.000000,
        "2" : 0.000000,
        "4" : 0.000000,
        "8" : 0.000000,
        "16" : 0.000000,
        "32" : 0.000000,
        ">=64" : 0.000000
      },
      "iodepth_submit" : {
        "0" : 0.000000,
        "4" : 100.000000,
        "8" : 0.000000,
        "16" : 0.000000,
        "32" : 0.000000,
        "64" : 0.000000,
        ">=64" : 0.000000
      },
      "iodepth_complete" : {
        "0" : 0.000000,
        "4" : 100.000000,
        "8" : 0.000000,
        "16" : 0.000000,
        "32" : 0.000000,
        "64" : 0.000000,
        ">=64" : 0.000000
      },
      "latency_ns" : {
        "2" : 0.000000,
        "4" : 0.000000,
        "10" : 0.000000,
        "20" : 0.000000,
        "50" : 0.000000,
        "100" : 0.000000,
        "250" : 0.000000,
        "500" : 0.000000,
        "750" : 5.281109,
        "1000" : 30.759691
      },
      "latency_us" : {
        "2" : 28.386871,
        "4" : 2.273209,
        "10" : 0.032308,
        "20" : 0.010000,
        "50" : 0.298031,
        "100" : 9.475101,
        "250" : 21.944099,
        "500" : 0.107886,
        "750" : 0.062682,
        "1000" : 0.043905
      },
      "latency_ms" : {
        "2" : 0.834239,
        "4" : 0.466282,
        "10" : 0.027369,
        "20" : 0.010000,
        "50" : 0.010000,
        "100" : 0.010000,
        "250" : 0.000000,
        "500" : 0.000000,
        "750" : 0.000000,
        "1000" : 0.000000,
        "2000" : 0.000000,
        ">=2000" : 0.000000
      },
      "latency_depth" : 1,
      "latency_target" : 0,
      "latency_percentile" : 100.000000,
      "latency_window" : 0
    }
  ],
  "disk_util" : [
    {
      "name" : "sda",
      "read_ios" : 53274,
      "write_ios" : 0,
      "read_sectors" : 11790168,
      "write_sectors" : 0,
      "read_merges" : 0,
      "write_merges" : 0,
      "read_ticks" : 162735,
      "write_ticks" : 0,
      "in_queue" : 162735,
      "util" : 99.465509
    }
  ]
}