{
  "fio version" : "fio-3.36",
  "timestamp" : 1733182965,
  "timestamp_ms" : 1733182965267,
  "time" : "Mon Dec  2 23:42:45 2024",
  "jobs" : [
    {
      "jobname" : "seq_read_direct1_fsync0",
      "groupid" : 0,
      "job_start" : 1733182935253,
      "error" : 0,
      "eta" : 0,
      "elapsed" : 91,
      "job options" : {
        "name" : "seq_read_direct1_fsync0",
        "rw" : "read",
        "direct" : "1",
        "bs" : "4k",
        "runtime" : "30",
        "ramp_time" : "60",
        "filename" : "/dev/sda",
        "iodepth" : "1",
        "numjobs" : "8"
      },
      "read" : {
        "io_bytes" : 633040896,
        "io_kbytes" : 618204,
        "bw_bytes" : 21100659,
        "bw" : 20606,
        "iops" : 5151.528282,
        "runtime" : 30001,
        "total_ios" : 154551,
        "short_ios" : 0,
        "drop_ios" : 0,
        "slat_ns" : {
          "min" : 0,
          "max" : 0,
          "mean" : 0.000000,
          "stddev" : 0.000000,
          "N" : 0
        },
        "clat_ns" : {
          "min" : 745608,
          "max" : 32852768,
          "mean" : 1552123.850192,
          "stddev" : 2379330.486261,
          "N" : 154551,
          "percentile" : {
            "1.000000" : 856064,
            "5.000000" : 913408,
            "10.000000" : 954368,
            "20.000000" : 1011712,
            "30.000000" : 1056768,
            "40.000000" : 1105920,
            "50.000000" : 1138688,
            "60.000000" : 1171456,
            "70.000000" : 1220608,
            "80.000000" : 1286144,
            "90.000000" : 1417216,
            "95.000000" : 1925120,
            "99.000000" : 13565952,
            "99.500000" : 16908288,
            "99.900000" : 29229056,
            "99.950000" : 30015488,
            "99.990000" : 31588352
          }
        },
        "lat_ns" : {
          "min" : 745708,
          "max" : 32852868,
          "mean" : 1552211.464973,
          "stddev" : 2379328.232658,
          "N" : 154551
        },
        "bw_min" : 19632,
        "bw_max" : 26536,
        "bw_agg" : 100.000000,
        "bw_mean" : 20618.212712,
        "bw_dev" : 123.422895,
        "bw_samples" : 476,
        "iops_min" : 4908,
        "iops_max" : 6634,
        "iops_mean" : 5154.036441,
        "iops_stddev" : 30.866208,
        "iops_samples" : 476
      },
      "write" : {
        "io_bytes" : 0,
        "io_kbytes" : 0,
        "bw_bytes" : 0,
        "bw" : 0,
        "iops" : 0.000000,
        "runtime" : 0,
        "total_ios" : 0,
        "short_ios" : 0,
        "drop_ios" : 0,
        "slat_ns" : {
          "min" : 0,
          "max" : 0,
          "mean" : 0.000000,
          "stddev" : 0.000000,
          "N" : 0
        },
        "clat_ns" : {
          "min" : 0,
          "max" : 0,
          "mean" : 0.000000,
          "stddev" : 0.000000,
          "N" : 0
        },
        "lat_ns" : {
          "min" : 0,
          "max" : 0,
          "mean" : 0.000000,
          "stddev" : 0.000000,
          "N" : 0
        },
        "bw_min" : 0,
        "bw_max" : 0,
        "bw_agg" : 0.000000,
        "bw_mean" : 0.000000,
        "bw_dev" : 0.000000,
        "bw_samples" : 0,
        "iops_min" : 0,
        "iops_max" : 0,
        "iops_mean" : 0.000000,
        "iops_stddev" : 0.000000,
        "iops_samples" : 0
      },
      "trim" : {
        "io_bytes" : 0,
        "io_kbytes" : 0,
        "bw_bytes" : 0,
        "bw" : 0,
        "iops" : 0.000000,
        "runtime" : 0,
        "total_ios" : 0,
        "short_ios" : 0,
        "drop_ios" : 0,
        "slat_ns" : {
          "min" : 0,
          "max" : 0,
          "mean" : 0.000000,
          "stddev" : 0.000000,
          "N" : 0
        },
        "clat_ns" : {
          "min" : 0,
          "max" : 0,
          "mean" : 0.000000,
          "stddev" : 0.000000,
          "N" : 0
        },
        "lat_ns" : {
          "min" : 0,
          "max" : 0,
          "mean" : 0.000000,
          "stddev" : 0.000000,
          "N" : 0
        },
        "bw_min" : 0,
        "bw_max" : 0,
        "bw_agg" : 0.000000,
        "bw_mean" : 0.000000,
        "bw_dev" : 0.000000,
        "bw_samples" : 0,
        "iops_min" : 0,
        "iops_max" : 0,
        "iops_mean" : 0.000000,
        "iops_stddev" : 0.000000,
        "iops_samples" : 0
      },
      "sync" : {
        "total_ios" : 0,
        "lat_ns" : {
          "min" : 0,
          "max" : 0,
          "mean" : 0.000000,
          "stddev" : 0.000000,
          "N" : 0
        }
      },
      "job_runtime" : 240000,
      "usr_cpu" : 0.305000,
      "sys_cpu" : 1.522917,
      "ctx" : 154554,
      "majf" : 0,
      "minf" : 291,
      "iodepth_level" : {
        "1" : 100.000000,
        "2" : 0.000000,
        "4" : 0.000000,
        "8" : 0.000000,
        "16" : 0.000000,
        "32" : 0.000000,
        ">=64" : 0.000000
      },
      "iodepth_submit" : {
        "0" : 0.000000,
        "4" : 100.000000,
        "8" : 0.000000,
        "16" : 0.000000,
        "32" : 0.000000,
        "64" : 0.000000,
        ">=64" : 0.000000
      },
      "iodepth_complete" : {
        "0" : 0.000000,
        "4" : 100.000000,
        "8" : 0.000000,
        "16" : 0.000000,
        "32" : 0.000000,
        "64" : 0.000000,
        ">=64" : 0.000000
      },
      "latency_ns" : {
        "2" : 0.000000,
        "4" : 0.000000,
        "10" : 0.000000,
        "20" : 0.000000,
        "50" : 0.000000,
        "100" : 0.000000,
        "250" : 0.000000,
        "500" : 0.000000,
        "750" : 0.000000,
        "1000" : 0.000000
      },
      "latency_us" : {
        "2" : 0.000000,
        "4" : 0.000000,
        "10" : 0.000000,
        "20" : 0.000000,
        "50" : 0.000000,
        "100" : 0.000000,
        "250" : 0.000000,
        "500" : 0.000000,
        "750" : 0.010000,
        "1000" : 18.379693
      },
      "latency_ms" : {
        "2" : 76.884653,
        "4" : 1.366539,
        "10" : 1.024257,
        "20" : 1.965694,
        "50" : 0.377869,
        "100" : 0.000000,
        "250" : 0.000000,
        "500" : 0.000000,
        "750" : 0.000000,
        "1000" : 0.000000,
        "2000" : 0.000000,
        ">=2000" : 0.000000
      },
      "latency_depth" : 1,
      "latency_target" : 0,
      "latency_percentile" : 100.000000,
      "latency_window" : 0
    }
  ],
  "disk_util" : [
    {
      "name" : "sda",
      "read_ios" : 461512,
      "write_ios" : 0,
      "read_sectors" : 3692096,
      "write_sectors" : 0,
      "read_merges" : 0,
      "write_merges" : 0,
      "read_ticks" : 706307,
      "write_ticks" : 0,
      "in_queue" : 706307,
      "util" : 99.927831
    }
  ]
}
