{
  "fio version" : "fio-3.36",
  "timestamp" : 1733282830,
  "timestamp_ms" : 1733282830366,
  "time" : "Wed Dec  4 03:27:10 2024",
  "jobs" : [
    {
      "jobname" : "randread_direct0_fsync0_threads_8_99af",
      "groupid" : 0,
      "job_start" : 1733282769543,
      "error" : 0,
      "eta" : 0,
      "elapsed" : 91,
      "job options" : {
        "name" : "randread_direct0_fsync0_threads_8_99af",
        "rw" : "randread",
        "direct" : "0",
        "filename" : "/dev/sda",
        "numjobs" : "8",
        "fsync" : "0",
        "bs" : "4k",
        "ramp_time" : "30",
        "runtime" : "60",
        "iodepth" : "1",
        "end_fsync" : "1"
      },
      "read" : {
        "io_bytes" : 1147572224,
        "io_kbytes" : 1120676,
        "bw_bytes" : 19125566,
        "bw" : 18677,
        "iops" : 4669.327689,
        "runtime" : 60002,
        "total_ios" : 280169,
        "short_ios" : 0,
        "drop_ios" : 0,
        "slat_ns" : {
          "min" : 0,
          "max" : 0,
          "mean" : 0.000000,
          "stddev" : 0.000000,
          "N" : 0
        },
        "clat_ns" : {
          "min" : 1700,
          "max" : 23122576,
          "mean" : 1712069.750590,
          "stddev" : 534427.685447,
          "N" : 280169,
          "percentile" : {
            "1.000000" : 1318912,
            "5.000000" : 1384448,
            "10.000000" : 1433600,
            "20.000000" : 1482752,
            "30.000000" : 1515520,
            "40.000000" : 1564672,
            "50.000000" : 1597440,
            "60.000000" : 1646592,
            "70.000000" : 1712128,
            "80.000000" : 1810432,
            "90.000000" : 1990656,
            "95.000000" : 2310144,
            "99.000000" : 3981312,
            "99.500000" : 5079040,
            "99.900000" : 7634944,
            "99.950000" : 8847360,
            "99.990000" : 12255232
          }
        },
        "lat_ns" : {
          "min" : 1800,
          "max" : 23122776,
          "mean" : 1712157.765559,
          "stddev" : 534429.008644,
          "N" : 280169
        },
        "bw_min" : 17136,
        "bw_max" : 20408,
        "bw_agg" : 100.000000,
        "bw_mean" : 18702.428571,
        "bw_dev" : 89.333613,
        "bw_samples" : 952,
        "iops_min" : 4284,
        "iops_max" : 5102,
        "iops_mean" : 4675.596639,
        "iops_stddev" : 22.330954,
        "iops_samples" : 952
      },
      "write" : {
        "io_bytes" : 0,
        "io_kbytes" : 0,
        "bw_bytes" : 0,
        "bw" : 0,
        "iops" : 0.000000,
        "runtime" : 0,
        "total_ios" : 0,
        "short_ios" : 0,
        "drop_ios" : 0,
        "slat_ns" : {
          "min" : 0,
          "max" : 0,
          "mean" : 0.000000,
          "stddev" : 0.000000,
          "N" : 0
        },
        "clat_ns" : {
          "min" : 0,
          "max" : 0,
          "mean" : 0.000000,
          "stddev" : 0.000000,
          "N" : 0
        },
        "lat_ns" : {
          "min" : 0,
          "max" : 0,
          "mean" : 0.000000,
          "stddev" : 0.000000,
          "N" : 0
        },
        "bw_min" : 0,
        "bw_max" : 0,
        "bw_agg" : 0.000000,
        "bw_mean" : 0.000000,
        "bw_dev" : 0.000000,
        "bw_samples" : 0,
        "iops_min" : 0,
        "iops_max" : 0,
        "iops_mean" : 0.000000,
        "iops_stddev" : 0.000000,
        "iops_samples" : 0
      },
      "trim" : {
        "io_bytes" : 0,
        "io_kbytes" : 0,
        "bw_bytes" : 0,
        "bw" : 0,
        "iops" : 0.000000,
        "runtime" : 0,
        "total_ios" : 0,
        "short_ios" : 0,
        "drop_ios" : 0,
        "slat_ns" : {
          "min" : 0,
          "max" : 0,
          "mean" : 0.000000,
          "stddev" : 0.000000,
          "N" : 0
        },
        "clat_ns" : {
          "min" : 0,
          "max" : 0,
          "mean" : 0.000000,
          "stddev" : 0.000000,
          "N" : 0
        },
        "lat_ns" : {
          "min" : 0,
          "max" : 0,
          "mean" : 0.000000,
          "stddev" : 0.000000,
          "N" : 0
        },
        "bw_min" : 0,
        "bw_max" : 0,
        "bw_agg" : 0.000000,
        "bw_mean" : 0.000000,
        "bw_dev" : 0.000000,
        "bw_samples" : 0,
        "iops_min" : 0,
        "iops_max" : 0,
        "iops_mean" : 0.000000,
        "iops_stddev" : 0.000000,
        "iops_samples" : 0
      },
      "sync" : {
        "total_ios" : 0,
        "lat_ns" : {
          "min" : 0,
          "max" : 0,
          "mean" : 0.000000,
          "stddev" : 0.000000,
          "N" : 0
        }
      },
      "job_runtime" : 480003,
      "usr_cpu" : 0.295623,
      "sys_cpu" : 1.569782,
      "ctx" : 279762,
      "majf" : 0,
      "minf" : 291,
      "iodepth_level" : {
        "1" : 100.000000,
        "2" : 0.000000,
        "4" : 0.000000,
        "8" : 0.000000,
        "16" : 0.000000,
        "32" : 0.000000,
        ">=64" : 0.000000
      },
      "iodepth_submit" : {
        "0" : 0.000000,
        "4" : 100.000000,
        "8" : 0.000000,
        "16" : 0.000000,
        "32" : 0.000000,
        "64" : 0.000000,
        ">=64" : 0.000000
      },
      "iodepth_complete" : {
        "0" : 0.000000,
        "4" : 100.000000,
        "8" : 0.000000,
        "16" : 0.000000,
        "32" : 0.000000,
        "64" : 0.000000,
        ">=64" : 0.000000
      },
      "latency_ns" : {
        "2" : 0.000000,
        "4" : 0.000000,
        "10" : 0.000000,
        "20" : 0.000000,
        "50" : 0.000000,
        "100" : 0.000000,
        "250" : 0.000000,
        "500" : 0.000000,
        "750" : 0.000000,
        "1000" : 0.000000
      },
      "latency_us" : {
        "2" : 0.010000,
        "4" : 0.142057,
        "10" : 0.010000,
        "20" : 0.000000,
        "50" : 0.010000,
        "100" : 0.000000,
        "250" : 0.000000,
        "500" : 0.000000,
        "750" : 0.000000,
        "1000" : 0.000000
      },
      "latency_ms" : {
        "2" : 89.889674,
        "4" : 8.979937,
        "10" : 0.953710,
        "20" : 0.023200,
        "50" : 0.010000,
        "100" : 0.000000,
        "250" : 0.000000,
        "500" : 0.000000,
        "750" : 0.000000,
        "1000" : 0.000000,
        "2000" : 0.000000,
        ">=2000" : 0.000000
      },
      "latency_depth" : 1,
      "latency_target" : 0,
      "latency_percentile" : 100.000000,
      "latency_window" : 0
    }
  ],
  "disk_util" : [
    {
      "name" : "sda",
      "read_ios" : 413458,
      "write_ios" : 0,
      "read_sectors" : 3307664,
      "write_sectors" : 0,
      "read_merges" : 0,
      "write_merges" : 0,
      "read_ticks" : 706520,
      "write_ticks" : 0,
      "in_queue" : 706520,
      "util" : 99.925612
    }
  ]
}
