{
  "fio version" : "fio-3.36",
  "timestamp" : 1733282739,
  "timestamp_ms" : 1733282739317,
  "time" : "Wed Dec  4 03:25:39 2024",
  "jobs" : [
    {
      "jobname" : "randread_direct0_fsync0_threads_16_f4ab",
      "groupid" : 0,
      "job_start" : 1733282678425,
      "error" : 0,
      "eta" : 0,
      "elapsed" : 92,
      "job options" : {
        "name" : "randread_direct0_fsync0_threads_16_f4ab",
        "rw" : "randread",
        "direct" : "0",
        "filename" : "/dev/sda",
        "numjobs" : "16",
        "fsync" : "0",
        "bs" : "4k",
        "ramp_time" : "30",
        "runtime" : "60",
        "iodepth" : "1",
        "end_fsync" : "1"
      },
      "read" : {
        "io_bytes" : 1255845888,
        "io_kbytes" : 1226412,
        "bw_bytes" : 20930067,
        "bw" : 20439,
        "iops" : 5109.879671,
        "runtime" : 60002,
        "total_ios" : 306603,
        "short_ios" : 0,
        "drop_ios" : 0,
        "slat_ns" : {
          "min" : 0,
          "max" : 0,
          "mean" : 0.000000,
          "stddev" : 0.000000,
          "N" : 0
        },
        "clat_ns" : {
          "min" : 2000,
          "max" : 67474717,
          "mean" : 3129571.501114,
          "stddev" : 5678892.684682,
          "N" : 306603,
          "percentile" : {
            "1.000000" : 1302528,
            "5.000000" : 1384448,
            "10.000000" : 1433600,
            "20.000000" : 1482752,
            "30.000000" : 1548288,
            "40.000000" : 1597440,
            "50.000000" : 1646592,
            "60.000000" : 1712128,
            "70.000000" : 1794048,
            "80.000000" : 1925120,
            "90.000000" : 2408448,
            "95.000000" : 20578304,
            "99.000000" : 25821184,
            "99.500000" : 38010880,
            "99.900000" : 41156608,
            "99.950000" : 41680896,
            "99.990000" : 45875200
          }
        },
        "lat_ns" : {
          "min" : 2000,
          "max" : 67474817,
          "mean" : 3129691.842278,
          "stddev" : 5678885.567837,
          "N" : 306603
        },
        "bw_min" : 19458,
        "bw_max" : 21408,
        "bw_agg" : 100.000000,
        "bw_mean" : 20448.800000,
        "bw_dev" : 21.777545,
        "bw_samples" : 1920,
        "iops_min" : 4862,
        "iops_max" : 5348,
        "iops_mean" : 5109.800000,
        "iops_stddev" : 5.450030,
        "iops_samples" : 1920
      },
      "write" : {
        "io_bytes" : 0,
        "io_kbytes" : 0,
        "bw_bytes" : 0,
        "bw" : 0,
        "iops" : 0.000000,
        "runtime" : 0,
        "total_ios" : 0,
        "short_ios" : 0,
        "drop_ios" : 0,
        "slat_ns" : {
          "min" : 0,
          "max" : 0,
          "mean" : 0.000000,
          "stddev" : 0.000000,
          "N" : 0
        },
        "clat_ns" : {
          "min" : 0,
          "max" : 0,
          "mean" : 0.000000,
          "stddev" : 0.000000,
          "N" : 0
        },
        "lat_ns" : {
          "min" : 0,
          "max" : 0,
          "mean" : 0.000000,
          "stddev" : 0.000000,
          "N" : 0
        },
        "bw_min" : 0,
        "bw_max" : 0,
        "bw_agg" : 0.000000,
        "bw_mean" : 0.000000,
        "bw_dev" : 0.000000,
        "bw_samples" : 0,
        "iops_min" : 0,
        "iops_max" : 0,
        "iops_mean" : 0.000000,
        "iops_stddev" : 0.000000,
        "iops_samples" : 0
      },
      "trim" : {
        "io_bytes" : 0,
        "io_kbytes" : 0,
        "bw_bytes" : 0,
        "bw" : 0,
        "iops" : 0.000000,
        "runtime" : 0,
        "total_ios" : 0,
        "short_ios" : 0,
        "drop_ios" : 0,
        "slat_ns" : {
          "min" : 0,
          "max" : 0,
          "mean" : 0.000000,
          "stddev" : 0.000000,
          "N" : 0
        },
        "clat_ns" : {
          "min" : 0,
          "max" : 0,
          "mean" : 0.000000,
          "stddev" : 0.000000,
          "N" : 0
        },
        "lat_ns" : {
          "min" : 0,
          "max" : 0,
          "mean" : 0.000000,
          "stddev" : 0.000000,
          "N" : 0
        },
        "bw_min" : 0,
        "bw_max" : 0,
        "bw_agg" : 0.000000,
        "bw_mean" : 0.000000,
        "bw_dev" : 0.000000,
        "bw_samples" : 0,
        "iops_min" : 0,
        "iops_max" : 0,
        "iops_mean" : 0.000000,
        "iops_stddev" : 0.000000,
        "iops_samples" : 0
      },
      "sync" : {
        "total_ios" : 0,
        "lat_ns" : {
          "min" : 0,
          "max" : 0,
          "mean" : 0.000000,
          "stddev" : 0.000000,
          "N" : 0
        }
      },
      "job_runtime" : 960007,
      "usr_cpu" : 0.189686,
      "sys_cpu" : 0.959889,
      "ctx" : 306046,
      "majf" : 0,
      "minf" : 582,
      "iodepth_level" : {
        "1" : 100.000000,
        "2" : 0.000000,
        "4" : 0.000000,
        "8" : 0.000000,
        "16" : 0.000000,
        "32" : 0.000000,
        ">=64" : 0.000000
      },
      "iodepth_submit" : {
        "0" : 0.000000,
        "4" : 100.000000,
        "8" : 0.000000,
        "16" : 0.000000,
        "32" : 0.000000,
        "64" : 0.000000,
        ">=64" : 0.000000
      },
      "iodepth_complete" : {
        "0" : 0.000000,
        "4" : 100.000000,
        "8" : 0.000000,
        "16" : 0.000000,
        "32" : 0.000000,
        "64" : 0.000000,
        ">=64" : 0.000000
      },
      "latency_ns" : {
        "2" : 0.000000,
        "4" : 0.000000,
        "10" : 0.000000,
        "20" : 0.000000,
        "50" : 0.000000,
        "100" : 0.000000,
        "250" : 0.000000,
        "500" : 0.000000,
        "750" : 0.000000,
        "1000" : 0.000000
      },
      "latency_us" : {
        "2" : 0.000000,
        "4" : 0.172862,
        "10" : 0.018265,
        "20" : 0.010000,
        "50" : 0.000000,
        "100" : 0.000000,
        "250" : 0.000000,
        "500" : 0.000000,
        "750" : 0.000000,
        "1000" : 0.000000
      },
      "latency_ms" : {
        "2" : 83.121822,
        "4" : 9.707341,
        "10" : 0.713626,
        "20" : 0.959873,
        "50" : 5.299687,
        "100" : 0.010000,
        "250" : 0.000000,
        "500" : 0.000000,
        "750" : 0.000000,
        "1000" : 0.000000,
        "2000" : 0.000000,
        ">=2000" : 0.000000
      },
      "latency_depth" : 1,
      "latency_target" : 0,
      "latency_percentile" : 100.000000,
      "latency_window" : 0
    }
  ],
  "disk_util" : [
    {
      "name" : "sda",
      "read_ios" : 461646,
      "write_ios" : 0,
      "read_sectors" : 3693168,
      "write_sectors" : 0,
      "read_merges" : 0,
      "write_merges" : 0,
      "read_ticks" : 1422488,
      "write_ticks" : 0,
      "in_queue" : 1422488,
      "util" : 99.906770
    }
  ]
}
