{
  "fio version" : "fio-3.36",
  "timestamp" : 1733280584,
  "timestamp_ms" : 1733280584716,
  "time" : "Wed Dec  4 02:49:44 2024",
  "jobs" : [
    {
      "jobname" : "write_direct1_fsync0_threads_1_a2dd",
      "groupid" : 0,
      "job_start" : 1733280524704,
      "error" : 0,
      "eta" : 0,
      "elapsed" : 91,
      "job options" : {
        "name" : "write_direct1_fsync0_threads_1_a2dd",
        "rw" : "write",
        "direct" : "1",
        "filename" : "/dev/sda",
        "numjobs" : "1",
        "fsync" : "0",
        "bs" : "4k",
        "ramp_time" : "30",
        "runtime" : "60",
        "iodepth" : "1",
        "end_fsync" : "1"
      },
      "read" : {
        "io_bytes" : 0,
        "io_kbytes" : 0,
        "bw_bytes" : 0,
        "bw" : 0,
        "iops" : 0.000000,
        "runtime" : 0,
        "total_ios" : 0,
        "short_ios" : 0,
        "drop_ios" : 0,
        "slat_ns" : {
          "min" : 0,
          "max" : 0,
          "mean" : 0.000000,
          "stddev" : 0.000000,
          "N" : 0
        },
        "clat_ns" : {
          "min" : 0,
          "max" : 0,
          "mean" : 0.000000,
          "stddev" : 0.000000,
          "N" : 0
        },
        "lat_ns" : {
          "min" : 0,
          "max" : 0,
          "mean" : 0.000000,
          "stddev" : 0.000000,
          "N" : 0
        },
        "bw_min" : 0,
        "bw_max" : 0,
        "bw_agg" : 0.000000,
        "bw_mean" : 0.000000,
        "bw_dev" : 0.000000,
        "bw_samples" : 0,
        "iops_min" : 0,
        "iops_max" : 0,
        "iops_mean" : 0.000000,
        "iops_stddev" : 0.000000,
        "iops_samples" : 0
      },
      "write" : {
        "io_bytes" : 232968192,
        "io_kbytes" : 227508,
        "bw_bytes" : 3882738,
        "bw" : 3791,
        "iops" : 947.934201,
        "runtime" : 60001,
        "total_ios" : 56877,
        "short_ios" : 0,
        "drop_ios" : 0,
        "slat_ns" : {
          "min" : 0,
          "max" : 0,
          "mean" : 0.000000,
          "stddev" : 0.000000,
          "N" : 0
        },
        "clat_ns" : {
          "min" : 727905,
          "max" : 25576488,
          "mean" : 1054166.695958,
          "stddev" : 546914.544644,
          "N" : 56877,
          "percentile" : {
            "1.000000" : 798720,
            "5.000000" : 831488,
            "10.000000" : 856064,
            "20.000000" : 880640,
            "30.000000" : 905216,
            "40.000000" : 921600,
            "50.000000" : 946176,
            "60.000000" : 978944,
            "70.000000" : 1019904,
            "80.000000" : 1089536,
            "90.000000" : 1253376,
            "95.000000" : 1499136,
            "99.000000" : 2834432,
            "99.500000" : 3850240,
            "99.900000" : 8028160,
            "99.950000" : 13041664,
            "99.990000" : 16711680
          }
        },
        "lat_ns" : {
          "min" : 728005,
          "max" : 25576688,
          "mean" : 1054301.224168,
          "stddev" : 546916.190239,
          "N" : 56877
        },
        "bw_min" : 3096,
        "bw_max" : 4152,
        "bw_agg" : 100.000000,
        "bw_mean" : 3793.916667,
        "bw_dev" : 183.943341,
        "bw_samples" : 120,
        "iops_min" : 774,
        "iops_max" : 1038,
        "iops_mean" : 948.291667,
        "iops_stddev" : 45.990572,
        "iops_samples" : 120
      },
      "trim" : {
        "io_bytes" : 0,
        "io_kbytes" : 0,
        "bw_bytes" : 0,
        "bw" : 0,
        "iops" : 0.000000,
        "runtime" : 0,
        "total_ios" : 0,
        "short_ios" : 0,
        "drop_ios" : 0,
        "slat_ns" : {
          "min" : 0,
          "max" : 0,
          "mean" : 0.000000,
          "stddev" : 0.000000,
          "N" : 0
        },
        "clat_ns" : {
          "min" : 0,
          "max" : 0,
          "mean" : 0.000000,
          "stddev" : 0.000000,
          "N" : 0
        },
        "lat_ns" : {
          "min" : 0,
          "max" : 0,
          "mean" : 0.000000,
          "stddev" : 0.000000,
          "N" : 0
        },
        "bw_min" : 0,
        "bw_max" : 0,
        "bw_agg" : 0.000000,
        "bw_mean" : 0.000000,
        "bw_dev" : 0.000000,
        "bw_samples" : 0,
        "iops_min" : 0,
        "iops_max" : 0,
        "iops_mean" : 0.000000,
        "iops_stddev" : 0.000000,
        "iops_samples" : 0
      },
      "sync" : {
        "total_ios" : 0,
        "lat_ns" : {
          "min" : 0,
          "max" : 0,
          "mean" : 0.000000,
          "stddev" : 0.000000,
          "N" : 0
        }
      },
      "job_runtime" : 60000,
      "usr_cpu" : 0.533333,
      "sys_cpu" : 2.343333,
      "ctx" : 56878,
      "majf" : 0,
      "minf" : 37,
      "iodepth_level" : {
        "1" : 100.000000,
        "2" : 0.000000,
        "4" : 0.000000,
        "8" : 0.000000,
        "16" : 0.000000,
        "32" : 0.000000,
        ">=64" : 0.000000
      },
      "iodepth_submit" : {
        "0" : 0.000000,
        "4" : 100.000000,
        "8" : 0.000000,
        "16" : 0.000000,
        "32" : 0.000000,
        "64" : 0.000000,
        ">=64" : 0.000000
      },
      "iodepth_complete" : {
        "0" : 0.000000,
        "4" : 100.000000,
        "8" : 0.000000,
        "16" : 0.000000,
        "32" : 0.000000,
        "64" : 0.000000,
        ">=64" : 0.000000
      },
      "latency_ns" : {
        "2" : 0.000000,
        "4" : 0.000000,
        "10" : 0.000000,
        "20" : 0.000000,
        "50" : 0.000000,
        "100" : 0.000000,
        "250" : 0.000000,
        "500" : 0.000000,
        "750" : 0.000000,
        "1000" : 0.000000
      },
      "latency_us" : {
        "2" : 0.000000,
        "4" : 0.000000,
        "10" : 0.000000,
        "20" : 0.000000,
        "50" : 0.000000,
        "100" : 0.000000,
        "250" : 0.000000,
        "500" : 0.000000,
        "750" : 0.022856,
        "1000" : 65.309352
      },
      "latency_ms" : {
        "2" : 32.311831,
        "4" : 1.912900,
        "10" : 0.365701,
        "20" : 0.075602,
        "50" : 0.010000,
        "100" : 0.000000,
        "250" : 0.000000,
        "500" : 0.000000,
        "750" : 0.000000,
        "1000" : 0.000000,
        "2000" : 0.000000,
        ">=2000" : 0.000000
      },
      "latency_depth" : 1,
      "latency_target" : 0,
      "latency_percentile" : 100.000000,
      "latency_window" : 0
    }
  ],
  "disk_util" : [
    {
      "name" : "sda",
      "read_ios" : 43,
      "write_ios" : 83846,
      "read_sectors" : 2040,
      "write_sectors" : 670768,
      "read_merges" : 0,
      "write_merges" : 0,
      "read_ticks" : 70,
      "write_ticks" : 87373,
      "in_queue" : 87444,
      "util" : 94.984786
    }
  ]
}
