{
  "fio version" : "fio-3.36",
  "timestamp" : 1733187882,
  "timestamp_ms" : 1733187882159,
  "time" : "Tue Dec  3 01:04:42 2024",
  "jobs" : [
    {
      "jobname" : "rand_write_direct0_fsync1",
      "groupid" : 0,
      "job_start" : 1733187851198,
      "error" : 0,
      "eta" : 0,
      "elapsed" : 92,
      "job options" : {
        "name" : "rand_write_direct0_fsync1",
        "rw" : "randwrite",
        "direct" : "0",
        "bs" : "4k",
        "runtime" : "30",
        "ramp_time" : "60",
        "filename" : "/dev/sda",
        "iodepth" : "1",
        "numjobs" : "16",
        "fsync" : "1"
      },
      "read" : {
        "io_bytes" : 0,
        "io_kbytes" : 0,
        "bw_bytes" : 0,
        "bw" : 0,
        "iops" : 0.000000,
        "runtime" : 0,
        "total_ios" : 0,
        "short_ios" : 0,
        "drop_ios" : 0,
        "slat_ns" : {
          "min" : 0,
          "max" : 0,
          "mean" : 0.000000,
          "stddev" : 0.000000,
          "N" : 0
        },
        "clat_ns" : {
          "min" : 0,
          "max" : 0,
          "mean" : 0.000000,
          "stddev" : 0.000000,
          "N" : 0
        },
        "lat_ns" : {
          "min" : 0,
          "max" : 0,
          "mean" : 0.000000,
          "stddev" : 0.000000,
          "N" : 0
        },
        "bw_min" : 0,
        "bw_max" : 0,
        "bw_agg" : 0.000000,
        "bw_mean" : 0.000000,
        "bw_dev" : 0.000000,
        "bw_samples" : 0,
        "iops_min" : 0,
        "iops_max" : 0,
        "iops_mean" : 0.000000,
        "iops_stddev" : 0.000000,
        "iops_samples" : 0
      },
      "write" : {
        "io_bytes" : 626696192,
        "io_kbytes" : 612008,
        "bw_bytes" : 20886392,
        "bw" : 20396,
        "iops" : 5099.216797,
        "runtime" : 30005,
        "total_ios" : 153002,
        "short_ios" : 0,
        "drop_ios" : 0,
        "slat_ns" : {
          "min" : 0,
          "max" : 0,
          "mean" : 0.000000,
          "stddev" : 0.000000,
          "N" : 0
        },
        "clat_ns" : {
          "min" : 3200,
          "max" : 396507,
          "mean" : 7805.423589,
          "stddev" : 7584.668818,
          "N" : 153002,
          "percentile" : {
            "1.000000" : 4704,
            "5.000000" : 4896,
            "10.000000" : 5088,
            "20.000000" : 5280,
            "30.000000" : 5472,
            "40.000000" : 5728,
            "50.000000" : 5984,
            "60.000000" : 6496,
            "70.000000" : 7712,
            "80.000000" : 9536,
            "90.000000" : 11328,
            "95.000000" : 12864,
            "99.000000" : 31616,
            "99.500000" : 47872,
            "99.900000" : 100864,
            "99.950000" : 164864,
            "99.990000" : 246784
          }
        },
        "lat_ns" : {
          "min" : 3400,
          "max" : 396707,
          "mean" : 8003.850126,
          "stddev" : 7659.666110,
          "N" : 153002
        },
        "bw_min" : 18810,
        "bw_max" : 21738,
        "bw_agg" : 100.000000,
        "bw_mean" : 20409.609605,
        "bw_dev" : 42.106915,
        "bw_samples" : 959,
        "iops_min" : 4700,
        "iops_max" : 5430,
        "iops_mean" : 5100.277401,
        "iops_stddev" : 10.520186,
        "iops_samples" : 959
      },
      "trim" : {
        "io_bytes" : 0,
        "io_kbytes" : 0,
        "bw_bytes" : 0,
        "bw" : 0,
        "iops" : 0.000000,
        "runtime" : 0,
        "total_ios" : 0,
        "short_ios" : 0,
        "drop_ios" : 0,
        "slat_ns" : {
          "min" : 0,
          "max" : 0,
          "mean" : 0.000000,
          "stddev" : 0.000000,
          "N" : 0
        },
        "clat_ns" : {
          "min" : 0,
          "max" : 0,
          "mean" : 0.000000,
          "stddev" : 0.000000,
          "N" : 0
        },
        "lat_ns" : {
          "min" : 0,
          "max" : 0,
          "mean" : 0.000000,
          "stddev" : 0.000000,
          "N" : 0
        },
        "bw_min" : 0,
        "bw_max" : 0,
        "bw_agg" : 0.000000,
        "bw_mean" : 0.000000,
        "bw_dev" : 0.000000,
        "bw_samples" : 0,
        "iops_min" : 0,
        "iops_max" : 0,
        "iops_mean" : 0.000000,
        "iops_stddev" : 0.000000,
        "iops_samples" : 0
      },
      "sync" : {
        "total_ios" : 153002,
        "lat_ns" : {
          "min" : 786009,
          "max" : 48460674,
          "mean" : 3127590.124619,
          "stddev" : 6279028.742629,
          "N" : 153002,
          "percentile" : {
            "1.000000" : 913408,
            "5.000000" : 1003520,
            "10.000000" : 1056768,
            "20.000000" : 1155072,
            "30.000000" : 1236992,
            "40.000000" : 1318912,
            "50.000000" : 1417216,
            "60.000000" : 1531904,
            "70.000000" : 1712128,
            "80.000000" : 2056192,
            "90.000000" : 2834432,
            "95.000000" : 21889024,
            "99.000000" : 31326208,
            "99.500000" : 38535168,
            "99.900000" : 43253760,
            "99.950000" : 44302336,
            "99.990000" : 46923776
          }
        }
      },
      "job_runtime" : 480061,
      "usr_cpu" : 0.344123,
      "sys_cpu" : 2.763399,
      "ctx" : 461175,
      "majf" : 0,
      "minf" : 582,
      "iodepth_level" : {
        "1" : 200.000000,
        "2" : 0.000000,
        "4" : 0.000000,
        "8" : 0.000000,
        "16" : 0.000000,
        "32" : 0.000000,
        ">=64" : 0.000000
      },
      "iodepth_submit" : {
        "0" : 0.000000,
        "4" : 100.000000,
        "8" : 0.000000,
        "16" : 0.000000,
        "32" : 0.000000,
        "64" : 0.000000,
        ">=64" : 0.000000
      },
      "iodepth_complete" : {
        "0" : 0.000000,
        "4" : 100.000000,
        "8" : 0.000000,
        "16" : 0.000000,
        "32" : 0.000000,
        "64" : 0.000000,
        ">=64" : 0.000000
      },
      "latency_ns" : {
        "2" : 0.000000,
        "4" : 0.000000,
        "10" : 0.000000,
        "20" : 0.000000,
        "50" : 0.000000,
        "100" : 0.000000,
        "250" : 0.000000,
        "500" : 0.000000,
        "750" : 0.000000,
        "1000" : 0.000000
      },
      "latency_us" : {
        "2" : 0.000000,
        "4" : 0.026797,
        "10" : 82.561012,
        "20" : 15.955347,
        "50" : 1.006523,
        "100" : 0.348361,
        "250" : 0.093463,
        "500" : 0.010000,
        "750" : 0.000000,
        "1000" : 0.000000
      },
      "latency_ms" : {
        "2" : 0.000000,
        "4" : 0.000000,
        "10" : 0.000000,
        "20" : 0.000000,
        "50" : 0.000000,
        "100" : 0.000000,
        "250" : 0.000000,
        "500" : 0.000000,
        "750" : 0.000000,
        "1000" : 0.000000,
        "2000" : 0.000000,
        ">=2000" : 0.000000
      },
      "latency_depth" : 1,
      "latency_target" : 0,
      "latency_percentile" : 100.000000,
      "latency_window" : 0
    }
  ],
  "disk_util" : [
    {
      "name" : "sda",
      "read_ios" : 25,
      "write_ios" : 461673,
      "read_sectors" : 1896,
      "write_sectors" : 3693384,
      "read_merges" : 0,
      "write_merges" : 0,
      "read_ticks" : 38,
      "write_ticks" : 1170542,
      "in_queue" : 1170579,
      "util" : 99.918987
    }
  ]
}
