{
  "fio version" : "fio-3.36",
  "timestamp" : 1733281924,
  "timestamp_ms" : 1733281924908,
  "time" : "Wed Dec  4 03:12:04 2024",
  "jobs" : [
    {
      "jobname" : "randwrite_direct1_fsync0_threads_8_3b74",
      "groupid" : 0,
      "job_start" : 1733281864880,
      "error" : 0,
      "eta" : 0,
      "elapsed" : 91,
      "job options" : {
        "name" : "randwrite_direct1_fsync0_threads_8_3b74",
        "rw" : "randwrite",
        "direct" : "1",
        "filename" : "/dev/sda",
        "numjobs" : "8",
        "fsync" : "0",
        "bs" : "4k",
        "ramp_time" : "30",
        "runtime" : "60",
        "iodepth" : "1",
        "end_fsync" : "1"
      },
      "read" : {
        "io_bytes" : 0,
        "io_kbytes" : 0,
        "bw_bytes" : 0,
        "bw" : 0,
        "iops" : 0.000000,
        "runtime" : 0,
        "total_ios" : 0,
        "short_ios" : 0,
        "drop_ios" : 0,
        "slat_ns" : {
          "min" : 0,
          "max" : 0,
          "mean" : 0.000000,
          "stddev" : 0.000000,
          "N" : 0
        },
        "clat_ns" : {
          "min" : 0,
          "max" : 0,
          "mean" : 0.000000,
          "stddev" : 0.000000,
          "N" : 0
        },
        "lat_ns" : {
          "min" : 0,
          "max" : 0,
          "mean" : 0.000000,
          "stddev" : 0.000000,
          "N" : 0
        },
        "bw_min" : 0,
        "bw_max" : 0,
        "bw_agg" : 0.000000,
        "bw_mean" : 0.000000,
        "bw_dev" : 0.000000,
        "bw_samples" : 0,
        "iops_min" : 0,
        "iops_max" : 0,
        "iops_mean" : 0.000000,
        "iops_stddev" : 0.000000,
        "iops_samples" : 0
      },
      "write" : {
        "io_bytes" : 1253371904,
        "io_kbytes" : 1223996,
        "bw_bytes" : 20888487,
        "bw" : 20398,
        "iops" : 5099.728347,
        "runtime" : 60003,
        "total_ios" : 305999,
        "short_ios" : 0,
        "drop_ios" : 0,
        "slat_ns" : {
          "min" : 0,
          "max" : 0,
          "mean" : 0.000000,
          "stddev" : 0.000000,
          "N" : 0
        },
        "clat_ns" : {
          "min" : 705705,
          "max" : 98465414,
          "mean" : 1567449.761565,
          "stddev" : 2502046.612908,
          "N" : 305999,
          "percentile" : {
            "1.000000" : 839680,
            "5.000000" : 888832,
            "10.000000" : 921600,
            "20.000000" : 970752,
            "30.000000" : 1003520,
            "40.000000" : 1044480,
            "50.000000" : 1089536,
            "60.000000" : 1138688,
            "70.000000" : 1204224,
            "80.000000" : 1302528,
            "90.000000" : 1597440,
            "95.000000" : 2375680,
            "99.000000" : 14745600,
            "99.500000" : 17170432,
            "99.900000" : 30277632,
            "99.950000" : 31850496,
            "99.990000" : 33816576
          }
        },
        "lat_ns" : {
          "min" : 705805,
          "max" : 98465814,
          "mean" : 1567589.573198,
          "stddev" : 2502045.588543,
          "N" : 305999
        },
        "bw_min" : 17264,
        "bw_max" : 22621,
        "bw_agg" : 100.000000,
        "bw_mean" : 20410.882353,
        "bw_dev" : 77.604260,
        "bw_samples" : 952,
        "iops_min" : 4316,
        "iops_max" : 5655,
        "iops_mean" : 5102.394958,
        "iops_stddev" : 19.390263,
        "iops_samples" : 952
      },
      "trim" : {
        "io_bytes" : 0,
        "io_kbytes" : 0,
        "bw_bytes" : 0,
        "bw" : 0,
        "iops" : 0.000000,
        "runtime" : 0,
        "total_ios" : 0,
        "short_ios" : 0,
        "drop_ios" : 0,
        "slat_ns" : {
          "min" : 0,
          "max" : 0,
          "mean" : 0.000000,
          "stddev" : 0.000000,
          "N" : 0
        },
        "clat_ns" : {
          "min" : 0,
          "max" : 0,
          "mean" : 0.000000,
          "stddev" : 0.000000,
          "N" : 0
        },
        "lat_ns" : {
          "min" : 0,
          "max" : 0,
          "mean" : 0.000000,
          "stddev" : 0.000000,
          "N" : 0
        },
        "bw_min" : 0,
        "bw_max" : 0,
        "bw_agg" : 0.000000,
        "bw_mean" : 0.000000,
        "bw_dev" : 0.000000,
        "bw_samples" : 0,
        "iops_min" : 0,
        "iops_max" : 0,
        "iops_mean" : 0.000000,
        "iops_stddev" : 0.000000,
        "iops_samples" : 0
      },
      "sync" : {
        "total_ios" : 0,
        "lat_ns" : {
          "min" : 0,
          "max" : 0,
          "mean" : 0.000000,
          "stddev" : 0.000000,
          "N" : 0
        }
      },
      "job_runtime" : 480012,
      "usr_cpu" : 0.369574,
      "sys_cpu" : 1.569127,
      "ctx" : 306005,
      "majf" : 0,
      "minf" : 292,
      "iodepth_level" : {
        "1" : 100.000000,
        "2" : 0.000000,
        "4" : 0.000000,
        "8" : 0.000000,
        "16" : 0.000000,
        "32" : 0.000000,
        ">=64" : 0.000000
      },
      "iodepth_submit" : {
        "0" : 0.000000,
        "4" : 100.000000,
        "8" : 0.000000,
        "16" : 0.000000,
        "32" : 0.000000,
        "64" : 0.000000,
        ">=64" : 0.000000
      },
      "iodepth_complete" : {
        "0" : 0.000000,
        "4" : 100.000000,
        "8" : 0.000000,
        "16" : 0.000000,
        "32" : 0.000000,
        "64" : 0.000000,
        ">=64" : 0.000000
      },
      "latency_ns" : {
        "2" : 0.000000,
        "4" : 0.000000,
        "10" : 0.000000,
        "20" : 0.000000,
        "50" : 0.000000,
        "100" : 0.000000,
        "250" : 0.000000,
        "500" : 0.000000,
        "750" : 0.000000,
        "1000" : 0.000000
      },
      "latency_us" : {
        "2" : 0.000000,
        "4" : 0.000000,
        "10" : 0.000000,
        "20" : 0.000000,
        "50" : 0.000000,
        "100" : 0.000000,
        "250" : 0.000000,
        "500" : 0.000000,
        "750" : 0.010000,
        "1000" : 27.952379
      },
      "latency_ms" : {
        "2" : 65.614920,
        "4" : 3.043801,
        "10" : 1.046409,
        "20" : 1.974843,
        "50" : 0.356210,
        "100" : 0.010000,
        "250" : 0.000000,
        "500" : 0.000000,
        "750" : 0.000000,
        "1000" : 0.000000,
        "2000" : 0.000000,
        ">=2000" : 0.000000
      },
      "latency_depth" : 1,
      "latency_target" : 0,
      "latency_percentile" : 100.000000,
      "latency_window" : 0
    }
  ],
  "disk_util" : [
    {
      "name" : "sda",
      "read_ios" : 47,
      "write_ios" : 460104,
      "read_sectors" : 2072,
      "write_sectors" : 3680832,
      "read_merges" : 0,
      "write_merges" : 0,
      "read_ticks" : 93,
      "write_ticks" : 705419,
      "in_queue" : 705514,
      "util" : 99.995559
    }
  ]
}
