{
  "fio version" : "fio-3.36",
  "timestamp" : 1733282285,
  "timestamp_ms" : 1733282285907,
  "time" : "Wed Dec  4 03:18:05 2024",
  "jobs" : [
    {
      "jobname" : "randwrite_direct1_fsync1_threads_1_58ad",
      "groupid" : 0,
      "job_start" : 1733282225889,
      "error" : 0,
      "eta" : 0,
      "elapsed" : 91,
      "job options" : {
        "name" : "randwrite_direct1_fsync1_threads_1_58ad",
        "rw" : "randwrite",
        "direct" : "1",
        "filename" : "/dev/sda",
        "numjobs" : "1",
        "fsync" : "1",
        "bs" : "4k",
        "ramp_time" : "30",
        "runtime" : "60",
        "iodepth" : "1",
        "end_fsync" : "1"
      },
      "read" : {
        "io_bytes" : 0,
        "io_kbytes" : 0,
        "bw_bytes" : 0,
        "bw" : 0,
        "iops" : 0.000000,
        "runtime" : 0,
        "total_ios" : 0,
        "short_ios" : 0,
        "drop_ios" : 0,
        "slat_ns" : {
          "min" : 0,
          "max" : 0,
          "mean" : 0.000000,
          "stddev" : 0.000000,
          "N" : 0
        },
        "clat_ns" : {
          "min" : 0,
          "max" : 0,
          "mean" : 0.000000,
          "stddev" : 0.000000,
          "N" : 0
        },
        "lat_ns" : {
          "min" : 0,
          "max" : 0,
          "mean" : 0.000000,
          "stddev" : 0.000000,
          "N" : 0
        },
        "bw_min" : 0,
        "bw_max" : 0,
        "bw_agg" : 0.000000,
        "bw_mean" : 0.000000,
        "bw_dev" : 0.000000,
        "bw_samples" : 0,
        "iops_min" : 0,
        "iops_max" : 0,
        "iops_mean" : 0.000000,
        "iops_stddev" : 0.000000,
        "iops_samples" : 0
      },
      "write" : {
        "io_bytes" : 231227392,
        "io_kbytes" : 225808,
        "bw_bytes" : 3853725,
        "bw" : 3763,
        "iops" : 940.850986,
        "runtime" : 60001,
        "total_ios" : 56452,
        "short_ios" : 0,
        "drop_ios" : 0,
        "slat_ns" : {
          "min" : 0,
          "max" : 0,
          "mean" : 0.000000,
          "stddev" : 0.000000,
          "N" : 0
        },
        "clat_ns" : {
          "min" : 740805,
          "max" : 16873022,
          "mean" : 1060631.915167,
          "stddev" : 473506.396003,
          "N" : 56452,
          "percentile" : {
            "1.000000" : 806912,
            "5.000000" : 839680,
            "10.000000" : 864256,
            "20.000000" : 888832,
            "30.000000" : 913408,
            "40.000000" : 937984,
            "50.000000" : 962560,
            "60.000000" : 995328,
            "70.000000" : 1036288,
            "80.000000" : 1105920,
            "90.000000" : 1269760,
            "95.000000" : 1515520,
            "99.000000" : 2768896,
            "99.500000" : 3555328,
            "99.900000" : 6717440,
            "99.950000" : 10027008,
            "99.990000" : 14614528
          }
        },
        "lat_ns" : {
          "min" : 740905,
          "max" : 16873122,
          "mean" : 1060727.655566,
          "stddev" : 473507.036594,
          "N" : 56452
        },
        "bw_min" : 3264,
        "bw_max" : 4072,
        "bw_agg" : 100.000000,
        "bw_mean" : 3765.441667,
        "bw_dev" : 177.652848,
        "bw_samples" : 120,
        "iops_min" : 816,
        "iops_max" : 1018,
        "iops_mean" : 941.166667,
        "iops_stddev" : 44.448882,
        "iops_samples" : 120
      },
      "trim" : {
        "io_bytes" : 0,
        "io_kbytes" : 0,
        "bw_bytes" : 0,
        "bw" : 0,
        "iops" : 0.000000,
        "runtime" : 0,
        "total_ios" : 0,
        "short_ios" : 0,
        "drop_ios" : 0,
        "slat_ns" : {
          "min" : 0,
          "max" : 0,
          "mean" : 0.000000,
          "stddev" : 0.000000,
          "N" : 0
        },
        "clat_ns" : {
          "min" : 0,
          "max" : 0,
          "mean" : 0.000000,
          "stddev" : 0.000000,
          "N" : 0
        },
        "lat_ns" : {
          "min" : 0,
          "max" : 0,
          "mean" : 0.000000,
          "stddev" : 0.000000,
          "N" : 0
        },
        "bw_min" : 0,
        "bw_max" : 0,
        "bw_agg" : 0.000000,
        "bw_mean" : 0.000000,
        "bw_dev" : 0.000000,
        "bw_samples" : 0,
        "iops_min" : 0,
        "iops_max" : 0,
        "iops_mean" : 0.000000,
        "iops_stddev" : 0.000000,
        "iops_samples" : 0
      },
      "sync" : {
        "total_ios" : 56451,
        "lat_ns" : {
          "min" : 800,
          "max" : 54001,
          "mean" : 1030.727799,
          "stddev" : 1125.566829,
          "N" : 56451,
          "percentile" : {
            "1.000000" : 900,
            "5.000000" : 900,
            "10.000000" : 900,
            "20.000000" : 900,
            "30.000000" : 900,
            "40.000000" : 900,
            "50.000000" : 1004,
            "60.000000" : 1004,
            "70.000000" : 1004,
            "80.000000" : 1004,
            "90.000000" : 1096,
            "95.000000" : 1208,
            "99.000000" : 1496,
            "99.500000" : 2096,
            "99.900000" : 4832,
            "99.950000" : 36608,
            "99.990000" : 47360
          }
        }
      },
      "job_runtime" : 60000,
      "usr_cpu" : 0.615000,
      "sys_cpu" : 2.020000,
      "ctx" : 56452,
      "majf" : 0,
      "minf" : 36,
      "iodepth_level" : {
        "1" : 199.998229,
        "2" : 0.000000,
        "4" : 0.000000,
        "8" : 0.000000,
        "16" : 0.000000,
        "32" : 0.000000,
        ">=64" : 0.000000
      },
      "iodepth_submit" : {
        "0" : 0.000000,
        "4" : 100.000000,
        "8" : 0.000000,
        "16" : 0.000000,
        "32" : 0.000000,
        "64" : 0.000000,
        ">=64" : 0.000000
      },
      "iodepth_complete" : {
        "0" : 0.000000,
        "4" : 100.000000,
        "8" : 0.000000,
        "16" : 0.000000,
        "32" : 0.000000,
        "64" : 0.000000,
        ">=64" : 0.000000
      },
      "latency_ns" : {
        "2" : 0.000000,
        "4" : 0.000000,
        "10" : 0.000000,
        "20" : 0.000000,
        "50" : 0.000000,
        "100" : 0.000000,
        "250" : 0.000000,
        "500" : 0.000000,
        "750" : 0.000000,
        "1000" : 0.000000
      },
      "latency_us" : {
        "2" : 0.000000,
        "4" : 0.000000,
        "10" : 0.000000,
        "20" : 0.000000,
        "50" : 0.000000,
        "100" : 0.000000,
        "250" : 0.000000,
        "500" : 0.000000,
        "750" : 0.010000,
        "1000" : 62.072203
      },
      "latency_ms" : {
        "2" : 35.655070,
        "4" : 1.884787,
        "10" : 0.333026,
        "20" : 0.053142,
        "50" : 0.000000,
        "100" : 0.000000,
        "250" : 0.000000,
        "500" : 0.000000,
        "750" : 0.000000,
        "1000" : 0.000000,
        "2000" : 0.000000,
        ">=2000" : 0.000000
      },
      "latency_depth" : 1,
      "latency_target" : 0,
      "latency_percentile" : 100.000000,
      "latency_window" : 0
    }
  ],
  "disk_util" : [
    {
      "name" : "sda",
      "read_ios" : 39,
      "write_ios" : 84335,
      "read_sectors" : 2008,
      "write_sectors" : 674680,
      "read_merges" : 0,
      "write_merges" : 0,
      "read_ticks" : 64,
      "write_ticks" : 87627,
      "in_queue" : 87691,
      "util" : 95.733813
    }
  ]
}
