{
  "fio version" : "fio-3.36",
  "timestamp" : 1733281471,
  "timestamp_ms" : 1733281471487,
  "time" : "Wed Dec  4 03:04:31 2024",
  "jobs" : [
    {
      "jobname" : "randwrite_direct0_fsync0_threads_1_512d",
      "groupid" : 0,
      "job_start" : 1733280885681,
      "error" : 0,
      "eta" : 0,
      "elapsed" : 616,
      "job options" : {
        "name" : "randwrite_direct0_fsync0_threads_1_512d",
        "rw" : "randwrite",
        "direct" : "0",
        "filename" : "/dev/sda",
        "numjobs" : "1",
        "fsync" : "0",
        "bs" : "4k",
        "ramp_time" : "30",
        "runtime" : "60",
        "iodepth" : "1",
        "end_fsync" : "1"
      },
      "read" : {
        "io_bytes" : 0,
        "io_kbytes" : 0,
        "bw_bytes" : 0,
        "bw" : 0,
        "iops" : 0.000000,
        "runtime" : 0,
        "total_ios" : 0,
        "short_ios" : 0,
        "drop_ios" : 0,
        "slat_ns" : {
          "min" : 0,
          "max" : 0,
          "mean" : 0.000000,
          "stddev" : 0.000000,
          "N" : 0
        },
        "clat_ns" : {
          "min" : 0,
          "max" : 0,
          "mean" : 0.000000,
          "stddev" : 0.000000,
          "N" : 0
        },
        "lat_ns" : {
          "min" : 0,
          "max" : 0,
          "mean" : 0.000000,
          "stddev" : 0.000000,
          "N" : 0
        },
        "bw_min" : 0,
        "bw_max" : 0,
        "bw_agg" : 0.000000,
        "bw_mean" : 0.000000,
        "bw_dev" : 0.000000,
        "bw_samples" : 0,
        "iops_min" : 0,
        "iops_max" : 0,
        "iops_mean" : 0.000000,
        "iops_stddev" : 0.000000,
        "iops_samples" : 0
      },
      "write" : {
        "io_bytes" : 1256247296,
        "io_kbytes" : 1226804,
        "bw_bytes" : 2166343,
        "bw" : 2115,
        "iops" : 528.892399,
        "runtime" : 579893,
        "total_ios" : 306701,
        "short_ios" : 0,
        "drop_ios" : 0,
        "slat_ns" : {
          "min" : 0,
          "max" : 0,
          "mean" : 0.000000,
          "stddev" : 0.000000,
          "N" : 0
        },
        "clat_ns" : {
          "min" : 2700,
          "max" : 10993280,
          "mean" : 195111.184245,
          "stddev" : 1324578.315028,
          "N" : 306701,
          "percentile" : {
            "1.000000" : 3088,
            "5.000000" : 3216,
            "10.000000" : 3312,
            "20.000000" : 3792,
            "30.000000" : 3888,
            "40.000000" : 4016,
            "50.000000" : 4128,
            "60.000000" : 4192,
            "70.000000" : 4320,
            "80.000000" : 4512,
            "90.000000" : 6112,
            "95.000000" : 7200,
            "99.000000" : 9764864,
            "99.500000" : 9764864,
            "99.900000" : 9764864,
            "99.950000" : 9764864,
            "99.990000" : 10813440
          }
        },
        "lat_ns" : {
          "min" : 2700,
          "max" : 10993280,
          "mean" : 195177.363520,
          "stddev" : 1324577.227851,
          "N" : 306701
        },
        "bw_min" : 18428,
        "bw_max" : 21210,
        "bw_agg" : 100.000000,
        "bw_mean" : 20464.466667,
        "bw_dev" : 534.617384,
        "bw_samples" : 120,
        "iops_min" : 4607,
        "iops_max" : 5302,
        "iops_mean" : 5115.991667,
        "iops_stddev" : 133.696979,
        "iops_samples" : 120
      },
      "trim" : {
        "io_bytes" : 0,
        "io_kbytes" : 0,
        "bw_bytes" : 0,
        "bw" : 0,
        "iops" : 0.000000,
        "runtime" : 0,
        "total_ios" : 0,
        "short_ios" : 0,
        "drop_ios" : 0,
        "slat_ns" : {
          "min" : 0,
          "max" : 0,
          "mean" : 0.000000,
          "stddev" : 0.000000,
          "N" : 0
        },
        "clat_ns" : {
          "min" : 0,
          "max" : 0,
          "mean" : 0.000000,
          "stddev" : 0.000000,
          "N" : 0
        },
        "lat_ns" : {
          "min" : 0,
          "max" : 0,
          "mean" : 0.000000,
          "stddev" : 0.000000,
          "N" : 0
        },
        "bw_min" : 0,
        "bw_max" : 0,
        "bw_agg" : 0.000000,
        "bw_mean" : 0.000000,
        "bw_dev" : 0.000000,
        "bw_samples" : 0,
        "iops_min" : 0,
        "iops_max" : 0,
        "iops_mean" : 0.000000,
        "iops_stddev" : 0.000000,
        "iops_samples" : 0
      },
      "sync" : {
        "total_ios" : 0,
        "lat_ns" : {
          "min" : 0,
          "max" : 0,
          "mean" : 0.000000,
          "stddev" : 0.000000,
          "N" : 0
        }
      },
      "job_runtime" : 579892,
      "usr_cpu" : 0.078290,
      "sys_cpu" : 2.792761,
      "ctx" : 259979,
      "majf" : 0,
      "minf" : 36,
      "iodepth_level" : {
        "1" : 100.000000,
        "2" : 0.000000,
        "4" : 0.000000,
        "8" : 0.000000,
        "16" : 0.000000,
        "32" : 0.000000,
        ">=64" : 0.000000
      },
      "iodepth_submit" : {
        "0" : 0.000000,
        "4" : 100.000000,
        "8" : 0.000000,
        "16" : 0.000000,
        "32" : 0.000000,
        "64" : 0.000000,
        ">=64" : 0.000000
      },
      "iodepth_complete" : {
        "0" : 0.000000,
        "4" : 100.000000,
        "8" : 0.000000,
        "16" : 0.000000,
        "32" : 0.000000,
        "64" : 0.000000,
        ">=64" : 0.000000
      },
      "latency_ns" : {
        "2" : 0.000000,
        "4" : 0.000000,
        "10" : 0.000000,
        "20" : 0.000000,
        "50" : 0.000000,
        "100" : 0.000000,
        "250" : 0.000000,
        "500" : 0.000000,
        "750" : 0.000000,
        "1000" : 0.000000
      },
      "latency_us" : {
        "2" : 0.000000,
        "4" : 33.482121,
        "10" : 63.785902,
        "20" : 0.626017,
        "50" : 0.060971,
        "100" : 0.010000,
        "250" : 0.010000,
        "500" : 0.000000,
        "750" : 0.010000,
        "1000" : 0.000000
      },
      "latency_ms" : {
        "2" : 0.000000,
        "4" : 0.000000,
        "10" : 2.012709,
        "20" : 0.025106,
        "50" : 0.000000,
        "100" : 0.000000,
        "250" : 0.000000,
        "500" : 0.000000,
        "750" : 0.000000,
        "1000" : 0.000000,
        "2000" : 0.000000,
        ">=2000" : 0.000000
      },
      "latency_depth" : 1,
      "latency_target" : 0,
      "latency_percentile" : 100.000000,
      "latency_window" : 0
    }
  ],
  "disk_util" : [
    {
      "name" : "sda",
      "read_ios" : 49,
      "write_ios" : 3083006,
      "read_sectors" : 2088,
      "write_sectors" : 25387416,
      "read_merges" : 0,
      "write_merges" : 90430,
      "read_ticks" : 87,
      "write_ticks" : 197484753,
      "in_queue" : 197484840,
      "util" : 99.119934
    }
  ]
}
