{
  "fio version" : "fio-3.36",
  "timestamp" : 1733280494,
  "timestamp_ms" : 1733280494490,
  "time" : "Wed Dec  4 02:48:14 2024",
  "jobs" : [
    {
      "jobname" : "write_direct1_fsync0_threads_8_ba6a",
      "groupid" : 0,
      "job_start" : 1733280434471,
      "error" : 0,
      "eta" : 0,
      "elapsed" : 91,
      "job options" : {
        "name" : "write_direct1_fsync0_threads_8_ba6a",
        "rw" : "write",
        "direct" : "1",
        "filename" : "/dev/sda",
        "numjobs" : "8",
        "fsync" : "0",
        "bs" : "4k",
        "ramp_time" : "30",
        "runtime" : "60",
        "iodepth" : "1",
        "end_fsync" : "1"
      },
      "read" : {
        "io_bytes" : 0,
        "io_kbytes" : 0,
        "bw_bytes" : 0,
        "bw" : 0,
        "iops" : 0.000000,
        "runtime" : 0,
        "total_ios" : 0,
        "short_ios" : 0,
        "drop_ios" : 0,
        "slat_ns" : {
          "min" : 0,
          "max" : 0,
          "mean" : 0.000000,
          "stddev" : 0.000000,
          "N" : 0
        },
        "clat_ns" : {
          "min" : 0,
          "max" : 0,
          "mean" : 0.000000,
          "stddev" : 0.000000,
          "N" : 0
        },
        "lat_ns" : {
          "min" : 0,
          "max" : 0,
          "mean" : 0.000000,
          "stddev" : 0.000000,
          "N" : 0
        },
        "bw_min" : 0,
        "bw_max" : 0,
        "bw_agg" : 0.000000,
        "bw_mean" : 0.000000,
        "bw_dev" : 0.000000,
        "bw_samples" : 0,
        "iops_min" : 0,
        "iops_max" : 0,
        "iops_mean" : 0.000000,
        "iops_stddev" : 0.000000,
        "iops_samples" : 0
      },
      "write" : {
        "io_bytes" : 1253609472,
        "io_kbytes" : 1224228,
        "bw_bytes" : 20893142,
        "bw" : 20403,
        "iops" : 5100.864986,
        "runtime" : 60001,
        "total_ios" : 306057,
        "short_ios" : 0,
        "drop_ios" : 0,
        "slat_ns" : {
          "min" : 0,
          "max" : 0,
          "mean" : 0.000000,
          "stddev" : 0.000000,
          "N" : 0
        },
        "clat_ns" : {
          "min" : 643905,
          "max" : 41608117,
          "mean" : 1567372.867293,
          "stddev" : 3233547.241694,
          "N" : 306057,
          "percentile" : {
            "1.000000" : 757760,
            "5.000000" : 798720,
            "10.000000" : 823296,
            "20.000000" : 864256,
            "30.000000" : 888832,
            "40.000000" : 921600,
            "50.000000" : 946176,
            "60.000000" : 987136,
            "70.000000" : 1028096,
            "80.000000" : 1105920,
            "90.000000" : 1302528,
            "95.000000" : 2056192,
            "99.000000" : 18743296,
            "99.500000" : 20316160,
            "99.900000" : 34865152,
            "99.950000" : 35389440,
            "99.990000" : 36962304
          }
        },
        "lat_ns" : {
          "min" : 644005,
          "max" : 41608217,
          "mean" : 1567523.958184,
          "stddev" : 3233544.379757,
          "N" : 306057
        },
        "bw_min" : 17584,
        "bw_max" : 23608,
        "bw_agg" : 100.000000,
        "bw_mean" : 20411.725000,
        "bw_dev" : 80.446712,
        "bw_samples" : 960,
        "iops_min" : 4396,
        "iops_max" : 5902,
        "iops_mean" : 5102.550000,
        "iops_stddev" : 20.099571,
        "iops_samples" : 960
      },
      "trim" : {
        "io_bytes" : 0,
        "io_kbytes" : 0,
        "bw_bytes" : 0,
        "bw" : 0,
        "iops" : 0.000000,
        "runtime" : 0,
        "total_ios" : 0,
        "short_ios" : 0,
        "drop_ios" : 0,
        "slat_ns" : {
          "min" : 0,
          "max" : 0,
          "mean" : 0.000000,
          "stddev" : 0.000000,
          "N" : 0
        },
        "clat_ns" : {
          "min" : 0,
          "max" : 0,
          "mean" : 0.000000,
          "stddev" : 0.000000,
          "N" : 0
        },
        "lat_ns" : {
          "min" : 0,
          "max" : 0,
          "mean" : 0.000000,
          "stddev" : 0.000000,
          "N" : 0
        },
        "bw_min" : 0,
        "bw_max" : 0,
        "bw_agg" : 0.000000,
        "bw_mean" : 0.000000,
        "bw_dev" : 0.000000,
        "bw_samples" : 0,
        "iops_min" : 0,
        "iops_max" : 0,
        "iops_mean" : 0.000000,
        "iops_stddev" : 0.000000,
        "iops_samples" : 0
      },
      "sync" : {
        "total_ios" : 0,
        "lat_ns" : {
          "min" : 0,
          "max" : 0,
          "mean" : 0.000000,
          "stddev" : 0.000000,
          "N" : 0
        }
      },
      "job_runtime" : 480000,
      "usr_cpu" : 0.350625,
      "sys_cpu" : 1.512917,
      "ctx" : 306058,
      "majf" : 0,
      "minf" : 291,
      "iodepth_level" : {
        "1" : 100.000000,
        "2" : 0.000000,
        "4" : 0.000000,
        "8" : 0.000000,
        "16" : 0.000000,
        "32" : 0.000000,
        ">=64" : 0.000000
      },
      "iodepth_submit" : {
        "0" : 0.000000,
        "4" : 100.000000,
        "8" : 0.000000,
        "16" : 0.000000,
        "32" : 0.000000,
        "64" : 0.000000,
        ">=64" : 0.000000
      },
      "iodepth_complete" : {
        "0" : 0.000000,
        "4" : 100.000000,
        "8" : 0.000000,
        "16" : 0.000000,
        "32" : 0.000000,
        "64" : 0.000000,
        ">=64" : 0.000000
      },
      "latency_ns" : {
        "2" : 0.000000,
        "4" : 0.000000,
        "10" : 0.000000,
        "20" : 0.000000,
        "50" : 0.000000,
        "100" : 0.000000,
        "250" : 0.000000,
        "500" : 0.000000,
        "750" : 0.000000,
        "1000" : 0.000000
      },
      "latency_us" : {
        "2" : 0.000000,
        "4" : 0.000000,
        "10" : 0.000000,
        "20" : 0.000000,
        "50" : 0.000000,
        "100" : 0.000000,
        "250" : 0.000000,
        "500" : 0.000000,
        "750" : 0.608057,
        "1000" : 63.220577
      },
      "latency_ms" : {
        "2" : 31.017752,
        "4" : 1.665049,
        "10" : 0.554145,
        "20" : 2.362305,
        "50" : 0.572116,
        "100" : 0.000000,
        "250" : 0.000000,
        "500" : 0.000000,
        "750" : 0.000000,
        "1000" : 0.000000,
        "2000" : 0.000000,
        ">=2000" : 0.000000
      },
      "latency_depth" : 1,
      "latency_target" : 0,
      "latency_percentile" : 100.000000,
      "latency_window" : 0
    }
  ],
  "disk_util" : [
    {
      "name" : "sda",
      "read_ios" : 43,
      "write_ios" : 460171,
      "read_sectors" : 2040,
      "write_sectors" : 3681368,
      "read_merges" : 0,
      "write_merges" : 0,
      "read_ticks" : 66,
      "write_ticks" : 705518,
      "in_queue" : 705584,
      "util" : 99.974465
    }
  ]
}
