{
  "fio version" : "fio-3.36",
  "timestamp" : 1733185681,
  "timestamp_ms" : 1733185681066,
  "time" : "Tue Dec  3 00:28:01 2024",
  "jobs" : [
    {
      "jobname" : "seq_write_direct0_fsync1",
      "groupid" : 0,
      "job_start" : 1733185650998,
      "error" : 0,
      "eta" : 0,
      "elapsed" : 91,
      "job options" : {
        "name" : "seq_write_direct0_fsync1",
        "rw" : "write",
        "direct" : "0",
        "bs" : "4k",
        "runtime" : "30",
        "ramp_time" : "60",
        "filename" : "/dev/sda",
        "iodepth" : "1",
        "numjobs" : "8",
        "fsync" : "1"
      },
      "read" : {
        "io_bytes" : 0,
        "io_kbytes" : 0,
        "bw_bytes" : 0,
        "bw" : 0,
        "iops" : 0.000000,
        "runtime" : 0,
        "total_ios" : 0,
        "short_ios" : 0,
        "drop_ios" : 0,
        "slat_ns" : {
          "min" : 0,
          "max" : 0,
          "mean" : 0.000000,
          "stddev" : 0.000000,
          "N" : 0
        },
        "clat_ns" : {
          "min" : 0,
          "max" : 0,
          "mean" : 0.000000,
          "stddev" : 0.000000,
          "N" : 0
        },
        "lat_ns" : {
          "min" : 0,
          "max" : 0,
          "mean" : 0.000000,
          "stddev" : 0.000000,
          "N" : 0
        },
        "bw_min" : 0,
        "bw_max" : 0,
        "bw_agg" : 0.000000,
        "bw_mean" : 0.000000,
        "bw_dev" : 0.000000,
        "bw_samples" : 0,
        "iops_min" : 0,
        "iops_max" : 0,
        "iops_mean" : 0.000000,
        "iops_stddev" : 0.000000,
        "iops_samples" : 0
      },
      "write" : {
        "io_bytes" : 634667008,
        "io_kbytes" : 619792,
        "bw_bytes" : 21154156,
        "bw" : 20658,
        "iops" : 5164.589027,
        "runtime" : 30002,
        "total_ios" : 154948,
        "short_ios" : 0,
        "drop_ios" : 0,
        "slat_ns" : {
          "min" : 0,
          "max" : 0,
          "mean" : 0.000000,
          "stddev" : 0.000000,
          "N" : 0
        },
        "clat_ns" : {
          "min" : 1900,
          "max" : 963008,
          "mean" : 3858.030430,
          "stddev" : 5418.297323,
          "N" : 154948,
          "percentile" : {
            "1.000000" : 2288,
            "5.000000" : 2512,
            "10.000000" : 2512,
            "20.000000" : 2608,
            "30.000000" : 2800,
            "40.000000" : 2896,
            "50.000000" : 3088,
            "60.000000" : 3312,
            "70.000000" : 3792,
            "80.000000" : 4576,
            "90.000000" : 5472,
            "95.000000" : 6496,
            "99.000000" : 9792,
            "99.500000" : 26240,
            "99.900000" : 52992,
            "99.950000" : 65280,
            "99.990000" : 100864
          }
        },
        "lat_ns" : {
          "min" : 2000,
          "max" : 963208,
          "mean" : 4041.270246,
          "stddev" : 5490.405174,
          "N" : 154948
        },
        "bw_min" : 17056,
        "bw_max" : 24900,
        "bw_agg" : 100.000000,
        "bw_mean" : 20667.300000,
        "bw_dev" : 182.283791,
        "bw_samples" : 480,
        "iops_min" : 4264,
        "iops_max" : 6224,
        "iops_mean" : 5166.533333,
        "iops_stddev" : 45.545279,
        "iops_samples" : 480
      },
      "trim" : {
        "io_bytes" : 0,
        "io_kbytes" : 0,
        "bw_bytes" : 0,
        "bw" : 0,
        "iops" : 0.000000,
        "runtime" : 0,
        "total_ios" : 0,
        "short_ios" : 0,
        "drop_ios" : 0,
        "slat_ns" : {
          "min" : 0,
          "max" : 0,
          "mean" : 0.000000,
          "stddev" : 0.000000,
          "N" : 0
        },
        "clat_ns" : {
          "min" : 0,
          "max" : 0,
          "mean" : 0.000000,
          "stddev" : 0.000000,
          "N" : 0
        },
        "lat_ns" : {
          "min" : 0,
          "max" : 0,
          "mean" : 0.000000,
          "stddev" : 0.000000,
          "N" : 0
        },
        "bw_min" : 0,
        "bw_max" : 0,
        "bw_agg" : 0.000000,
        "bw_mean" : 0.000000,
        "bw_dev" : 0.000000,
        "bw_samples" : 0,
        "iops_min" : 0,
        "iops_max" : 0,
        "iops_mean" : 0.000000,
        "iops_stddev" : 0.000000,
        "iops_samples" : 0
      },
      "sync" : {
        "total_ios" : 154948,
        "lat_ns" : {
          "min" : 695705,
          "max" : 32512089,
          "mean" : 1543721.929325,
          "stddev" : 1552835.877751,
          "N" : 154948,
          "percentile" : {
            "1.000000" : 806912,
            "5.000000" : 872448,
            "10.000000" : 913408,
            "20.000000" : 978944,
            "30.000000" : 1036288,
            "40.000000" : 1089536,
            "50.000000" : 1155072,
            "60.000000" : 1236992,
            "70.000000" : 1368064,
            "80.000000" : 1630208,
            "90.000000" : 2244608,
            "95.000000" : 3129344,
            "99.000000" : 8224768,
            "99.500000" : 11468800,
            "99.900000" : 20840448,
            "99.950000" : 27656192,
            "99.990000" : 30801920
          }
        }
      },
      "job_runtime" : 240004,
      "usr_cpu" : 0.512908,
      "sys_cpu" : 3.527025,
      "ctx" : 355721,
      "majf" : 0,
      "minf" : 291,
      "iodepth_level" : {
        "1" : 200.000000,
        "2" : 0.000000,
        "4" : 0.000000,
        "8" : 0.000000,
        "16" : 0.000000,
        "32" : 0.000000,
        ">=64" : 0.000000
      },
      "iodepth_submit" : {
        "0" : 0.000000,
        "4" : 100.000000,
        "8" : 0.000000,
        "16" : 0.000000,
        "32" : 0.000000,
        "64" : 0.000000,
        ">=64" : 0.000000
      },
      "iodepth_complete" : {
        "0" : 0.000000,
        "4" : 100.000000,
        "8" : 0.000000,
        "16" : 0.000000,
        "32" : 0.000000,
        "64" : 0.000000,
        ">=64" : 0.000000
      },
      "latency_ns" : {
        "2" : 0.000000,
        "4" : 0.000000,
        "10" : 0.000000,
        "20" : 0.000000,
        "50" : 0.000000,
        "100" : 0.000000,
        "250" : 0.000000,
        "500" : 0.000000,
        "750" : 0.000000,
        "1000" : 0.000000
      },
      "latency_us" : {
        "2" : 0.010000,
        "4" : 71.216150,
        "10" : 27.829336,
        "20" : 0.414978,
        "50" : 0.416914,
        "100" : 0.111650,
        "250" : 0.010000,
        "500" : 0.010000,
        "750" : 0.000000,
        "1000" : 0.010000
      },
      "latency_ms" : {
        "2" : 0.000000,
        "4" : 0.000000,
        "10" : 0.000000,
        "20" : 0.000000,
        "50" : 0.000000,
        "100" : 0.000000,
        "250" : 0.000000,
        "500" : 0.000000,
        "750" : 0.000000,
        "1000" : 0.000000,
        "2000" : 0.000000,
        ">=2000" : 0.000000
      },
      "latency_depth" : 1,
      "latency_target" : 0,
      "latency_percentile" : 100.000000,
      "latency_window" : 0
    }
  ],
  "disk_util" : [
    {
      "name" : "sda",
      "read_ios" : 41,
      "write_ios" : 444025,
      "read_sectors" : 2024,
      "write_sectors" : 3554632,
      "read_merges" : 0,
      "write_merges" : 304,
      "read_ticks" : 71,
      "write_ticks" : 626857,
      "in_queue" : 626928,
      "util" : 99.954480
    }
  ]
}
