{
  "fio version" : "fio-3.36",
  "timestamp" : 1733184507,
  "timestamp_ms" : 1733184507741,
  "time" : "Tue Dec  3 00:08:27 2024",
  "jobs" : [
    {
      "jobname" : "seq_write_direct1_fsync1",
      "groupid" : 0,
      "job_start" : 1733184477727,
      "error" : 0,
      "eta" : 0,
      "elapsed" : 91,
      "job options" : {
        "name" : "seq_write_direct1_fsync1",
        "rw" : "write",
        "direct" : "1",
        "bs" : "4k",
        "runtime" : "30",
        "ramp_time" : "60",
        "filename" : "/dev/sda",
        "iodepth" : "1",
        "numjobs" : "1",
        "fsync" : "1"
      },
      "read" : {
        "io_bytes" : 0,
        "io_kbytes" : 0,
        "bw_bytes" : 0,
        "bw" : 0,
        "iops" : 0.000000,
        "runtime" : 0,
        "total_ios" : 0,
        "short_ios" : 0,
        "drop_ios" : 0,
        "slat_ns" : {
          "min" : 0,
          "max" : 0,
          "mean" : 0.000000,
          "stddev" : 0.000000,
          "N" : 0
        },
        "clat_ns" : {
          "min" : 0,
          "max" : 0,
          "mean" : 0.000000,
          "stddev" : 0.000000,
          "N" : 0
        },
        "lat_ns" : {
          "min" : 0,
          "max" : 0,
          "mean" : 0.000000,
          "stddev" : 0.000000,
          "N" : 0
        },
        "bw_min" : 0,
        "bw_max" : 0,
        "bw_agg" : 0.000000,
        "bw_mean" : 0.000000,
        "bw_dev" : 0.000000,
        "bw_samples" : 0,
        "iops_min" : 0,
        "iops_max" : 0,
        "iops_mean" : 0.000000,
        "iops_stddev" : 0.000000,
        "iops_samples" : 0
      },
      "write" : {
        "io_bytes" : 97570816,
        "io_kbytes" : 95284,
        "bw_bytes" : 3252252,
        "bw" : 3176,
        "iops" : 794.006866,
        "runtime" : 30001,
        "total_ios" : 23821,
        "short_ios" : 0,
        "drop_ios" : 0,
        "slat_ns" : {
          "min" : 0,
          "max" : 0,
          "mean" : 0.000000,
          "stddev" : 0.000000,
          "N" : 0
        },
        "clat_ns" : {
          "min" : 788907,
          "max" : 38538744,
          "mean" : 1257713.013895,
          "stddev" : 724347.210516,
          "N" : 23821,
          "percentile" : {
            "1.000000" : 864256,
            "5.000000" : 897024,
            "10.000000" : 929792,
            "20.000000" : 962560,
            "30.000000" : 995328,
            "40.000000" : 1019904,
            "50.000000" : 1056768,
            "60.000000" : 1105920,
            "70.000000" : 1171456,
            "80.000000" : 1302528,
            "90.000000" : 1761280,
            "95.000000" : 2244608,
            "99.000000" : 4358144,
            "99.500000" : 5472256,
            "99.900000" : 8355840,
            "99.950000" : 9371648,
            "99.990000" : 11862016
          }
        },
        "lat_ns" : {
          "min" : 788907,
          "max" : 38538844,
          "mean" : 1257775.463583,
          "stddev" : 724350.227314,
          "N" : 23821
        },
        "bw_min" : 2589,
        "bw_max" : 3615,
        "bw_agg" : 99.999139,
        "bw_mean" : 3176.950000,
        "bw_dev" : 233.473871,
        "bw_samples" : 60,
        "iops_min" : 647,
        "iops_max" : 903,
        "iops_mean" : 794.150000,
        "iops_stddev" : 58.333008,
        "iops_samples" : 60
      },
      "trim" : {
        "io_bytes" : 0,
        "io_kbytes" : 0,
        "bw_bytes" : 0,
        "bw" : 0,
        "iops" : 0.000000,
        "runtime" : 0,
        "total_ios" : 0,
        "short_ios" : 0,
        "drop_ios" : 0,
        "slat_ns" : {
          "min" : 0,
          "max" : 0,
          "mean" : 0.000000,
          "stddev" : 0.000000,
          "N" : 0
        },
        "clat_ns" : {
          "min" : 0,
          "max" : 0,
          "mean" : 0.000000,
          "stddev" : 0.000000,
          "N" : 0
        },
        "lat_ns" : {
          "min" : 0,
          "max" : 0,
          "mean" : 0.000000,
          "stddev" : 0.000000,
          "N" : 0
        },
        "bw_min" : 0,
        "bw_max" : 0,
        "bw_agg" : 0.000000,
        "bw_mean" : 0.000000,
        "bw_dev" : 0.000000,
        "bw_samples" : 0,
        "iops_min" : 0,
        "iops_max" : 0,
        "iops_mean" : 0.000000,
        "iops_stddev" : 0.000000,
        "iops_samples" : 0
      },
      "sync" : {
        "total_ios" : 23820,
        "lat_ns" : {
          "min" : 700,
          "max" : 51100,
          "mean" : 995.311125,
          "stddev" : 1261.933445,
          "N" : 23820,
          "percentile" : {
            "1.000000" : 804,
            "5.000000" : 804,
            "10.000000" : 804,
            "20.000000" : 900,
            "30.000000" : 900,
            "40.000000" : 900,
            "50.000000" : 900,
            "60.000000" : 900,
            "70.000000" : 900,
            "80.000000" : 1004,
            "90.000000" : 1208,
            "95.000000" : 1304,
            "99.000000" : 1496,
            "99.500000" : 1800,
            "99.900000" : 33024,
            "99.950000" : 36096,
            "99.990000" : 47872
          }
        }
      },
      "job_runtime" : 30000,
      "usr_cpu" : 0.286667,
      "sys_cpu" : 1.780000,
      "ctx" : 23821,
      "majf" : 0,
      "minf" : 36,
      "iodepth_level" : {
        "1" : 199.995802,
        "2" : 0.000000,
        "4" : 0.000000,
        "8" : 0.000000,
        "16" : 0.000000,
        "32" : 0.000000,
        ">=64" : 0.000000
      },
      "iodepth_submit" : {
        "0" : 0.000000,
        "4" : 100.000000,
        "8" : 0.000000,
        "16" : 0.000000,
        "32" : 0.000000,
        "64" : 0.000000,
        ">=64" : 0.000000
      },
      "iodepth_complete" : {
        "0" : 0.000000,
        "4" : 100.000000,
        "8" : 0.000000,
        "16" : 0.000000,
        "32" : 0.000000,
        "64" : 0.000000,
        ">=64" : 0.000000
      },
      "latency_ns" : {
        "2" : 0.000000,
        "4" : 0.000000,
        "10" : 0.000000,
        "20" : 0.000000,
        "50" : 0.000000,
        "100" : 0.000000,
        "250" : 0.000000,
        "500" : 0.000000,
        "750" : 0.000000,
        "1000" : 0.000000
      },
      "latency_us" : {
        "2" : 0.000000,
        "4" : 0.000000,
        "10" : 0.000000,
        "20" : 0.000000,
        "50" : 0.000000,
        "100" : 0.000000,
        "250" : 0.000000,
        "500" : 0.000000,
        "750" : 0.000000,
        "1000" : 32.353805
      },
      "latency_ms" : {
        "2" : 60.866462,
        "4" : 5.381806,
        "10" : 1.372738,
        "20" : 0.020990,
        "50" : 0.010000,
        "100" : 0.000000,
        "250" : 0.000000,
        "500" : 0.000000,
        "750" : 0.000000,
        "1000" : 0.000000,
        "2000" : 0.000000,
        ">=2000" : 0.000000
      },
      "latency_depth" : 1,
      "latency_target" : 0,
      "latency_percentile" : 100.000000,
      "latency_window" : 0
    }
  ],
  "disk_util" : [
    {
      "name" : "sda",
      "read_ios" : 49,
      "write_ios" : 69924,
      "read_sectors" : 2088,
      "write_sectors" : 559392,
      "read_merges" : 0,
      "write_merges" : 0,
      "read_ticks" : 83,
      "write_ticks" : 88023,
      "in_queue" : 88107,
      "util" : 96.688543
    }
  ]
}
