{
  "fio version" : "fio-3.36",
  "timestamp" : 1733184417,
  "timestamp_ms" : 1733184417513,
  "time" : "Tue Dec  3 00:06:57 2024",
  "jobs" : [
    {
      "jobname" : "rand_read_direct0_fsync0",
      "groupid" : 0,
      "job_start" : 1733184386604,
      "error" : 0,
      "eta" : 0,
      "elapsed" : 92,
      "job options" : {
        "name" : "rand_read_direct0_fsync0",
        "rw" : "randread",
        "direct" : "0",
        "bs" : "4k",
        "runtime" : "30",
        "ramp_time" : "60",
        "filename" : "/dev/sda",
        "iodepth" : "1",
        "numjobs" : "16"
      },
      "read" : {
        "io_bytes" : 631644160,
        "io_kbytes" : 616840,
        "bw_bytes" : 21042180,
        "bw" : 20549,
        "iops" : 5137.250983,
        "runtime" : 30018,
        "total_ios" : 154210,
        "short_ios" : 0,
        "drop_ios" : 0,
        "slat_ns" : {
          "min" : 0,
          "max" : 0,
          "mean" : 0.000000,
          "stddev" : 0.000000,
          "N" : 0
        },
        "clat_ns" : {
          "min" : 1500,
          "max" : 60753049,
          "mean" : 3112583.553096,
          "stddev" : 6877839.811161,
          "N" : 154210,
          "percentile" : {
            "1.000000" : 1011712,
            "5.000000" : 1073152,
            "10.000000" : 1122304,
            "20.000000" : 1171456,
            "30.000000" : 1220608,
            "40.000000" : 1269760,
            "50.000000" : 1318912,
            "60.000000" : 1368064,
            "70.000000" : 1433600,
            "80.000000" : 1531904,
            "90.000000" : 1908736,
            "95.000000" : 25034752,
            "99.000000" : 33423360,
            "99.500000" : 39583744,
            "99.900000" : 45350912,
            "99.950000" : 46399488,
            "99.990000" : 53739520
          }
        },
        "lat_ns" : {
          "min" : 1600,
          "max" : 60753149,
          "mean" : 3112706.817340,
          "stddev" : 6877827.664639,
          "N" : 154210
        },
        "bw_min" : 19040,
        "bw_max" : 26967,
        "bw_agg" : 100.000000,
        "bw_mean" : 20563.605085,
        "bw_dev" : 60.670204,
        "bw_samples" : 948,
        "iops_min" : 4760,
        "iops_max" : 6738,
        "iops_mean" : 5140.249718,
        "iops_stddev" : 15.146321,
        "iops_samples" : 948
      },
      "write" : {
        "io_bytes" : 0,
        "io_kbytes" : 0,
        "bw_bytes" : 0,
        "bw" : 0,
        "iops" : 0.000000,
        "runtime" : 0,
        "total_ios" : 0,
        "short_ios" : 0,
        "drop_ios" : 0,
        "slat_ns" : {
          "min" : 0,
          "max" : 0,
          "mean" : 0.000000,
          "stddev" : 0.000000,
          "N" : 0
        },
        "clat_ns" : {
          "min" : 0,
          "max" : 0,
          "mean" : 0.000000,
          "stddev" : 0.000000,
          "N" : 0
        },
        "lat_ns" : {
          "min" : 0,
          "max" : 0,
          "mean" : 0.000000,
          "stddev" : 0.000000,
          "N" : 0
        },
        "bw_min" : 0,
        "bw_max" : 0,
        "bw_agg" : 0.000000,
        "bw_mean" : 0.000000,
        "bw_dev" : 0.000000,
        "bw_samples" : 0,
        "iops_min" : 0,
        "iops_max" : 0,
        "iops_mean" : 0.000000,
        "iops_stddev" : 0.000000,
        "iops_samples" : 0
      },
      "trim" : {
        "io_bytes" : 0,
        "io_kbytes" : 0,
        "bw_bytes" : 0,
        "bw" : 0,
        "iops" : 0.000000,
        "runtime" : 0,
        "total_ios" : 0,
        "short_ios" : 0,
        "drop_ios" : 0,
        "slat_ns" : {
          "min" : 0,
          "max" : 0,
          "mean" : 0.000000,
          "stddev" : 0.000000,
          "N" : 0
        },
        "clat_ns" : {
          "min" : 0,
          "max" : 0,
          "mean" : 0.000000,
          "stddev" : 0.000000,
          "N" : 0
        },
        "lat_ns" : {
          "min" : 0,
          "max" : 0,
          "mean" : 0.000000,
          "stddev" : 0.000000,
          "N" : 0
        },
        "bw_min" : 0,
        "bw_max" : 0,
        "bw_agg" : 0.000000,
        "bw_mean" : 0.000000,
        "bw_dev" : 0.000000,
        "bw_samples" : 0,
        "iops_min" : 0,
        "iops_max" : 0,
        "iops_mean" : 0.000000,
        "iops_stddev" : 0.000000,
        "iops_samples" : 0
      },
      "sync" : {
        "total_ios" : 0,
        "lat_ns" : {
          "min" : 0,
          "max" : 0,
          "mean" : 0.000000,
          "stddev" : 0.000000,
          "N" : 0
        }
      },
      "job_runtime" : 480248,
      "usr_cpu" : 0.198439,
      "sys_cpu" : 1.008229,
      "ctx" : 153837,
      "majf" : 0,
      "minf" : 584,
      "iodepth_level" : {
        "1" : 100.000000,
        "2" : 0.000000,
        "4" : 0.000000,
        "8" : 0.000000,
        "16" : 0.000000,
        "32" : 0.000000,
        ">=64" : 0.000000
      },
      "iodepth_submit" : {
        "0" : 0.000000,
        "4" : 100.000000,
        "8" : 0.000000,
        "16" : 0.000000,
        "32" : 0.000000,
        "64" : 0.000000,
        ">=64" : 0.000000
      },
      "iodepth_complete" : {
        "0" : 0.000000,
        "4" : 100.000000,
        "8" : 0.000000,
        "16" : 0.000000,
        "32" : 0.000000,
        "64" : 0.000000,
        ">=64" : 0.000000
      },
      "latency_ns" : {
        "2" : 0.000000,
        "4" : 0.000000,
        "10" : 0.000000,
        "20" : 0.000000,
        "50" : 0.000000,
        "100" : 0.000000,
        "250" : 0.000000,
        "500" : 0.000000,
        "750" : 0.000000,
        "1000" : 0.000000
      },
      "latency_us" : {
        "2" : 0.010000,
        "4" : 0.212049,
        "10" : 0.024642,
        "20" : 0.000000,
        "50" : 0.010000,
        "100" : 0.000000,
        "250" : 0.000000,
        "500" : 0.000000,
        "750" : 0.000000,
        "1000" : 0.413722
      },
      "latency_ms" : {
        "2" : 89.902730,
        "4" : 2.266390,
        "10" : 0.912392,
        "20" : 0.345633,
        "50" : 5.899099,
        "100" : 0.012969,
        "250" : 0.000000,
        "500" : 0.000000,
        "750" : 0.000000,
        "1000" : 0.000000,
        "2000" : 0.000000,
        ">=2000" : 0.000000
      },
      "latency_depth" : 1,
      "latency_target" : 0,
      "latency_percentile" : 100.000000,
      "latency_window" : 0
    }
  ],
  "disk_util" : [
    {
      "name" : "sda",
      "read_ios" : 461550,
      "write_ios" : 0,
      "read_sectors" : 3692400,
      "write_sectors" : 0,
      "read_merges" : 0,
      "write_merges" : 0,
      "read_ticks" : 1419998,
      "write_ticks" : 0,
      "in_queue" : 1419998,
      "util" : 99.910077
    }
  ]
}
