{
  "fio version" : "fio-3.36",
  "timestamp" : 1733281744,
  "timestamp_ms" : 1733281744374,
  "time" : "Wed Dec  4 03:09:04 2024",
  "jobs" : [
    {
      "jobname" : "randwrite_direct0_fsync1_threads_1_93b3",
      "groupid" : 0,
      "job_start" : 1733281684138,
      "error" : 0,
      "eta" : 0,
      "elapsed" : 91,
      "job options" : {
        "name" : "randwrite_direct0_fsync1_threads_1_93b3",
        "rw" : "randwrite",
        "direct" : "0",
        "filename" : "/dev/sda",
        "numjobs" : "1",
        "fsync" : "1",
        "bs" : "4k",
        "ramp_time" : "30",
        "runtime" : "60",
        "iodepth" : "1",
        "end_fsync" : "1"
      },
      "read" : {
        "io_bytes" : 0,
        "io_kbytes" : 0,
        "bw_bytes" : 0,
        "bw" : 0,
        "iops" : 0.000000,
        "runtime" : 0,
        "total_ios" : 0,
        "short_ios" : 0,
        "drop_ios" : 0,
        "slat_ns" : {
          "min" : 0,
          "max" : 0,
          "mean" : 0.000000,
          "stddev" : 0.000000,
          "N" : 0
        },
        "clat_ns" : {
          "min" : 0,
          "max" : 0,
          "mean" : 0.000000,
          "stddev" : 0.000000,
          "N" : 0
        },
        "lat_ns" : {
          "min" : 0,
          "max" : 0,
          "mean" : 0.000000,
          "stddev" : 0.000000,
          "N" : 0
        },
        "bw_min" : 0,
        "bw_max" : 0,
        "bw_agg" : 0.000000,
        "bw_mean" : 0.000000,
        "bw_dev" : 0.000000,
        "bw_samples" : 0,
        "iops_min" : 0,
        "iops_max" : 0,
        "iops_mean" : 0.000000,
        "iops_stddev" : 0.000000,
        "iops_samples" : 0
      },
      "write" : {
        "io_bytes" : 224538624,
        "io_kbytes" : 219276,
        "bw_bytes" : 3742248,
        "bw" : 3654,
        "iops" : 913.634773,
        "runtime" : 60001,
        "total_ios" : 54819,
        "short_ios" : 0,
        "drop_ios" : 0,
        "slat_ns" : {
          "min" : 0,
          "max" : 0,
          "mean" : 0.000000,
          "stddev" : 0.000000,
          "N" : 0
        },
        "clat_ns" : {
          "min" : 4200,
          "max" : 99001,
          "mean" : 5600.969445,
          "stddev" : 3384.015387,
          "N" : 54819,
          "percentile" : {
            "1.000000" : 4512,
            "5.000000" : 4576,
            "10.000000" : 4704,
            "20.000000" : 4832,
            "30.000000" : 4832,
            "40.000000" : 4896,
            "50.000000" : 5024,
            "60.000000" : 5088,
            "70.000000" : 5280,
            "80.000000" : 5600,
            "90.000000" : 6432,
            "95.000000" : 8256,
            "99.000000" : 12352,
            "99.500000" : 41216,
            "99.900000" : 49408,
            "99.950000" : 55040,
            "99.990000" : 71168
          }
        },
        "lat_ns" : {
          "min" : 4300,
          "max" : 99101,
          "mean" : 5722.475620,
          "stddev" : 3421.701372,
          "N" : 54819
        },
        "bw_min" : 3240,
        "bw_max" : 4080,
        "bw_agg" : 100.000000,
        "bw_mean" : 3656.616667,
        "bw_dev" : 152.003935,
        "bw_samples" : 120,
        "iops_min" : 810,
        "iops_max" : 1020,
        "iops_mean" : 913.941667,
        "iops_stddev" : 38.021068,
        "iops_samples" : 120
      },
      "trim" : {
        "io_bytes" : 0,
        "io_kbytes" : 0,
        "bw_bytes" : 0,
        "bw" : 0,
        "iops" : 0.000000,
        "runtime" : 0,
        "total_ios" : 0,
        "short_ios" : 0,
        "drop_ios" : 0,
        "slat_ns" : {
          "min" : 0,
          "max" : 0,
          "mean" : 0.000000,
          "stddev" : 0.000000,
          "N" : 0
        },
        "clat_ns" : {
          "min" : 0,
          "max" : 0,
          "mean" : 0.000000,
          "stddev" : 0.000000,
          "N" : 0
        },
        "lat_ns" : {
          "min" : 0,
          "max" : 0,
          "mean" : 0.000000,
          "stddev" : 0.000000,
          "N" : 0
        },
        "bw_min" : 0,
        "bw_max" : 0,
        "bw_agg" : 0.000000,
        "bw_mean" : 0.000000,
        "bw_dev" : 0.000000,
        "bw_samples" : 0,
        "iops_min" : 0,
        "iops_max" : 0,
        "iops_mean" : 0.000000,
        "iops_stddev" : 0.000000,
        "iops_samples" : 0
      },
      "sync" : {
        "total_ios" : 54819,
        "lat_ns" : {
          "min" : 754206,
          "max" : 16921826,
          "mean" : 1087639.162261,
          "stddev" : 446965.407250,
          "N" : 54819,
          "percentile" : {
            "1.000000" : 831488,
            "5.000000" : 864256,
            "10.000000" : 888832,
            "20.000000" : 913408,
            "30.000000" : 937984,
            "40.000000" : 962560,
            "50.000000" : 995328,
            "60.000000" : 1028096,
            "70.000000" : 1073152,
            "80.000000" : 1138688,
            "90.000000" : 1302528,
            "95.000000" : 1548288,
            "99.000000" : 2703360,
            "99.500000" : 3620864,
            "99.900000" : 5668864,
            "99.950000" : 7700480,
            "99.990000" : 16056320
          }
        }
      },
      "job_runtime" : 60000,
      "usr_cpu" : 0.430000,
      "sys_cpu" : 2.810000,
      "ctx" : 54819,
      "majf" : 0,
      "minf" : 36,
      "iodepth_level" : {
        "1" : 200.000000,
        "2" : 0.000000,
        "4" : 0.000000,
        "8" : 0.000000,
        "16" : 0.000000,
        "32" : 0.000000,
        ">=64" : 0.000000
      },
      "iodepth_submit" : {
        "0" : 0.000000,
        "4" : 100.000000,
        "8" : 0.000000,
        "16" : 0.000000,
        "32" : 0.000000,
        "64" : 0.000000,
        ">=64" : 0.000000
      },
      "iodepth_complete" : {
        "0" : 0.000000,
        "4" : 100.000000,
        "8" : 0.000000,
        "16" : 0.000000,
        "32" : 0.000000,
        "64" : 0.000000,
        ">=64" : 0.000000
      },
      "latency_ns" : {
        "2" : 0.000000,
        "4" : 0.000000,
        "10" : 0.000000,
        "20" : 0.000000,
        "50" : 0.000000,
        "100" : 0.000000,
        "250" : 0.000000,
        "500" : 0.000000,
        "750" : 0.000000,
        "1000" : 0.000000
      },
      "latency_us" : {
        "2" : 0.000000,
        "4" : 0.000000,
        "10" : 98.371003,
        "20" : 1.006950,
        "50" : 0.525365,
        "100" : 0.096682,
        "250" : 0.000000,
        "500" : 0.000000,
        "750" : 0.000000,
        "1000" : 0.000000
      },
      "latency_ms" : {
        "2" : 0.000000,
        "4" : 0.000000,
        "10" : 0.000000,
        "20" : 0.000000,
        "50" : 0.000000,
        "100" : 0.000000,
        "250" : 0.000000,
        "500" : 0.000000,
        "750" : 0.000000,
        "1000" : 0.000000,
        "2000" : 0.000000,
        ">=2000" : 0.000000
      },
      "latency_depth" : 1,
      "latency_target" : 0,
      "latency_percentile" : 100.000000,
      "latency_window" : 0
    }
  ],
  "disk_util" : [
    {
      "name" : "sda",
      "read_ios" : 41,
      "write_ios" : 81995,
      "read_sectors" : 2024,
      "write_sectors" : 655960,
      "read_merges" : 0,
      "write_merges" : 0,
      "read_ticks" : 76,
      "write_ticks" : 87123,
      "in_queue" : 87199,
      "util" : 95.035091
    }
  ]
}
