{
  "fio version" : "fio-3.36",
  "timestamp" : 1733186705,
  "timestamp_ms" : 1733186705767,
  "time" : "Tue Dec  3 00:45:05 2024",
  "jobs" : [
    {
      "jobname" : "rand_write_direct1_fsync1",
      "groupid" : 0,
      "job_start" : 1733186675745,
      "error" : 0,
      "eta" : 0,
      "elapsed" : 91,
      "job options" : {
        "name" : "rand_write_direct1_fsync1",
        "rw" : "randwrite",
        "direct" : "1",
        "bs" : "4k",
        "runtime" : "30",
        "ramp_time" : "60",
        "filename" : "/dev/sda",
        "iodepth" : "1",
        "numjobs" : "2",
        "fsync" : "1"
      },
      "read" : {
        "io_bytes" : 0,
        "io_kbytes" : 0,
        "bw_bytes" : 0,
        "bw" : 0,
        "iops" : 0.000000,
        "runtime" : 0,
        "total_ios" : 0,
        "short_ios" : 0,
        "drop_ios" : 0,
        "slat_ns" : {
          "min" : 0,
          "max" : 0,
          "mean" : 0.000000,
          "stddev" : 0.000000,
          "N" : 0
        },
        "clat_ns" : {
          "min" : 0,
          "max" : 0,
          "mean" : 0.000000,
          "stddev" : 0.000000,
          "N" : 0
        },
        "lat_ns" : {
          "min" : 0,
          "max" : 0,
          "mean" : 0.000000,
          "stddev" : 0.000000,
          "N" : 0
        },
        "bw_min" : 0,
        "bw_max" : 0,
        "bw_agg" : 0.000000,
        "bw_mean" : 0.000000,
        "bw_dev" : 0.000000,
        "bw_samples" : 0,
        "iops_min" : 0,
        "iops_max" : 0,
        "iops_mean" : 0.000000,
        "iops_stddev" : 0.000000,
        "iops_samples" : 0
      },
      "write" : {
        "io_bytes" : 225550336,
        "io_kbytes" : 220264,
        "bw_bytes" : 7518093,
        "bw" : 7341,
        "iops" : 1835.472151,
        "runtime" : 30001,
        "total_ios" : 55066,
        "short_ios" : 0,
        "drop_ios" : 0,
        "slat_ns" : {
          "min" : 0,
          "max" : 0,
          "mean" : 0.000000,
          "stddev" : 0.000000,
          "N" : 0
        },
        "clat_ns" : {
          "min" : 690706,
          "max" : 25534025,
          "mean" : 1087570.908619,
          "stddev" : 683309.981730,
          "N" : 55066,
          "percentile" : {
            "1.000000" : 774144,
            "5.000000" : 806912,
            "10.000000" : 831488,
            "20.000000" : 856064,
            "30.000000" : 880640,
            "40.000000" : 913408,
            "50.000000" : 937984,
            "60.000000" : 970752,
            "70.000000" : 1019904,
            "80.000000" : 1105920,
            "90.000000" : 1318912,
            "95.000000" : 1810432,
            "99.000000" : 3915776,
            "99.500000" : 5603328,
            "99.900000" : 8978432,
            "99.950000" : 10158080,
            "99.990000" : 20054016
          }
        },
        "lat_ns" : {
          "min" : 690806,
          "max" : 25534325,
          "mean" : 1087642.784913,
          "stddev" : 683315.939799,
          "N" : 55066
        },
        "bw_min" : 5232,
        "bw_max" : 8280,
        "bw_agg" : 100.000000,
        "bw_mean" : 7345.283333,
        "bw_dev" : 289.456874,
        "bw_samples" : 120,
        "iops_min" : 1308,
        "iops_max" : 2070,
        "iops_mean" : 1836.016667,
        "iops_stddev" : 72.372305,
        "iops_samples" : 120
      },
      "trim" : {
        "io_bytes" : 0,
        "io_kbytes" : 0,
        "bw_bytes" : 0,
        "bw" : 0,
        "iops" : 0.000000,
        "runtime" : 0,
        "total_ios" : 0,
        "short_ios" : 0,
        "drop_ios" : 0,
        "slat_ns" : {
          "min" : 0,
          "max" : 0,
          "mean" : 0.000000,
          "stddev" : 0.000000,
          "N" : 0
        },
        "clat_ns" : {
          "min" : 0,
          "max" : 0,
          "mean" : 0.000000,
          "stddev" : 0.000000,
          "N" : 0
        },
        "lat_ns" : {
          "min" : 0,
          "max" : 0,
          "mean" : 0.000000,
          "stddev" : 0.000000,
          "N" : 0
        },
        "bw_min" : 0,
        "bw_max" : 0,
        "bw_agg" : 0.000000,
        "bw_mean" : 0.000000,
        "bw_dev" : 0.000000,
        "bw_samples" : 0,
        "iops_min" : 0,
        "iops_max" : 0,
        "iops_mean" : 0.000000,
        "iops_stddev" : 0.000000,
        "iops_samples" : 0
      },
      "sync" : {
        "total_ios" : 55064,
        "lat_ns" : {
          "min" : 700,
          "max" : 66801,
          "mean" : 1017.202964,
          "stddev" : 1339.559418,
          "N" : 55064,
          "percentile" : {
            "1.000000" : 804,
            "5.000000" : 804,
            "10.000000" : 804,
            "20.000000" : 900,
            "30.000000" : 900,
            "40.000000" : 900,
            "50.000000" : 900,
            "60.000000" : 900,
            "70.000000" : 1004,
            "80.000000" : 1004,
            "90.000000" : 1096,
            "95.000000" : 1208,
            "99.000000" : 1896,
            "99.500000" : 2096,
            "99.900000" : 23424,
            "99.950000" : 35584,
            "99.990000" : 41728
          }
        }
      },
      "job_runtime" : 60000,
      "usr_cpu" : 0.480000,
      "sys_cpu" : 2.270000,
      "ctx" : 55066,
      "majf" : 0,
      "minf" : 73,
      "iodepth_level" : {
        "1" : 199.996368,
        "2" : 0.000000,
        "4" : 0.000000,
        "8" : 0.000000,
        "16" : 0.000000,
        "32" : 0.000000,
        ">=64" : 0.000000
      },
      "iodepth_submit" : {
        "0" : 0.000000,
        "4" : 100.000000,
        "8" : 0.000000,
        "16" : 0.000000,
        "32" : 0.000000,
        "64" : 0.000000,
        ">=64" : 0.000000
      },
      "iodepth_complete" : {
        "0" : 0.000000,
        "4" : 100.000000,
        "8" : 0.000000,
        "16" : 0.000000,
        "32" : 0.000000,
        "64" : 0.000000,
        ">=64" : 0.000000
      },
      "latency_ns" : {
        "2" : 0.000000,
        "4" : 0.000000,
        "10" : 0.000000,
        "20" : 0.000000,
        "50" : 0.000000,
        "100" : 0.000000,
        "250" : 0.000000,
        "500" : 0.000000,
        "750" : 0.000000,
        "1000" : 0.000000
      },
      "latency_us" : {
        "2" : 0.000000,
        "4" : 0.000000,
        "10" : 0.000000,
        "20" : 0.000000,
        "50" : 0.000000,
        "100" : 0.000000,
        "250" : 0.000000,
        "500" : 0.000000,
        "750" : 0.285112,
        "1000" : 65.564958
      },
      "latency_ms" : {
        "2" : 30.379908,
        "4" : 2.858388,
        "10" : 0.858969,
        "20" : 0.045400,
        "50" : 0.010000,
        "100" : 0.000000,
        "250" : 0.000000,
        "500" : 0.000000,
        "750" : 0.000000,
        "1000" : 0.000000,
        "2000" : 0.000000,
        ">=2000" : 0.000000
      },
      "latency_depth" : 1,
      "latency_target" : 0,
      "latency_percentile" : 100.000000,
      "latency_window" : 0
    }
  ],
  "disk_util" : [
    {
      "name" : "sda",
      "read_ios" : 49,
      "write_ios" : 170126,
      "read_sectors" : 2088,
      "write_sectors" : 1361008,
      "read_merges" : 0,
      "write_merges" : 0,
      "read_ticks" : 60,
      "write_ticks" : 175343,
      "in_queue" : 175402,
      "util" : 99.855657
    }
  ]
}
