{
  "fio version" : "fio-3.36",
  "timestamp" : 1733282557,
  "timestamp_ms" : 1733282557933,
  "time" : "Wed Dec  4 03:22:37 2024",
  "jobs" : [
    {
      "jobname" : "read_direct1_fsync0_threads_8_13b9",
      "groupid" : 0,
      "job_start" : 1733282497921,
      "error" : 0,
      "eta" : 0,
      "elapsed" : 91,
      "job options" : {
        "name" : "read_direct1_fsync0_threads_8_13b9",
        "rw" : "read",
        "direct" : "1",
        "filename" : "/dev/sda",
        "numjobs" : "8",
        "fsync" : "0",
        "bs" : "4k",
        "ramp_time" : "30",
        "runtime" : "60",
        "iodepth" : "1",
        "end_fsync" : "1"
      },
      "read" : {
        "io_bytes" : 1250590720,
        "io_kbytes" : 1221280,
        "bw_bytes" : 20842831,
        "bw" : 20354,
        "iops" : 5088.581857,
        "runtime" : 60001,
        "total_ios" : 305320,
        "short_ios" : 0,
        "drop_ios" : 0,
        "slat_ns" : {
          "min" : 0,
          "max" : 0,
          "mean" : 0.000000,
          "stddev" : 0.000000,
          "N" : 0
        },
        "clat_ns" : {
          "min" : 836006,
          "max" : 33502556,
          "mean" : 1571260.324941,
          "stddev" : 526889.929606,
          "N" : 305320,
          "percentile" : {
            "1.000000" : 1019904,
            "5.000000" : 1105920,
            "10.000000" : 1187840,
            "20.000000" : 1351680,
            "30.000000" : 1417216,
            "40.000000" : 1466368,
            "50.000000" : 1515520,
            "60.000000" : 1564672,
            "70.000000" : 1613824,
            "80.000000" : 1695744,
            "90.000000" : 1843200,
            "95.000000" : 2088960,
            "99.000000" : 3391488,
            "99.500000" : 4489216,
            "99.900000" : 7110656,
            "99.950000" : 8355840,
            "99.990000" : 16318464
          }
        },
        "lat_ns" : {
          "min" : 836106,
          "max" : 33502656,
          "mean" : 1571376.748913,
          "stddev" : 526890.356844,
          "N" : 305320
        },
        "bw_min" : 18208,
        "bw_max" : 21440,
        "bw_agg" : 100.000000,
        "bw_mean" : 20362.311064,
        "bw_dev" : 67.335807,
        "bw_samples" : 959,
        "iops_min" : 4552,
        "iops_max" : 5360,
        "iops_mean" : 5090.277451,
        "iops_stddev" : 16.816996,
        "iops_samples" : 959
      },
      "write" : {
        "io_bytes" : 0,
        "io_kbytes" : 0,
        "bw_bytes" : 0,
        "bw" : 0,
        "iops" : 0.000000,
        "runtime" : 0,
        "total_ios" : 0,
        "short_ios" : 0,
        "drop_ios" : 0,
        "slat_ns" : {
          "min" : 0,
          "max" : 0,
          "mean" : 0.000000,
          "stddev" : 0.000000,
          "N" : 0
        },
        "clat_ns" : {
          "min" : 0,
          "max" : 0,
          "mean" : 0.000000,
          "stddev" : 0.000000,
          "N" : 0
        },
        "lat_ns" : {
          "min" : 0,
          "max" : 0,
          "mean" : 0.000000,
          "stddev" : 0.000000,
          "N" : 0
        },
        "bw_min" : 0,
        "bw_max" : 0,
        "bw_agg" : 0.000000,
        "bw_mean" : 0.000000,
        "bw_dev" : 0.000000,
        "bw_samples" : 0,
        "iops_min" : 0,
        "iops_max" : 0,
        "iops_mean" : 0.000000,
        "iops_stddev" : 0.000000,
        "iops_samples" : 0
      },
      "trim" : {
        "io_bytes" : 0,
        "io_kbytes" : 0,
        "bw_bytes" : 0,
        "bw" : 0,
        "iops" : 0.000000,
        "runtime" : 0,
        "total_ios" : 0,
        "short_ios" : 0,
        "drop_ios" : 0,
        "slat_ns" : {
          "min" : 0,
          "max" : 0,
          "mean" : 0.000000,
          "stddev" : 0.000000,
          "N" : 0
        },
        "clat_ns" : {
          "min" : 0,
          "max" : 0,
          "mean" : 0.000000,
          "stddev" : 0.000000,
          "N" : 0
        },
        "lat_ns" : {
          "min" : 0,
          "max" : 0,
          "mean" : 0.000000,
          "stddev" : 0.000000,
          "N" : 0
        },
        "bw_min" : 0,
        "bw_max" : 0,
        "bw_agg" : 0.000000,
        "bw_mean" : 0.000000,
        "bw_dev" : 0.000000,
        "bw_samples" : 0,
        "iops_min" : 0,
        "iops_max" : 0,
        "iops_mean" : 0.000000,
        "iops_stddev" : 0.000000,
        "iops_samples" : 0
      },
      "sync" : {
        "total_ios" : 0,
        "lat_ns" : {
          "min" : 0,
          "max" : 0,
          "mean" : 0.000000,
          "stddev" : 0.000000,
          "N" : 0
        }
      },
      "job_runtime" : 480000,
      "usr_cpu" : 0.326667,
      "sys_cpu" : 1.646875,
      "ctx" : 305337,
      "majf" : 0,
      "minf" : 292,
      "iodepth_level" : {
        "1" : 100.000000,
        "2" : 0.000000,
        "4" : 0.000000,
        "8" : 0.000000,
        "16" : 0.000000,
        "32" : 0.000000,
        ">=64" : 0.000000
      },
      "iodepth_submit" : {
        "0" : 0.000000,
        "4" : 100.000000,
        "8" : 0.000000,
        "16" : 0.000000,
        "32" : 0.000000,
        "64" : 0.000000,
        ">=64" : 0.000000
      },
      "iodepth_complete" : {
        "0" : 0.000000,
        "4" : 100.000000,
        "8" : 0.000000,
        "16" : 0.000000,
        "32" : 0.000000,
        "64" : 0.000000,
        ">=64" : 0.000000
      },
      "latency_ns" : {
        "2" : 0.000000,
        "4" : 0.000000,
        "10" : 0.000000,
        "20" : 0.000000,
        "50" : 0.000000,
        "100" : 0.000000,
        "250" : 0.000000,
        "500" : 0.000000,
        "750" : 0.000000,
        "1000" : 0.000000
      },
      "latency_us" : {
        "2" : 0.000000,
        "4" : 0.000000,
        "10" : 0.000000,
        "20" : 0.000000,
        "50" : 0.000000,
        "100" : 0.000000,
        "250" : 0.000000,
        "500" : 0.000000,
        "750" : 0.000000,
        "1000" : 0.561378
      },
      "latency_ms" : {
        "2" : 93.417726,
        "4" : 5.357002,
        "10" : 0.628848,
        "20" : 0.028822,
        "50" : 0.010000,
        "100" : 0.000000,
        "250" : 0.000000,
        "500" : 0.000000,
        "750" : 0.000000,
        "1000" : 0.000000,
        "2000" : 0.000000,
        ">=2000" : 0.000000
      },
      "latency_depth" : 1,
      "latency_target" : 0,
      "latency_percentile" : 100.000000,
      "latency_window" : 0
    }
  ],
  "disk_util" : [
    {
      "name" : "sda",
      "read_ios" : 456968,
      "write_ios" : 0,
      "read_sectors" : 3655744,
      "write_sectors" : 0,
      "read_merges" : 0,
      "write_merges" : 0,
      "read_ticks" : 705304,
      "write_ticks" : 0,
      "in_queue" : 705305,
      "util" : 99.927831
    }
  ]
}
