{
  "fio version" : "fio-3.36",
  "timestamp" : 1733183782,
  "timestamp_ms" : 1733183782885,
  "time" : "Mon Dec  2 23:56:22 2024",
  "jobs" : [
    {
      "jobname" : "rand_read_direct1_fsync0",
      "groupid" : 0,
      "job_start" : 1733183752872,
      "error" : 0,
      "eta" : 0,
      "elapsed" : 91,
      "job options" : {
        "name" : "rand_read_direct1_fsync0",
        "rw" : "randread",
        "direct" : "1",
        "bs" : "4k",
        "runtime" : "30",
        "ramp_time" : "60",
        "filename" : "/dev/sda",
        "iodepth" : "1",
        "numjobs" : "4"
      },
      "read" : {
        "io_bytes" : 421425152,
        "io_kbytes" : 411548,
        "bw_bytes" : 14046568,
        "bw" : 13717,
        "iops" : 3429.338044,
        "runtime" : 30002,
        "total_ios" : 102887,
        "short_ios" : 0,
        "drop_ios" : 0,
        "slat_ns" : {
          "min" : 0,
          "max" : 0,
          "mean" : 0.000000,
          "stddev" : 0.000000,
          "N" : 0
        },
        "clat_ns" : {
          "min" : 724609,
          "max" : 19291843,
          "mean" : 1165430.929855,
          "stddev" : 453631.813676,
          "N" : 102887,
          "percentile" : {
            "1.000000" : 864256,
            "5.000000" : 921600,
            "10.000000" : 962560,
            "20.000000" : 1019904,
            "30.000000" : 1056768,
            "40.000000" : 1089536,
            "50.000000" : 1105920,
            "60.000000" : 1138688,
            "70.000000" : 1171456,
            "80.000000" : 1220608,
            "90.000000" : 1302528,
            "95.000000" : 1417216,
            "99.000000" : 2277376,
            "99.500000" : 4423680,
            "99.900000" : 7307264,
            "99.950000" : 7962624,
            "99.990000" : 13303808
          }
        },
        "lat_ns" : {
          "min" : 724709,
          "max" : 19291943,
          "mean" : 1165514.268897,
          "stddev" : 453632.313127,
          "N" : 102887
        },
        "bw_min" : 12452,
        "bw_max" : 14680,
        "bw_agg" : 100.000000,
        "bw_mean" : 13728.808475,
        "bw_dev" : 135.912502,
        "bw_samples" : 238,
        "iops_min" : 3112,
        "iops_max" : 3670,
        "iops_mean" : 3431.436441,
        "iops_stddev" : 33.942498,
        "iops_samples" : 238
      },
      "write" : {
        "io_bytes" : 0,
        "io_kbytes" : 0,
        "bw_bytes" : 0,
        "bw" : 0,
        "iops" : 0.000000,
        "runtime" : 0,
        "total_ios" : 0,
        "short_ios" : 0,
        "drop_ios" : 0,
        "slat_ns" : {
          "min" : 0,
          "max" : 0,
          "mean" : 0.000000,
          "stddev" : 0.000000,
          "N" : 0
        },
        "clat_ns" : {
          "min" : 0,
          "max" : 0,
          "mean" : 0.000000,
          "stddev" : 0.000000,
          "N" : 0
        },
        "lat_ns" : {
          "min" : 0,
          "max" : 0,
          "mean" : 0.000000,
          "stddev" : 0.000000,
          "N" : 0
        },
        "bw_min" : 0,
        "bw_max" : 0,
        "bw_agg" : 0.000000,
        "bw_mean" : 0.000000,
        "bw_dev" : 0.000000,
        "bw_samples" : 0,
        "iops_min" : 0,
        "iops_max" : 0,
        "iops_mean" : 0.000000,
        "iops_stddev" : 0.000000,
        "iops_samples" : 0
      },
      "trim" : {
        "io_bytes" : 0,
        "io_kbytes" : 0,
        "bw_bytes" : 0,
        "bw" : 0,
        "iops" : 0.000000,
        "runtime" : 0,
        "total_ios" : 0,
        "short_ios" : 0,
        "drop_ios" : 0,
        "slat_ns" : {
          "min" : 0,
          "max" : 0,
          "mean" : 0.000000,
          "stddev" : 0.000000,
          "N" : 0
        },
        "clat_ns" : {
          "min" : 0,
          "max" : 0,
          "mean" : 0.000000,
          "stddev" : 0.000000,
          "N" : 0
        },
        "lat_ns" : {
          "min" : 0,
          "max" : 0,
          "mean" : 0.000000,
          "stddev" : 0.000000,
          "N" : 0
        },
        "bw_min" : 0,
        "bw_max" : 0,
        "bw_agg" : 0.000000,
        "bw_mean" : 0.000000,
        "bw_dev" : 0.000000,
        "bw_samples" : 0,
        "iops_min" : 0,
        "iops_max" : 0,
        "iops_mean" : 0.000000,
        "iops_stddev" : 0.000000,
        "iops_samples" : 0
      },
      "sync" : {
        "total_ios" : 0,
        "lat_ns" : {
          "min" : 0,
          "max" : 0,
          "mean" : 0.000000,
          "stddev" : 0.000000,
          "N" : 0
        }
      },
      "job_runtime" : 120001,
      "usr_cpu" : 0.445830,
      "sys_cpu" : 1.864984,
      "ctx" : 102888,
      "majf" : 0,
      "minf" : 146,
      "iodepth_level" : {
        "1" : 100.000000,
        "2" : 0.000000,
        "4" : 0.000000,
        "8" : 0.000000,
        "16" : 0.000000,
        "32" : 0.000000,
        ">=64" : 0.000000
      },
      "iodepth_submit" : {
        "0" : 0.000000,
        "4" : 100.000000,
        "8" : 0.000000,
        "16" : 0.000000,
        "32" : 0.000000,
        "64" : 0.000000,
        ">=64" : 0.000000
      },
      "iodepth_complete" : {
        "0" : 0.000000,
        "4" : 100.000000,
        "8" : 0.000000,
        "16" : 0.000000,
        "32" : 0.000000,
        "64" : 0.000000,
        ">=64" : 0.000000
      },
      "latency_ns" : {
        "2" : 0.000000,
        "4" : 0.000000,
        "10" : 0.000000,
        "20" : 0.000000,
        "50" : 0.000000,
        "100" : 0.000000,
        "250" : 0.000000,
        "500" : 0.000000,
        "750" : 0.000000,
        "1000" : 0.000000
      },
      "latency_us" : {
        "2" : 0.000000,
        "4" : 0.000000,
        "10" : 0.000000,
        "20" : 0.000000,
        "50" : 0.000000,
        "100" : 0.000000,
        "250" : 0.000000,
        "500" : 0.000000,
        "750" : 0.010000,
        "1000" : 16.207101
      },
      "latency_ms" : {
        "2" : 82.558535,
        "4" : 0.666751,
        "10" : 0.545258,
        "20" : 0.021383,
        "50" : 0.000000,
        "100" : 0.000000,
        "250" : 0.000000,
        "500" : 0.000000,
        "750" : 0.000000,
        "1000" : 0.000000,
        "2000" : 0.000000,
        ">=2000" : 0.000000
      },
      "latency_depth" : 1,
      "latency_target" : 0,
      "latency_percentile" : 100.000000,
      "latency_window" : 0
    }
  ],
  "disk_util" : [
    {
      "name" : "sda",
      "read_ios" : 310986,
      "write_ios" : 0,
      "read_sectors" : 2487888,
      "write_sectors" : 0,
      "read_merges" : 0,
      "write_merges" : 0,
      "read_ticks" : 351816,
      "write_ticks" : 0,
      "in_queue" : 351816,
      "util" : 99.928932
    }
  ]
}
