{
    "fio version": "fio-3.36",
    "timestamp": 1733285911,
    "timestamp_ms": 1733285911688,
    "time": "Wed Dec  4 04:18:31 2024",
    "jobs": [
        {
            "jobname": "8",
            "groupid": 0,
            "job_start": 1733285850761,
            "error": 0,
            "eta": 0,
            "elapsed": 92,
            "job options": {
                "name": "8",
                "rw": "read",
                "direct": "0",
                "filename": "/dev/sda",
                "numjobs": "4",
                "fsync": "0",
                "bs": "4k",
                "ramp_time": "30",
                "runtime": "60",
                "iodepth": "1",
                "end_fsync": "1"
            },
            "read": {
                "io_bytes": 24790843392,
                "io_kbytes": 24209808,
                "bw_bytes": 413166950,
                "bw": 403483,
                "iops": 100870.837639,
                "runtime": 60002,
                "total_ios": 6052452,
                "short_ios": 0,
                "drop_ios": 0,
                "slat_ns": {
                    "min": 0,
                    "max": 0,
                    "mean": 0.000000,
                    "stddev": 0.000000,
                    "N": 0
                },
                "clat_ns": {
                    "min": 700,
                    "max": 28681931,
                    "mean": 39387.800093,
                    "stddev": 283397.919227,
                    "N": 6052452,
                    "percentile": {
                        "1.000000": 700,
                        "5.000000": 700,
                        "10.000000": 804,
                        "20.000000": 804,
                        "30.000000": 804,
                        "40.000000": 804,
                        "50.000000": 900,
                        "60.000000": 1004,
                        "70.000000": 1004,
                        "80.000000": 1004,
                        "90.000000": 1096,
                        "95.000000": 1608,
                        "99.000000": 1744896,
                        "99.500000": 2211840,
                        "99.900000": 2932736,
                        "99.950000": 3391488,
                        "99.990000": 5668864
                    }
                },
                "lat_ns": {
                    "min": 700,
                    "max": 28682031,
                    "mean": 39431.401368,
                    "stddev": 283397.772770,
                    "N": 6052452
                },
                "bw_min": 270816,
                "bw_max": 504032,
                "bw_agg": 100.000000,
                "bw_mean": 403771.033333,
                "bw_dev": 11538.342107,
                "bw_samples": 480,
                "iops_min": 67704,
                "iops_max": 126008,
                "iops_mean": 100942.366667,
                "iops_stddev": 2884.559869,
                "iops_samples": 480
            },
            "write": {
                "io_bytes": 0,
                "io_kbytes": 0,
                "bw_bytes": 0,
                "bw": 0,
                "iops": 0.000000,
                "runtime": 0,
                "total_ios": 0,
                "short_ios": 0,
                "drop_ios": 0,
                "slat_ns": {
                    "min": 0,
                    "max": 0,
                    "mean": 0.000000,
                    "stddev": 0.000000,
                    "N": 0
                },
                "clat_ns": {
                    "min": 0,
                    "max": 0,
                    "mean": 0.000000,
                    "stddev": 0.000000,
                    "N": 0
                },
                "lat_ns": {
                    "min": 0,
                    "max": 0,
                    "mean": 0.000000,
                    "stddev": 0.000000,
                    "N": 0
                },
                "bw_min": 0,
                "bw_max": 0,
                "bw_agg": 0.000000,
                "bw_mean": 0.000000,
                "bw_dev": 0.000000,
                "bw_samples": 0,
                "iops_min": 0,
                "iops_max": 0,
                "iops_mean": 0.000000,
                "iops_stddev": 0.000000,
                "iops_samples": 0
            },
            "trim": {
                "io_bytes": 0,
                "io_kbytes": 0,
                "bw_bytes": 0,
                "bw": 0,
                "iops": 0.000000,
                "runtime": 0,
                "total_ios": 0,
                "short_ios": 0,
                "drop_ios": 0,
                "slat_ns": {
                    "min": 0,
                    "max": 0,
                    "mean": 0.000000,
                    "stddev": 0.000000,
                    "N": 0
                },
                "clat_ns": {
                    "min": 0,
                    "max": 0,
                    "mean": 0.000000,
                    "stddev": 0.000000,
                    "N": 0
                },
                "lat_ns": {
                    "min": 0,
                    "max": 0,
                    "mean": 0.000000,
                    "stddev": 0.000000,
                    "N": 0
                },
                "bw_min": 0,
                "bw_max": 0,
                "bw_agg": 0.000000,
                "bw_mean": 0.000000,
                "bw_dev": 0.000000,
                "bw_samples": 0,
                "iops_min": 0,
                "iops_max": 0,
                "iops_mean": 0.000000,
                "iops_stddev": 0.000000,
                "iops_samples": 0
            },
            "sync": {
                "total_ios": 0,
                "lat_ns": {
                    "min": 0,
                    "max": 0,
                    "mean": 0.000000,
                    "stddev": 0.000000,
                    "N": 0
                }
            },
            "job_runtime": 240001,
            "usr_cpu": 1.584160,
            "sys_cpu": 4.426232,
            "ctx": 237209,
            "majf": 0,
            "minf": 146,
            "iodepth_level": {
                "1": 100.000000,
                "2": 0.000000,
                "4": 0.000000,
                "8": 0.000000,
                "16": 0.000000,
                "32": 0.000000,
                ">=64": 0.000000
            },
            "iodepth_submit": {
                "0": 0.000000,
                "4": 100.000000,
                "8": 0.000000,
                "16": 0.000000,
                "32": 0.000000,
                "64": 0.000000,
                ">=64": 0.000000
            },
            "iodepth_complete": {
                "0": 0.000000,
                "4": 100.000000,
                "8": 0.000000,
                "16": 0.000000,
                "32": 0.000000,
                "64": 0.000000,
                ">=64": 0.000000
            },
            "latency_ns": {
                "2": 0.000000,
                "4": 0.000000,
                "10": 0.000000,
                "20": 0.000000,
                "50": 0.000000,
                "100": 0.000000,
                "250": 0.000000,
                "500": 0.000000,
                "750": 7.958361,
                "1000": 45.355882
            },
            "latency_us": {
                "2": 42.062771,
                "4": 0.381102,
                "10": 0.046130,
                "20": 0.052623,
                "50": 0.938463,
                "100": 0.904295,
                "250": 0.151773,
                "500": 0.146354,
                "750": 0.138902,
                "1000": 0.104189
            },
            "latency_ms": {
                "2": 1.053573,
                "4": 0.678766,
                "10": 0.025692,
                "20": 0.010000,
                "50": 0.010000,
                "100": 0.000000,
                "250": 0.000000,
                "500": 0.000000,
                "750": 0.000000,
                "1000": 0.000000,