{
  "fio version" : "fio-3.36",
  "timestamp" : 1733280765,
  "timestamp_ms" : 1733280765231,
  "time" : "Wed Dec  4 02:52:45 2024",
  "jobs" : [
    {
      "jobname" : "write_direct1_fsync1_threads_8_43a5",
      "groupid" : 0,
      "job_start" : 1733280705210,
      "error" : 0,
      "eta" : 0,
      "elapsed" : 91,
      "job options" : {
        "name" : "write_direct1_fsync1_threads_8_43a5",
        "rw" : "write",
        "direct" : "1",
        "filename" : "/dev/sda",
        "numjobs" : "8",
        "fsync" : "1",
        "bs" : "4k",
        "ramp_time" : "30",
        "runtime" : "60",
        "iodepth" : "1",
        "end_fsync" : "1"
      },
      "read" : {
        "io_bytes" : 0,
        "io_kbytes" : 0,
        "bw_bytes" : 0,
        "bw" : 0,
        "iops" : 0.000000,
        "runtime" : 0,
        "total_ios" : 0,
        "short_ios" : 0,
        "drop_ios" : 0,
        "slat_ns" : {
          "min" : 0,
          "max" : 0,
          "mean" : 0.000000,
          "stddev" : 0.000000,
          "N" : 0
        },
        "clat_ns" : {
          "min" : 0,
          "max" : 0,
          "mean" : 0.000000,
          "stddev" : 0.000000,
          "N" : 0
        },
        "lat_ns" : {
          "min" : 0,
          "max" : 0,
          "mean" : 0.000000,
          "stddev" : 0.000000,
          "N" : 0
        },
        "bw_min" : 0,
        "bw_max" : 0,
        "bw_agg" : 0.000000,
        "bw_mean" : 0.000000,
        "bw_dev" : 0.000000,
        "bw_samples" : 0,
        "iops_min" : 0,
        "iops_max" : 0,
        "iops_mean" : 0.000000,
        "iops_stddev" : 0.000000,
        "iops_samples" : 0
      },
      "write" : {
        "io_bytes" : 1253339136,
        "io_kbytes" : 1223964,
        "bw_bytes" : 20886200,
        "bw" : 20396,
        "iops" : 5099.170111,
        "runtime" : 60008,
        "total_ios" : 305991,
        "short_ios" : 0,
        "drop_ios" : 0,
        "slat_ns" : {
          "min" : 0,
          "max" : 0,
          "mean" : 0.000000,
          "stddev" : 0.000000,
          "N" : 0
        },
        "clat_ns" : {
          "min" : 655705,
          "max" : 39778493,
          "mean" : 1566323.602403,
          "stddev" : 3271792.045624,
          "N" : 305991,
          "percentile" : {
            "1.000000" : 757760,
            "5.000000" : 798720,
            "10.000000" : 823296,
            "20.000000" : 856064,
            "30.000000" : 880640,
            "40.000000" : 913408,
            "50.000000" : 937984,
            "60.000000" : 970752,
            "70.000000" : 1011712,
            "80.000000" : 1089536,
            "90.000000" : 1286144,
            "95.000000" : 2113536,
            "99.000000" : 19267584,
            "99.500000" : 20840448,
            "99.900000" : 34865152,
            "99.950000" : 35913728,
            "99.990000" : 36962304
          }
        },
        "lat_ns" : {
          "min" : 655805,
          "max" : 39778593,
          "mean" : 1566443.352566,
          "stddev" : 3271791.591242,
          "N" : 305991
        },
        "bw_min" : 17712,
        "bw_max" : 23088,
        "bw_agg" : 100.000000,
        "bw_mean" : 20408.975000,
        "bw_dev" : 53.561927,
        "bw_samples" : 960,
        "iops_min" : 4428,
        "iops_max" : 5772,
        "iops_mean" : 5101.766667,
        "iops_stddev" : 13.384856,
        "iops_samples" : 960
      },
      "trim" : {
        "io_bytes" : 0,
        "io_kbytes" : 0,
        "bw_bytes" : 0,
        "bw" : 0,
        "iops" : 0.000000,
        "runtime" : 0,
        "total_ios" : 0,
        "short_ios" : 0,
        "drop_ios" : 0,
        "slat_ns" : {
          "min" : 0,
          "max" : 0,
          "mean" : 0.000000,
          "stddev" : 0.000000,
          "N" : 0
        },
        "clat_ns" : {
          "min" : 0,
          "max" : 0,
          "mean" : 0.000000,
          "stddev" : 0.000000,
          "N" : 0
        },
        "lat_ns" : {
          "min" : 0,
          "max" : 0,
          "mean" : 0.000000,
          "stddev" : 0.000000,
          "N" : 0
        },
        "bw_min" : 0,
        "bw_max" : 0,
        "bw_agg" : 0.000000,
        "bw_mean" : 0.000000,
        "bw_dev" : 0.000000,
        "bw_samples" : 0,
        "iops_min" : 0,
        "iops_max" : 0,
        "iops_mean" : 0.000000,
        "iops_stddev" : 0.000000,
        "iops_samples" : 0
      },
      "sync" : {
        "total_ios" : 305983,
        "lat_ns" : {
          "min" : 800,
          "max" : 182401,
          "mean" : 1246.553344,
          "stddev" : 1979.921356,
          "N" : 305983,
          "percentile" : {
            "1.000000" : 804,
            "5.000000" : 900,
            "10.000000" : 900,
            "20.000000" : 900,
            "30.000000" : 900,
            "40.000000" : 1004,
            "50.000000" : 1004,
            "60.000000" : 1004,
            "70.000000" : 1096,
            "80.000000" : 1208,
            "90.000000" : 1704,
            "95.000000" : 2096,
            "99.000000" : 3088,
            "99.500000" : 4128,
            "99.900000" : 37120,
            "99.950000" : 43264,
            "99.990000" : 70144
          }
        }
      },
      "job_runtime" : 480052,
      "usr_cpu" : 0.386416,
      "sys_cpu" : 1.536500,
      "ctx" : 305997,
      "majf" : 0,
      "minf" : 291,
      "iodepth_level" : {
        "1" : 199.997386,
        "2" : 0.000000,
        "4" : 0.000000,
        "8" : 0.000000,
        "16" : 0.000000,
        "32" : 0.000000,
        ">=64" : 0.000000
      },
      "iodepth_submit" : {
        "0" : 0.000000,
        "4" : 100.000000,
        "8" : 0.000000,
        "16" : 0.000000,
        "32" : 0.000000,
        "64" : 0.000000,
        ">=64" : 0.000000
      },
      "iodepth_complete" : {
        "0" : 0.000000,
        "4" : 100.000000,
        "8" : 0.000000,
        "16" : 0.000000,
        "32" : 0.000000,
        "64" : 0.000000,
        ">=64" : 0.000000
      },
      "latency_ns" : {
        "2" : 0.000000,
        "4" : 0.000000,
        "10" : 0.000000,
        "20" : 0.000000,
        "50" : 0.000000,
        "100" : 0.000000,
        "250" : 0.000000,
        "500" : 0.000000,
        "750" : 0.000000,
        "1000" : 0.000000
      },
      "latency_us" : {
        "2" : 0.000000,
        "4" : 0.000000,
        "10" : 0.000000,
        "20" : 0.000000,
        "50" : 0.000000,
        "100" : 0.000000,
        "250" : 0.000000,
        "500" : 0.000000,
        "750" : 0.797736,
        "1000" : 65.753895
      },
      "latency_ms" : {
        "2" : 28.196254,
        "4" : 1.722600,
        "10" : 0.614070,
        "20" : 2.236013,
        "50" : 0.679432,
        "100" : 0.000000,
        "250" : 0.000000,
        "500" : 0.000000,
        "750" : 0.000000,
        "1000" : 0.000000,
        "2000" : 0.000000,
        ">=2000" : 0.000000
      },
      "latency_depth" : 1,
      "latency_target" : 0,
      "latency_percentile" : 100.000000,
      "latency_window" : 0
    }
  ],
  "disk_util" : [
    {
      "name" : "sda",
      "read_ios" : 49,
      "write_ios" : 460101,
      "read_sectors" : 2088,
      "write_sectors" : 3680808,
      "read_merges" : 0,
      "write_merges" : 0,
      "read_ticks" : 87,
      "write_ticks" : 705112,
      "in_queue" : 705198,
      "util" : 99.997779
    }
  ]
}
