{
  "fio version" : "fio-3.36",
  "timestamp" : 1733184688,
  "timestamp_ms" : 1733184688227,
  "time" : "Tue Dec  3 00:11:28 2024",
  "jobs" : [
    {
      "jobname" : "seq_write_direct1_fsync1",
      "groupid" : 0,
      "job_start" : 1733184658199,
      "error" : 0,
      "eta" : 0,
      "elapsed" : 91,
      "job options" : {
        "name" : "seq_write_direct1_fsync1",
        "rw" : "write",
        "direct" : "1",
        "bs" : "4k",
        "runtime" : "30",
        "ramp_time" : "60",
        "filename" : "/dev/sda",
        "iodepth" : "1",
        "numjobs" : "4",
        "fsync" : "1"
      },
      "read" : {
        "io_bytes" : 0,
        "io_kbytes" : 0,
        "bw_bytes" : 0,
        "bw" : 0,
        "iops" : 0.000000,
        "runtime" : 0,
        "total_ios" : 0,
        "short_ios" : 0,
        "drop_ios" : 0,
        "slat_ns" : {
          "min" : 0,
          "max" : 0,
          "mean" : 0.000000,
          "stddev" : 0.000000,
          "N" : 0
        },
        "clat_ns" : {
          "min" : 0,
          "max" : 0,
          "mean" : 0.000000,
          "stddev" : 0.000000,
          "N" : 0
        },
        "lat_ns" : {
          "min" : 0,
          "max" : 0,
          "mean" : 0.000000,
          "stddev" : 0.000000,
          "N" : 0
        },
        "bw_min" : 0,
        "bw_max" : 0,
        "bw_agg" : 0.000000,
        "bw_mean" : 0.000000,
        "bw_dev" : 0.000000,
        "bw_samples" : 0,
        "iops_min" : 0,
        "iops_max" : 0,
        "iops_mean" : 0.000000,
        "iops_stddev" : 0.000000,
        "iops_samples" : 0
      },
      "write" : {
        "io_bytes" : 402464768,
        "io_kbytes" : 393032,
        "bw_bytes" : 13415045,
        "bw" : 13100,
        "iops" : 3275.157495,
        "runtime" : 30001,
        "total_ios" : 98258,
        "short_ios" : 0,
        "drop_ios" : 0,
        "slat_ns" : {
          "min" : 0,
          "max" : 0,
          "mean" : 0.000000,
          "stddev" : 0.000000,
          "N" : 0
        },
        "clat_ns" : {
          "min" : 685106,
          "max" : 16344647,
          "mean" : 1219334.930143,
          "stddev" : 728893.768068,
          "N" : 98258,
          "percentile" : {
            "1.000000" : 782336,
            "5.000000" : 823296,
            "10.000000" : 856064,
            "20.000000" : 897024,
            "30.000000" : 937984,
            "40.000000" : 970752,
            "50.000000" : 1019904,
            "60.000000" : 1073152,
            "70.000000" : 1155072,
            "80.000000" : 1302528,
            "90.000000" : 1712128,
            "95.000000" : 2211840,
            "99.000000" : 4423680,
            "99.500000" : 5996544,
            "99.900000" : 8978432,
            "99.950000" : 10289152,
            "99.990000" : 12255232
          }
        },
        "lat_ns" : {
          "min" : 685206,
          "max" : 16344747,
          "mean" : 1219411.608510,
          "stddev" : 728896.453169,
          "N" : 98258
        },
        "bw_min" : 9664,
        "bw_max" : 15648,
        "bw_agg" : 100.000000,
        "bw_mean" : 13109.149435,
        "bw_dev" : 343.449892,
        "bw_samples" : 239,
        "iops_min" : 2416,
        "iops_max" : 3912,
        "iops_mean" : 3276.864689,
        "iops_stddev" : 85.813900,
        "iops_samples" : 239
      },
      "trim" : {
        "io_bytes" : 0,
        "io_kbytes" : 0,
        "bw_bytes" : 0,
        "bw" : 0,
        "iops" : 0.000000,
        "runtime" : 0,
        "total_ios" : 0,
        "short_ios" : 0,
        "drop_ios" : 0,
        "slat_ns" : {
          "min" : 0,
          "max" : 0,
          "mean" : 0.000000,
          "stddev" : 0.000000,
          "N" : 0
        },
        "clat_ns" : {
          "min" : 0,
          "max" : 0,
          "mean" : 0.000000,
          "stddev" : 0.000000,
          "N" : 0
        },
        "lat_ns" : {
          "min" : 0,
          "max" : 0,
          "mean" : 0.000000,
          "stddev" : 0.000000,
          "N" : 0
        },
        "bw_min" : 0,
        "bw_max" : 0,
        "bw_agg" : 0.000000,
        "bw_mean" : 0.000000,
        "bw_dev" : 0.000000,
        "bw_samples" : 0,
        "iops_min" : 0,
        "iops_max" : 0,
        "iops_mean" : 0.000000,
        "iops_stddev" : 0.000000,
        "iops_samples" : 0
      },
      "sync" : {
        "total_ios" : 98254,
        "lat_ns" : {
          "min" : 700,
          "max" : 86500,
          "mean" : 1073.142305,
          "stddev" : 1684.148946,
          "N" : 98254,
          "percentile" : {
            "1.000000" : 804,
            "5.000000" : 804,
            "10.000000" : 804,
            "20.000000" : 900,
            "30.000000" : 900,
            "40.000000" : 900,
            "50.000000" : 900,
            "60.000000" : 1004,
            "70.000000" : 1004,
            "80.000000" : 1096,
            "90.000000" : 1208,
            "95.000000" : 1304,
            "99.000000" : 1800,
            "99.500000" : 2608,
            "99.900000" : 30080,
            "99.950000" : 37120,
            "99.990000" : 55552
          }
        }
      },
      "job_runtime" : 120000,
      "usr_cpu" : 0.405000,
      "sys_cpu" : 1.876667,
      "ctx" : 98259,
      "majf" : 0,
      "minf" : 146,
      "iodepth_level" : {
        "1" : 199.995929,
        "2" : 0.000000,
        "4" : 0.000000,
        "8" : 0.000000,
        "16" : 0.000000,
        "32" : 0.000000,
        ">=64" : 0.000000
      },
      "iodepth_submit" : {
        "0" : 0.000000,
        "4" : 100.000000,
        "8" : 0.000000,
        "16" : 0.000000,
        "32" : 0.000000,
        "64" : 0.000000,
        ">=64" : 0.000000
      },
      "iodepth_complete" : {
        "0" : 0.000000,
        "4" : 100.000000,
        "8" : 0.000000,
        "16" : 0.000000,
        "32" : 0.000000,
        "64" : 0.000000,
        ">=64" : 0.000000
      },
      "latency_ns" : {
        "2" : 0.000000,
        "4" : 0.000000,
        "10" : 0.000000,
        "20" : 0.000000,
        "50" : 0.000000,
        "100" : 0.000000,
        "250" : 0.000000,
        "500" : 0.000000,
        "750" : 0.000000,
        "1000" : 0.000000
      },
      "latency_us" : {
        "2" : 0.000000,
        "4" : 0.000000,
        "10" : 0.000000,
        "20" : 0.000000,
        "50" : 0.000000,
        "100" : 0.000000,
        "250" : 0.000000,
        "500" : 0.000000,
        "750" : 0.150624,
        "1000" : 45.922978
      },
      "latency_ms" : {
        "2" : 47.423111,
        "4" : 5.214843,
        "10" : 1.224328,
        "20" : 0.064117,
        "50" : 0.000000,
        "100" : 0.000000,
        "250" : 0.000000,
        "500" : 0.000000,
        "750" : 0.000000,
        "1000" : 0.000000,
        "2000" : 0.000000,
        ">=2000" : 0.000000
      },
      "latency_depth" : 1,
      "latency_target" : 0,
      "latency_percentile" : 100.000000,
      "latency_window" : 0
    }
  ],
  "disk_util" : [
    {
      "name" : "sda",
      "read_ios" : 34,
      "write_ios" : 275229,
      "read_sectors" : 1968,
      "write_sectors" : 2201832,
      "read_merges" : 0,
      "write_merges" : 0,
      "read_ticks" : 59,
      "write_ticks" : 352122,
      "in_queue" : 352182,
      "util" : 99.964471
    }
  ]
}
