{
  "fio version" : "fio-3.36",
  "timestamp" : 1733183239,
  "timestamp_ms" : 1733183239069,
  "time" : "Mon Dec  2 23:47:19 2024",
  "jobs" : [
    {
      "jobname" : "seq_read_direct0_fsync0",
      "groupid" : 0,
      "job_start" : 1733183207736,
      "error" : 0,
      "eta" : 0,
      "elapsed" : 92,
      "job options" : {
        "name" : "seq_read_direct0_fsync0",
        "rw" : "read",
        "direct" : "0",
        "bs" : "4k",
        "runtime" : "30",
        "ramp_time" : "60",
        "filename" : "/dev/sda",
        "iodepth" : "1",
        "numjobs" : "2"
      },
      "read" : {
        "io_bytes" : 9128714240,
        "io_kbytes" : 8914760,
        "bw_bytes" : 304280331,
        "bw" : 297148,
        "iops" : 74287.190427,
        "runtime" : 30001,
        "total_ios" : 2228690,
        "short_ios" : 0,
        "drop_ios" : 0,
        "slat_ns" : {
          "min" : 0,
          "max" : 0,
          "mean" : 0.000000,
          "stddev" : 0.000000,
          "N" : 0
        },
        "clat_ns" : {
          "min" : 600,
          "max" : 24676815,
          "mean" : 26686.129186,
          "stddev" : 206685.508273,
          "N" : 2228690,
          "percentile" : {
            "1.000000" : 700,
            "5.000000" : 700,
            "10.000000" : 700,
            "20.000000" : 804,
            "30.000000" : 804,
            "40.000000" : 804,
            "50.000000" : 804,
            "60.000000" : 804,
            "70.000000" : 804,
            "80.000000" : 900,
            "90.000000" : 1004,
            "95.000000" : 1208,
            "99.000000" : 1400832,
            "99.500000" : 1531904,
            "99.900000" : 1875968,
            "99.950000" : 2244608,
            "99.990000" : 5406720
          }
        },
        "lat_ns" : {
          "min" : 700,
          "max" : 24676915,
          "mean" : 26729.458432,
          "stddev" : 206685.700483,
          "N" : 2228690
        },
        "bw_min" : 229712,
        "bw_max" : 326480,
        "bw_agg" : 100.000000,
        "bw_mean" : 297393.300000,
        "bw_dev" : 10462.907173,
        "bw_samples" : 120,
        "iops_min" : 57428,
        "iops_max" : 81620,
        "iops_mean" : 74348.133333,
        "iops_stddev" : 2615.775861,
        "iops_samples" : 120
      },
      "write" : {
        "io_bytes" : 0,
        "io_kbytes" : 0,
        "bw_bytes" : 0,
        "bw" : 0,
        "iops" : 0.000000,
        "runtime" : 0,
        "total_ios" : 0,
        "short_ios" : 0,
        "drop_ios" : 0,
        "slat_ns" : {
          "min" : 0,
          "max" : 0,
          "mean" : 0.000000,
          "stddev" : 0.000000,
          "N" : 0
        },
        "clat_ns" : {
          "min" : 0,
          "max" : 0,
          "mean" : 0.000000,
          "stddev" : 0.000000,
          "N" : 0
        },
        "lat_ns" : {
          "min" : 0,
          "max" : 0,
          "mean" : 0.000000,
          "stddev" : 0.000000,
          "N" : 0
        },
        "bw_min" : 0,
        "bw_max" : 0,
        "bw_agg" : 0.000000,
        "bw_mean" : 0.000000,
        "bw_dev" : 0.000000,
        "bw_samples" : 0,
        "iops_min" : 0,
        "iops_max" : 0,
        "iops_mean" : 0.000000,
        "iops_stddev" : 0.000000,
        "iops_samples" : 0
      },
      "trim" : {
        "io_bytes" : 0,
        "io_kbytes" : 0,
        "bw_bytes" : 0,
        "bw" : 0,
        "iops" : 0.000000,
        "runtime" : 0,
        "total_ios" : 0,
        "short_ios" : 0,
        "drop_ios" : 0,
        "slat_ns" : {
          "min" : 0,
          "max" : 0,
          "mean" : 0.000000,
          "stddev" : 0.000000,
          "N" : 0
        },
        "clat_ns" : {
          "min" : 0,
          "max" : 0,
          "mean" : 0.000000,
          "stddev" : 0.000000,
          "N" : 0
        },
        "lat_ns" : {
          "min" : 0,
          "max" : 0,
          "mean" : 0.000000,
          "stddev" : 0.000000,
          "N" : 0
        },
        "bw_min" : 0,
        "bw_max" : 0,
        "bw_agg" : 0.000000,
        "bw_mean" : 0.000000,
        "bw_dev" : 0.000000,
        "bw_samples" : 0,
        "iops_min" : 0,
        "iops_max" : 0,
        "iops_mean" : 0.000000,
        "iops_stddev" : 0.000000,
        "iops_samples" : 0
      },
      "sync" : {
        "total_ios" : 0,
        "lat_ns" : {
          "min" : 0,
          "max" : 0,
          "mean" : 0.000000,
          "stddev" : 0.000000,
          "N" : 0
        }
      },
      "job_runtime" : 60000,
      "usr_cpu" : 1.761667,
      "sys_cpu" : 6.866667,
      "ctx" : 41569,
      "majf" : 0,
      "minf" : 73,
      "iodepth_level" : {
        "1" : 100.000000,
        "2" : 0.000000,
        "4" : 0.000000,
        "8" : 0.000000,
        "16" : 0.000000,
        "32" : 0.000000,
        ">=64" : 0.000000
      },
      "iodepth_submit" : {
        "0" : 0.000000,
        "4" : 100.000000,
        "8" : 0.000000,
        "16" : 0.000000,
        "32" : 0.000000,
        "64" : 0.000000,
        ">=64" : 0.000000
      },
      "iodepth_complete" : {
        "0" : 0.000000,
        "4" : 100.000000,
        "8" : 0.000000,
        "16" : 0.000000,
        "32" : 0.000000,
        "64" : 0.000000,
        ">=64" : 0.000000
      },
      "latency_ns" : {
        "2" : 0.000000,
        "4" : 0.000000,
        "10" : 0.000000,
        "20" : 0.000000,
        "50" : 0.000000,
        "100" : 0.000000,
        "250" : 0.000000,
        "500" : 0.000000,
        "750" : 17.727993,
        "1000" : 65.088954
      },
      "latency_us" : {
        "2" : 14.654707,
        "4" : 0.143537,
        "10" : 0.012608,
        "20" : 0.036254,
        "50" : 0.129000,
        "100" : 0.358910,
        "250" : 0.135236,
        "500" : 0.048235,
        "750" : 0.013506,
        "1000" : 0.015794
      },
      "latency_ms" : {
        "2" : 1.558988,
        "4" : 0.060529,
        "10" : 0.015390,
        "20" : 0.010000,
        "50" : 0.010000,
        "100" : 0.000000,
        "250" : 0.000000,
        "500" : 0.000000,
        "750" : 0.000000,
        "1000" : 0.000000,
        "2000" : 0.000000,
        ">=2000" : 0.000000
      },
      "latency_depth" : 1,
      "latency_target" : 0,
      "latency_percentile" : 100.000000,
      "latency_window" : 0
    }
  ],
  "disk_util" : [
    {
      "name" : "sda",
      "read_ios" : 115420,
      "write_ios" : 0,
      "read_sectors" : 26989784,
      "write_sectors" : 0,
      "read_merges" : 0,
      "write_merges" : 0,
      "read_ticks" : 161748,
      "write_ticks" : 0,
      "in_queue" : 161748,
      "util" : 92.992237
    }
  ]
}
