{
  "fio version" : "fio-3.36",
  "timestamp" : 1733283191,
  "timestamp_ms" : 1733283191479,
  "time" : "Wed Dec  4 03:33:11 2024",
  "jobs" : [
    {
      "jobname" : "randread_direct1_fsync0_threads_1_7956",
      "groupid" : 0,
      "job_start" : 1733283131467,
      "error" : 0,
      "eta" : 0,
      "elapsed" : 91,
      "job options" : {
        "name" : "randread_direct1_fsync0_threads_1_7956",
        "rw" : "randread",
        "direct" : "1",
        "filename" : "/dev/sda",
        "numjobs" : "1",
        "fsync" : "0",
        "bs" : "4k",
        "ramp_time" : "30",
        "runtime" : "60",
        "iodepth" : "1",
        "end_fsync" : "1"
      },
      "read" : {
        "io_bytes" : 140697600,
        "io_kbytes" : 137400,
        "bw_bytes" : 2344920,
        "bw" : 2289,
        "iops" : 572.490458,
        "runtime" : 60001,
        "total_ios" : 34350,
        "short_ios" : 0,
        "drop_ios" : 0,
        "slat_ns" : {
          "min" : 0,
          "max" : 0,
          "mean" : 0.000000,
          "stddev" : 0.000000,
          "N" : 0
        },
        "clat_ns" : {
          "min" : 1247009,
          "max" : 130680030,
          "mean" : 1745829.090306,
          "stddev" : 850525.123409,
          "N" : 34350,
          "percentile" : {
            "1.000000" : 1400832,
            "5.000000" : 1466368,
            "10.000000" : 1499136,
            "20.000000" : 1531904,
            "30.000000" : 1581056,
            "40.000000" : 1613824,
            "50.000000" : 1646592,
            "60.000000" : 1695744,
            "70.000000" : 1744896,
            "80.000000" : 1826816,
            "90.000000" : 2007040,
            "95.000000" : 2244608,
            "99.000000" : 3358720,
            "99.500000" : 4751360,
            "99.900000" : 7241728,
            "99.950000" : 7962624,
            "99.990000" : 18481152
          }
        },
        "lat_ns" : {
          "min" : 1247109,
          "max" : 130680130,
          "mean" : 1745898.269753,
          "stddev" : 850525.818017,
          "N" : 34350
        },
        "bw_min" : 1699,
        "bw_max" : 2496,
        "bw_agg" : 100.000000,
        "bw_mean" : 2291.191667,
        "bw_dev" : 118.202312,
        "bw_samples" : 120,
        "iops_min" : 424,
        "iops_max" : 624,
        "iops_mean" : 572.791667,
        "iops_stddev" : 29.582216,
        "iops_samples" : 120
      },
      "write" : {
        "io_bytes" : 0,
        "io_kbytes" : 0,
        "bw_bytes" : 0,
        "bw" : 0,
        "iops" : 0.000000,
        "runtime" : 0,
        "total_ios" : 0,
        "short_ios" : 0,
        "drop_ios" : 0,
        "slat_ns" : {
          "min" : 0,
          "max" : 0,
          "mean" : 0.000000,
          "stddev" : 0.000000,
          "N" : 0
        },
        "clat_ns" : {
          "min" : 0,
          "max" : 0,
          "mean" : 0.000000,
          "stddev" : 0.000000,
          "N" : 0
        },
        "lat_ns" : {
          "min" : 0,
          "max" : 0,
          "mean" : 0.000000,
          "stddev" : 0.000000,
          "N" : 0
        },
        "bw_min" : 0,
        "bw_max" : 0,
        "bw_agg" : 0.000000,
        "bw_mean" : 0.000000,
        "bw_dev" : 0.000000,
        "bw_samples" : 0,
        "iops_min" : 0,
        "iops_max" : 0,
        "iops_mean" : 0.000000,
        "iops_stddev" : 0.000000,
        "iops_samples" : 0
      },
      "trim" : {
        "io_bytes" : 0,
        "io_kbytes" : 0,
        "bw_bytes" : 0,
        "bw" : 0,
        "iops" : 0.000000,
        "runtime" : 0,
        "total_ios" : 0,
        "short_ios" : 0,
        "drop_ios" : 0,
        "slat_ns" : {
          "min" : 0,
          "max" : 0,
          "mean" : 0.000000,
          "stddev" : 0.000000,
          "N" : 0
        },
        "clat_ns" : {
          "min" : 0,
          "max" : 0,
          "mean" : 0.000000,
          "stddev" : 0.000000,
          "N" : 0
        },
        "lat_ns" : {
          "min" : 0,
          "max" : 0,
          "mean" : 0.000000,
          "stddev" : 0.000000,
          "N" : 0
        },
        "bw_min" : 0,
        "bw_max" : 0,
        "bw_agg" : 0.000000,
        "bw_mean" : 0.000000,
        "bw_dev" : 0.000000,
        "bw_samples" : 0,
        "iops_min" : 0,
        "iops_max" : 0,
        "iops_mean" : 0.000000,
        "iops_stddev" : 0.000000,
        "iops_samples" : 0
      },
      "sync" : {
        "total_ios" : 0,
        "lat_ns" : {
          "min" : 0,
          "max" : 0,
          "mean" : 0.000000,
          "stddev" : 0.000000,
          "N" : 0
        }
      },
      "job_runtime" : 60000,
      "usr_cpu" : 0.261667,
      "sys_cpu" : 1.288333,
      "ctx" : 34350,
      "majf" : 0,
      "minf" : 36,
      "iodepth_level" : {
        "1" : 100.000000,
        "2" : 0.000000,
        "4" : 0.000000,
        "8" : 0.000000,
        "16" : 0.000000,
        "32" : 0.000000,
        ">=64" : 0.000000
      },
      "iodepth_submit" : {
        "0" : 0.000000,
        "4" : 100.000000,
        "8" : 0.000000,
        "16" : 0.000000,
        "32" : 0.000000,
        "64" : 0.000000,
        ">=64" : 0.000000
      },
      "iodepth_complete" : {
        "0" : 0.000000,
        "4" : 100.000000,
        "8" : 0.000000,
        "16" : 0.000000,
        "32" : 0.000000,
        "64" : 0.000000,
        ">=64" : 0.000000
      },
      "latency_ns" : {
        "2" : 0.000000,
        "4" : 0.000000,
        "10" : 0.000000,
        "20" : 0.000000,
        "50" : 0.000000,
        "100" : 0.000000,
        "250" : 0.000000,
        "500" : 0.000000,
        "750" : 0.000000,
        "1000" : 0.000000
      },
      "latency_us" : {
        "2" : 0.000000,
        "4" : 0.000000,
        "10" : 0.000000,
        "20" : 0.000000,
        "50" : 0.000000,
        "100" : 0.000000,
        "250" : 0.000000,
        "500" : 0.000000,
        "750" : 0.000000,
        "1000" : 0.000000
      },
      "latency_ms" : {
        "2" : 89.866084,
        "4" : 9.388646,
        "10" : 0.719068,
        "20" : 0.017467,
        "50" : 0.010000,
        "100" : 0.000000,
        "250" : 0.010000,
        "500" : 0.000000,
        "750" : 0.000000,
        "1000" : 0.000000,
        "2000" : 0.000000,
        ">=2000" : 0.000000
      },
      "latency_depth" : 1,
      "latency_target" : 0,
      "latency_percentile" : 100.000000,
      "latency_window" : 0
    }
  ],
  "disk_util" : [
    {
      "name" : "sda",
      "read_ios" : 50863,
      "write_ios" : 0,
      "read_sectors" : 406904,
      "write_sectors" : 0,
      "read_merges" : 0,
      "write_merges" : 0,
      "read_ticks" : 88569,
      "write_ticks" : 0,
      "in_queue" : 88569,
      "util" : 97.247024
    }
  ]
}
