{
  "fio version" : "fio-3.36",
  "timestamp" : 1733185771,
  "timestamp_ms" : 1733185771347,
  "time" : "Tue Dec  3 00:29:31 2024",
  "jobs" : [
    {
      "jobname" : "seq_write_direct0_fsync1",
      "groupid" : 0,
      "job_start" : 1733185741296,
      "error" : 0,
      "eta" : 0,
      "elapsed" : 91,
      "job options" : {
        "name" : "seq_write_direct0_fsync1",
        "rw" : "write",
        "direct" : "0",
        "bs" : "4k",
        "runtime" : "30",
        "ramp_time" : "60",
        "filename" : "/dev/sda",
        "iodepth" : "1",
        "numjobs" : "16",
        "fsync" : "1"
      },
      "read" : {
        "io_bytes" : 0,
        "io_kbytes" : 0,
        "bw_bytes" : 0,
        "bw" : 0,
        "iops" : 0.000000,
        "runtime" : 0,
        "total_ios" : 0,
        "short_ios" : 0,
        "drop_ios" : 0,
        "slat_ns" : {
          "min" : 0,
          "max" : 0,
          "mean" : 0.000000,
          "stddev" : 0.000000,
          "N" : 0
        },
        "clat_ns" : {
          "min" : 0,
          "max" : 0,
          "mean" : 0.000000,
          "stddev" : 0.000000,
          "N" : 0
        },
        "lat_ns" : {
          "min" : 0,
          "max" : 0,
          "mean" : 0.000000,
          "stddev" : 0.000000,
          "N" : 0
        },
        "bw_min" : 0,
        "bw_max" : 0,
        "bw_agg" : 0.000000,
        "bw_mean" : 0.000000,
        "bw_dev" : 0.000000,
        "bw_samples" : 0,
        "iops_min" : 0,
        "iops_max" : 0,
        "iops_mean" : 0.000000,
        "iops_stddev" : 0.000000,
        "iops_samples" : 0
      },
      "write" : {
        "io_bytes" : 629350400,
        "io_kbytes" : 614600,
        "bw_bytes" : 20974850,
        "bw" : 20483,
        "iops" : 5120.813198,
        "runtime" : 30005,
        "total_ios" : 153650,
        "short_ios" : 0,
        "drop_ios" : 0,
        "slat_ns" : {
          "min" : 0,
          "max" : 0,
          "mean" : 0.000000,
          "stddev" : 0.000000,
          "N" : 0
        },
        "clat_ns" : {
          "min" : 1700,
          "max" : 30154065,
          "mean" : 5076.407452,
          "stddev" : 83944.926273,
          "N" : 153650,
          "percentile" : {
            "1.000000" : 2416,
            "5.000000" : 2608,
            "10.000000" : 2704,
            "20.000000" : 2896,
            "30.000000" : 2992,
            "40.000000" : 3216,
            "50.000000" : 3408,
            "60.000000" : 3696,
            "70.000000" : 4320,
            "80.000000" : 5408,
            "90.000000" : 6496,
            "95.000000" : 7520,
            "99.000000" : 14656,
            "99.500000" : 41728,
            "99.900000" : 109056,
            "99.950000" : 175104,
            "99.990000" : 1269760
          }
        },
        "lat_ns" : {
          "min" : 1800,
          "max" : 30154265,
          "mean" : 5282.954116,
          "stddev" : 83950.753541,
          "N" : 153650
        },
        "bw_min" : 18314,
        "bw_max" : 22372,
        "bw_agg" : 100.000000,
        "bw_mean" : 20497.297740,
        "bw_dev" : 52.837254,
        "bw_samples" : 949,
        "iops_min" : 4578,
        "iops_max" : 5592,
        "iops_mean" : 5123.699435,
        "iops_stddev" : 13.213303,
        "iops_samples" : 949
      },
      "trim" : {
        "io_bytes" : 0,
        "io_kbytes" : 0,
        "bw_bytes" : 0,
        "bw" : 0,
        "iops" : 0.000000,
        "runtime" : 0,
        "total_ios" : 0,
        "short_ios" : 0,
        "drop_ios" : 0,
        "slat_ns" : {
          "min" : 0,
          "max" : 0,
          "mean" : 0.000000,
          "stddev" : 0.000000,
          "N" : 0
        },
        "clat_ns" : {
          "min" : 0,
          "max" : 0,
          "mean" : 0.000000,
          "stddev" : 0.000000,
          "N" : 0
        },
        "lat_ns" : {
          "min" : 0,
          "max" : 0,
          "mean" : 0.000000,
          "stddev" : 0.000000,
          "N" : 0
        },
        "bw_min" : 0,
        "bw_max" : 0,
        "bw_agg" : 0.000000,
        "bw_mean" : 0.000000,
        "bw_dev" : 0.000000,
        "bw_samples" : 0,
        "iops_min" : 0,
        "iops_max" : 0,
        "iops_mean" : 0.000000,
        "iops_stddev" : 0.000000,
        "iops_samples" : 0
      },
      "sync" : {
        "total_ios" : 153650,
        "lat_ns" : {
          "min" : 721507,
          "max" : 53184168,
          "mean" : 3117399.595099,
          "stddev" : 5074831.968181,
          "N" : 153650,
          "percentile" : {
            "1.000000" : 872448,
            "5.000000" : 978944,
            "10.000000" : 1073152,
            "20.000000" : 1204224,
            "30.000000" : 1351680,
            "40.000000" : 1515520,
            "50.000000" : 1744896,
            "60.000000" : 1990656,
            "70.000000" : 2244608,
            "80.000000" : 2670592,
            "90.000000" : 3981312,
            "95.000000" : 14876672,
            "99.000000" : 27131904,
            "99.500000" : 32112640,
            "99.900000" : 40108032,
            "99.950000" : 43253760,
            "99.990000" : 51118080
          }
        }
      },
      "job_runtime" : 480031,
      "usr_cpu" : 0.368310,
      "sys_cpu" : 2.699617,
      "ctx" : 479209,
      "majf" : 0,
      "minf" : 583,
      "iodepth_level" : {
        "1" : 200.000000,
        "2" : 0.000000,
        "4" : 0.000000,
        "8" : 0.000000,
        "16" : 0.000000,
        "32" : 0.000000,
        ">=64" : 0.000000
      },
      "iodepth_submit" : {
        "0" : 0.000000,
        "4" : 100.000000,
        "8" : 0.000000,
        "16" : 0.000000,
        "32" : 0.000000,
        "64" : 0.000000,
        ">=64" : 0.000000
      },
      "iodepth_complete" : {
        "0" : 0.000000,
        "4" : 100.000000,
        "8" : 0.000000,
        "16" : 0.000000,
        "32" : 0.000000,
        "64" : 0.000000,
        ">=64" : 0.000000
      },
      "latency_ns" : {
        "2" : 0.000000,
        "4" : 0.000000,
        "10" : 0.000000,
        "20" : 0.000000,
        "50" : 0.000000,
        "100" : 0.000000,
        "250" : 0.000000,
        "500" : 0.000000,
        "750" : 0.000000,
        "1000" : 0.000000
      },
      "latency_us" : {
        "2" : 0.011715,
        "4" : 65.554832,
        "10" : 32.394403,
        "20" : 1.198829,
        "50" : 0.508949,
        "100" : 0.223235,
        "250" : 0.075496,
        "500" : 0.010000,
        "750" : 0.010000,
        "1000" : 0.010000
      },
      "latency_ms" : {
        "2" : 0.016271,
        "4" : 0.000000,
        "10" : 0.010000,
        "20" : 0.000000,
        "50" : 0.010000,
        "100" : 0.000000,
        "250" : 0.000000,
        "500" : 0.000000,
        "750" : 0.000000,
        "1000" : 0.000000,
        "2000" : 0.000000,
        ">=2000" : 0.000000
      },
      "latency_depth" : 1,
      "latency_target" : 0,
      "latency_percentile" : 100.000000,
      "latency_window" : 0
    }
  ],
  "disk_util" : [
    {
      "name" : "sda",
      "read_ios" : 38,
      "write_ios" : 460880,
      "read_sectors" : 2000,
      "write_sectors" : 3696232,
      "read_merges" : 0,
      "write_merges" : 1149,
      "read_ticks" : 58,
      "write_ticks" : 971821,
      "in_queue" : 971879,
      "util" : 99.957811
    }
  ]
}
