{
  "fio version" : "fio-3.36",
  "timestamp" : 1733186072,
  "timestamp_ms" : 1733186072415,
  "time" : "Tue Dec  3 00:34:32 2024",
  "jobs" : [
    {
      "jobname" : "seq_write_direct0_fsync0",
      "groupid" : 0,
      "job_start" : 1733185981734,
      "error" : 0,
      "eta" : 0,
      "elapsed" : 151,
      "job options" : {
        "name" : "seq_write_direct0_fsync0",
        "rw" : "write",
        "direct" : "0",
        "bs" : "4k",
        "runtime" : "30",
        "ramp_time" : "60",
        "filename" : "/dev/sda",
        "iodepth" : "1",
        "numjobs" : "2"
      },
      "read" : {
        "io_bytes" : 0,
        "io_kbytes" : 0,
        "bw_bytes" : 0,
        "bw" : 0,
        "iops" : 0.000000,
        "runtime" : 0,
        "total_ios" : 0,
        "short_ios" : 0,
        "drop_ios" : 0,
        "slat_ns" : {
          "min" : 0,
          "max" : 0,
          "mean" : 0.000000,
          "stddev" : 0.000000,
          "N" : 0
        },
        "clat_ns" : {
          "min" : 0,
          "max" : 0,
          "mean" : 0.000000,
          "stddev" : 0.000000,
          "N" : 0
        },
        "lat_ns" : {
          "min" : 0,
          "max" : 0,
          "mean" : 0.000000,
          "stddev" : 0.000000,
          "N" : 0
        },
        "bw_min" : 0,
        "bw_max" : 0,
        "bw_agg" : 0.000000,
        "bw_mean" : 0.000000,
        "bw_dev" : 0.000000,
        "bw_samples" : 0,
        "iops_min" : 0,
        "iops_max" : 0,
        "iops_mean" : 0.000000,
        "iops_stddev" : 0.000000,
        "iops_samples" : 0
      },
      "write" : {
        "io_bytes" : 12134785024,
        "io_kbytes" : 11850376,
        "bw_bytes" : 404465869,
        "bw" : 394986,
        "iops" : 98746.550230,
        "runtime" : 30002,
        "total_ios" : 2962594,
        "short_ios" : 0,
        "drop_ios" : 0,
        "slat_ns" : {
          "min" : 0,
          "max" : 0,
          "mean" : 0.000000,
          "stddev" : 0.000000,
          "N" : 0
        },
        "clat_ns" : {
          "min" : 1000,
          "max" : 19408413,
          "mean" : 19975.233342,
          "stddev" : 543099.189336,
          "N" : 2962594,
          "percentile" : {
            "1.000000" : 1096,
            "5.000000" : 1208,
            "10.000000" : 1400,
            "20.000000" : 1496,
            "30.000000" : 1496,
            "40.000000" : 1608,
            "50.000000" : 2416,
            "60.000000" : 2608,
            "70.000000" : 2608,
            "80.000000" : 2704,
            "90.000000" : 2896,
            "95.000000" : 3792,
            "99.000000" : 4704,
            "99.500000" : 5984,
            "99.900000" : 16449536,
            "99.950000" : 16580608,
            "99.990000" : 16908288
          }
        },
        "lat_ns" : {
          "min" : 1000,
          "max" : 19408413,
          "mean" : 20030.457888,
          "stddev" : 543099.034459,
          "N" : 2962594
        },
        "bw_min" : 387237,
        "bw_max" : 409514,
        "bw_agg" : 100.000000,
        "bw_mean" : 395729.542373,
        "bw_dev" : 3038.856005,
        "bw_samples" : 118,
        "iops_min" : 96809,
        "iops_max" : 102378,
        "iops_mean" : 98932.118644,
        "iops_stddev" : 759.734291,
        "iops_samples" : 118
      },
      "trim" : {
        "io_bytes" : 0,
        "io_kbytes" : 0,
        "bw_bytes" : 0,
        "bw" : 0,
        "iops" : 0.000000,
        "runtime" : 0,
        "total_ios" : 0,
        "short_ios" : 0,
        "drop_ios" : 0,
        "slat_ns" : {
          "min" : 0,
          "max" : 0,
          "mean" : 0.000000,
          "stddev" : 0.000000,
          "N" : 0
        },
        "clat_ns" : {
          "min" : 0,
          "max" : 0,
          "mean" : 0.000000,
          "stddev" : 0.000000,
          "N" : 0
        },
        "lat_ns" : {
          "min" : 0,
          "max" : 0,
          "mean" : 0.000000,
          "stddev" : 0.000000,
          "N" : 0
        },
        "bw_min" : 0,
        "bw_max" : 0,
        "bw_agg" : 0.000000,
        "bw_mean" : 0.000000,
        "bw_dev" : 0.000000,
        "bw_samples" : 0,
        "iops_min" : 0,
        "iops_max" : 0,
        "iops_mean" : 0.000000,
        "iops_stddev" : 0.000000,
        "iops_samples" : 0
      },
      "sync" : {
        "total_ios" : 0,
        "lat_ns" : {
          "min" : 0,
          "max" : 0,
          "mean" : 0.000000,
          "stddev" : 0.000000,
          "N" : 0
        }
      },
      "job_runtime" : 60002,
      "usr_cpu" : 1.903270,
      "sys_cpu" : 10.736309,
      "ctx" : 3158,
      "majf" : 0,
      "minf" : 73,
      "iodepth_level" : {
        "1" : 100.000000,
        "2" : 0.000000,
        "4" : 0.000000,
        "8" : 0.000000,
        "16" : 0.000000,
        "32" : 0.000000,
        ">=64" : 0.000000
      },
      "iodepth_submit" : {
        "0" : 0.000000,
        "4" : 100.000000,
        "8" : 0.000000,
        "16" : 0.000000,
        "32" : 0.000000,
        "64" : 0.000000,
        ">=64" : 0.000000
      },
      "iodepth_complete" : {
        "0" : 0.000000,
        "4" : 100.000000,
        "8" : 0.000000,
        "16" : 0.000000,
        "32" : 0.000000,
        "64" : 0.000000,
        ">=64" : 0.000000
      },
      "latency_ns" : {
        "2" : 0.000000,
        "4" : 0.000000,
        "10" : 0.000000,
        "20" : 0.000000,
        "50" : 0.000000,
        "100" : 0.000000,
        "250" : 0.000000,
        "500" : 0.000000,
        "750" : 0.000000,
        "1000" : 0.000000
      },
      "latency_us" : {
        "2" : 49.289575,
        "4" : 46.224727,
        "10" : 4.142957,
        "20" : 0.010000,
        "50" : 0.186897,
        "100" : 0.036860,
        "250" : 0.010000,
        "500" : 0.010000,
        "750" : 0.010000,
        "1000" : 0.000000
      },
      "latency_ms" : {
        "2" : 0.000000,
        "4" : 0.000000,
        "10" : 0.000000,
        "20" : 0.106326,
        "50" : 0.000000,
        "100" : 0.000000,
        "250" : 0.000000,
        "500" : 0.000000,
        "750" : 0.000000,
        "1000" : 0.000000,
        "2000" : 0.000000,
        ">=2000" : 0.000000
      },
      "latency_depth" : 1,
      "latency_target" : 0,
      "latency_percentile" : 100.000000,
      "latency_window" : 0
    }
  ],
  "disk_util" : [
    {
      "name" : "sda",
      "read_ios" : 49,
      "write_ios" : 67435,
      "read_sectors" : 2088,
      "write_sectors" : 33986776,
      "read_merges" : 0,
      "write_merges" : 4210424,
      "read_ticks" : 61,
      "write_ticks" : 53229717,
      "in_queue" : 53229778,
      "util" : 94.221432
    }
  ]
}
