{
  "fio version" : "fio-3.36",
  "timestamp" : 1733187427,
  "timestamp_ms" : 1733187427825,
  "time" : "Tue Dec  3 00:57:07 2024",
  "jobs" : [
    {
      "jobname" : "rand_write_direct1_fsync0",
      "groupid" : 0,
      "job_start" : 1733187397802,
      "error" : 0,
      "eta" : 0,
      "elapsed" : 91,
      "job options" : {
        "name" : "rand_write_direct1_fsync0",
        "rw" : "randwrite",
        "direct" : "1",
        "bs" : "4k",
        "runtime" : "30",
        "ramp_time" : "60",
        "filename" : "/dev/sda",
        "iodepth" : "1",
        "numjobs" : "16"
      },
      "read" : {
        "io_bytes" : 0,
        "io_kbytes" : 0,
        "bw_bytes" : 0,
        "bw" : 0,
        "iops" : 0.000000,
        "runtime" : 0,
        "total_ios" : 0,
        "short_ios" : 0,
        "drop_ios" : 0,
        "slat_ns" : {
          "min" : 0,
          "max" : 0,
          "mean" : 0.000000,
          "stddev" : 0.000000,
          "N" : 0
        },
        "clat_ns" : {
          "min" : 0,
          "max" : 0,
          "mean" : 0.000000,
          "stddev" : 0.000000,
          "N" : 0
        },
        "lat_ns" : {
          "min" : 0,
          "max" : 0,
          "mean" : 0.000000,
          "stddev" : 0.000000,
          "N" : 0
        },
        "bw_min" : 0,
        "bw_max" : 0,
        "bw_agg" : 0.000000,
        "bw_mean" : 0.000000,
        "bw_dev" : 0.000000,
        "bw_samples" : 0,
        "iops_min" : 0,
        "iops_max" : 0,
        "iops_mean" : 0.000000,
        "iops_stddev" : 0.000000,
        "iops_samples" : 0
      },
      "write" : {
        "io_bytes" : 626966528,
        "io_kbytes" : 612272,
        "bw_bytes" : 20898187,
        "bw" : 20408,
        "iops" : 5102.096597,
        "runtime" : 30001,
        "total_ios" : 153068,
        "short_ios" : 0,
        "drop_ios" : 0,
        "slat_ns" : {
          "min" : 0,
          "max" : 0,
          "mean" : 0.000000,
          "stddev" : 0.000000,
          "N" : 0
        },
        "clat_ns" : {
          "min" : 750007,
          "max" : 53498591,
          "mean" : 3134201.325339,
          "stddev" : 7592089.743488,
          "N" : 153068,
          "percentile" : {
            "1.000000" : 872448,
            "5.000000" : 929792,
            "10.000000" : 970752,
            "20.000000" : 1019904,
            "30.000000" : 1056768,
            "40.000000" : 1105920,
            "50.000000" : 1138688,
            "60.000000" : 1204224,
            "70.000000" : 1269760,
            "80.000000" : 1400832,
            "90.000000" : 1794048,
            "95.000000" : 27918336,
            "99.000000" : 35913728,
            "99.500000" : 43253760,
            "99.900000" : 48496640,
            "99.950000" : 49020928,
            "99.990000" : 52166656
          }
        },
        "lat_ns" : {
          "min" : 750107,
          "max" : 53498691,
          "mean" : 3134399.367928,
          "stddev" : 7592074.630726,
          "N" : 153068
        },
        "bw_min" : 18664,
        "bw_max" : 21864,
        "bw_agg" : 100.000000,
        "bw_mean" : 20414.813559,
        "bw_dev" : 42.377860,
        "bw_samples" : 944,
        "iops_min" : 4666,
        "iops_max" : 5466,
        "iops_mean" : 5102.915254,
        "iops_stddev" : 10.587468,
        "iops_samples" : 944
      },
      "trim" : {
        "io_bytes" : 0,
        "io_kbytes" : 0,
        "bw_bytes" : 0,
        "bw" : 0,
        "iops" : 0.000000,
        "runtime" : 0,
        "total_ios" : 0,
        "short_ios" : 0,
        "drop_ios" : 0,
        "slat_ns" : {
          "min" : 0,
          "max" : 0,
          "mean" : 0.000000,
          "stddev" : 0.000000,
          "N" : 0
        },
        "clat_ns" : {
          "min" : 0,
          "max" : 0,
          "mean" : 0.000000,
          "stddev" : 0.000000,
          "N" : 0
        },
        "lat_ns" : {
          "min" : 0,
          "max" : 0,
          "mean" : 0.000000,
          "stddev" : 0.000000,
          "N" : 0
        },
        "bw_min" : 0,
        "bw_max" : 0,
        "bw_agg" : 0.000000,
        "bw_mean" : 0.000000,
        "bw_dev" : 0.000000,
        "bw_samples" : 0,
        "iops_min" : 0,
        "iops_max" : 0,
        "iops_mean" : 0.000000,
        "iops_stddev" : 0.000000,
        "iops_samples" : 0
      },
      "sync" : {
        "total_ios" : 0,
        "lat_ns" : {
          "min" : 0,
          "max" : 0,
          "mean" : 0.000000,
          "stddev" : 0.000000,
          "N" : 0
        }
      },
      "job_runtime" : 480000,
      "usr_cpu" : 0.222500,
      "sys_cpu" : 0.772500,
      "ctx" : 153073,
      "majf" : 0,
      "minf" : 586,
      "iodepth_level" : {
        "1" : 100.000000,
        "2" : 0.000000,
        "4" : 0.000000,
        "8" : 0.000000,
        "16" : 0.000000,
        "32" : 0.000000,
        ">=64" : 0.000000
      },
      "iodepth_submit" : {
        "0" : 0.000000,
        "4" : 100.000000,
        "8" : 0.000000,
        "16" : 0.000000,
        "32" : 0.000000,
        "64" : 0.000000,
        ">=64" : 0.000000
      },
      "iodepth_complete" : {
        "0" : 0.000000,
        "4" : 100.000000,
        "8" : 0.000000,
        "16" : 0.000000,
        "32" : 0.000000,
        "64" : 0.000000,
        ">=64" : 0.000000
      },
      "latency_ns" : {
        "2" : 0.000000,
        "4" : 0.000000,
        "10" : 0.000000,
        "20" : 0.000000,
        "50" : 0.000000,
        "100" : 0.000000,
        "250" : 0.000000,
        "500" : 0.000000,
        "750" : 0.000000,
        "1000" : 0.000000
      },
      "latency_us" : {
        "2" : 0.000000,
        "4" : 0.000000,
        "10" : 0.000000,
        "20" : 0.000000,
        "50" : 0.000000,
        "100" : 0.000000,
        "250" : 0.000000,
        "500" : 0.000000,
        "750" : 0.000000,
        "1000" : 15.697598
      },
      "latency_ms" : {
        "2" : 75.761753,
        "4" : 2.029817,
        "10" : 0.237803,
        "20" : 0.096689,
        "50" : 6.151514,
        "100" : 0.024826,
        "250" : 0.000000,
        "500" : 0.000000,
        "750" : 0.000000,
        "1000" : 0.000000,
        "2000" : 0.000000,
        ">=2000" : 0.000000
      },
      "latency_depth" : 1,
      "latency_target" : 0,
      "latency_percentile" : 100.000000,
      "latency_window" : 0
    }
  ],
  "disk_util" : [
    {
      "name" : "sda",
      "read_ios" : 31,
      "write_ios" : 460512,
      "read_sectors" : 1944,
      "write_sectors" : 3684096,
      "read_merges" : 0,
      "write_merges" : 0,
      "read_ticks" : 44,
      "write_ticks" : 1422937,
      "in_queue" : 1422980,
      "util" : 99.918972
    }
  ]
}
