{
  "fio version" : "fio-3.36",
  "timestamp" : 1733283101,
  "timestamp_ms" : 1733283101250,
  "time" : "Wed Dec  4 03:31:41 2024",
  "jobs" : [
    {
      "jobname" : "randread_direct1_fsync0_threads_8_66e7",
      "groupid" : 0,
      "job_start" : 1733283041232,
      "error" : 0,
      "eta" : 0,
      "elapsed" : 91,
      "job options" : {
        "name" : "randread_direct1_fsync0_threads_8_66e7",
        "rw" : "randread",
        "direct" : "1",
        "filename" : "/dev/sda",
        "numjobs" : "8",
        "fsync" : "0",
        "bs" : "4k",
        "ramp_time" : "30",
        "runtime" : "60",
        "iodepth" : "1",
        "end_fsync" : "1"
      },
      "read" : {
        "io_bytes" : 1064566784,
        "io_kbytes" : 1039616,
        "bw_bytes" : 17742188,
        "bw" : 17326,
        "iops" : 4331.588947,
        "runtime" : 60002,
        "total_ios" : 259904,
        "short_ios" : 0,
        "drop_ios" : 0,
        "slat_ns" : {
          "min" : 0,
          "max" : 0,
          "mean" : 0.000000,
          "stddev" : 0.000000,
          "N" : 0
        },
        "clat_ns" : {
          "min" : 1137708,
          "max" : 97035310,
          "mean" : 1845673.330764,
          "stddev" : 797879.904396,
          "N" : 259904,
          "percentile" : {
            "1.000000" : 1335296,
            "5.000000" : 1417216,
            "10.000000" : 1466368,
            "20.000000" : 1531904,
            "30.000000" : 1597440,
            "40.000000" : 1646592,
            "50.000000" : 1712128,
            "60.000000" : 1794048,
            "70.000000" : 1875968,
            "80.000000" : 2023424,
            "90.000000" : 2277376,
            "95.000000" : 2605056,
            "99.000000" : 4046848,
            "99.500000" : 5079040,
            "99.900000" : 7831552,
            "99.950000" : 8847360,
            "99.990000" : 26607616
          }
        },
        "lat_ns" : {
          "min" : 1137808,
          "max" : 97035310,
          "mean" : 1845750.160509,
          "stddev" : 797881.575343,
          "N" : 259904
        },
        "bw_min" : 13591,
        "bw_max" : 20370,
        "bw_agg" : 99.992177,
        "bw_mean" : 17325.647059,
        "bw_dev" : 187.441191,
        "bw_samples" : 952,
        "iops_min" : 3394,
        "iops_max" : 5092,
        "iops_mean" : 4331.109244,
        "iops_stddev" : 46.907692,
        "iops_samples" : 952
      },
      "write" : {
        "io_bytes" : 0,
        "io_kbytes" : 0,
        "bw_bytes" : 0,
        "bw" : 0,
        "iops" : 0.000000,
        "runtime" : 0,
        "total_ios" : 0,
        "short_ios" : 0,
        "drop_ios" : 0,
        "slat_ns" : {
          "min" : 0,
          "max" : 0,
          "mean" : 0.000000,
          "stddev" : 0.000000,
          "N" : 0
        },
        "clat_ns" : {
          "min" : 0,
          "max" : 0,
          "mean" : 0.000000,
          "stddev" : 0.000000,
          "N" : 0
        },
        "lat_ns" : {
          "min" : 0,
          "max" : 0,
          "mean" : 0.000000,
          "stddev" : 0.000000,
          "N" : 0
        },
        "bw_min" : 0,
        "bw_max" : 0,
        "bw_agg" : 0.000000,
        "bw_mean" : 0.000000,
        "bw_dev" : 0.000000,
        "bw_samples" : 0,
        "iops_min" : 0,
        "iops_max" : 0,
        "iops_mean" : 0.000000,
        "iops_stddev" : 0.000000,
        "iops_samples" : 0
      },
      "trim" : {
        "io_bytes" : 0,
        "io_kbytes" : 0,
        "bw_bytes" : 0,
        "bw" : 0,
        "iops" : 0.000000,
        "runtime" : 0,
        "total_ios" : 0,
        "short_ios" : 0,
        "drop_ios" : 0,
        "slat_ns" : {
          "min" : 0,
          "max" : 0,
          "mean" : 0.000000,
          "stddev" : 0.000000,
          "N" : 0
        },
        "clat_ns" : {
          "min" : 0,
          "max" : 0,
          "mean" : 0.000000,
          "stddev" : 0.000000,
          "N" : 0
        },
        "lat_ns" : {
          "min" : 0,
          "max" : 0,
          "mean" : 0.000000,
          "stddev" : 0.000000,
          "N" : 0
        },
        "bw_min" : 0,
        "bw_max" : 0,
        "bw_agg" : 0.000000,
        "bw_mean" : 0.000000,
        "bw_dev" : 0.000000,
        "bw_samples" : 0,
        "iops_min" : 0,
        "iops_max" : 0,
        "iops_mean" : 0.000000,
        "iops_stddev" : 0.000000,
        "iops_samples" : 0
      },
      "sync" : {
        "total_ios" : 0,
        "lat_ns" : {
          "min" : 0,
          "max" : 0,
          "mean" : 0.000000,
          "stddev" : 0.000000,
          "N" : 0
        }
      },
      "job_runtime" : 480003,
      "usr_cpu" : 0.350414,
      "sys_cpu" : 1.272700,
      "ctx" : 259908,
      "majf" : 0,
      "minf" : 291,
      "iodepth_level" : {
        "1" : 100.000000,
        "2" : 0.000000,
        "4" : 0.000000,
        "8" : 0.000000,
        "16" : 0.000000,
        "32" : 0.000000,
        ">=64" : 0.000000
      },
      "iodepth_submit" : {
        "0" : 0.000000,
        "4" : 100.000000,
        "8" : 0.000000,
        "16" : 0.000000,
        "32" : 0.000000,
        "64" : 0.000000,
        ">=64" : 0.000000
      },
      "iodepth_complete" : {
        "0" : 0.000000,
        "4" : 100.000000,
        "8" : 0.000000,
        "16" : 0.000000,
        "32" : 0.000000,
        "64" : 0.000000,
        ">=64" : 0.000000
      },
      "latency_ns" : {
        "2" : 0.000000,
        "4" : 0.000000,
        "10" : 0.000000,
        "20" : 0.000000,
        "50" : 0.000000,
        "100" : 0.000000,
        "250" : 0.000000,
        "500" : 0.000000,
        "750" : 0.000000,
        "1000" : 0.000000
      },
      "latency_us" : {
        "2" : 0.000000,
        "4" : 0.000000,
        "10" : 0.000000,
        "20" : 0.000000,
        "50" : 0.000000,
        "100" : 0.000000,
        "250" : 0.000000,
        "500" : 0.000000,
        "750" : 0.000000,
        "1000" : 0.000000
      },
      "latency_ms" : {
        "2" : 78.907597,
        "4" : 20.052789,
        "10" : 1.006910,
        "20" : 0.018853,
        "50" : 0.010000,
        "100" : 0.010000,
        "250" : 0.000000,
        "500" : 0.000000,
        "750" : 0.000000,
        "1000" : 0.000000,
        "2000" : 0.000000,
        ">=2000" : 0.000000
      },
      "latency_depth" : 1,
      "latency_target" : 0,
      "latency_percentile" : 100.000000,
      "latency_window" : 0
    }
  ],
  "disk_util" : [
    {
      "name" : "sda",
      "read_ios" : 399021,
      "write_ios" : 0,
      "read_sectors" : 3192168,
      "write_sectors" : 0,
      "read_merges" : 0,
      "write_merges" : 0,
      "read_ticks" : 707806,
      "write_ticks" : 0,
      "in_queue" : 707806,
      "util" : 100.000000
    }
  ]
}
