{
  "fio version" : "fio-3.36",
  "timestamp" : 1733282467,
  "timestamp_ms" : 1733282467698,
  "time" : "Wed Dec  4 03:21:07 2024",
  "jobs" : [
    {
      "jobname" : "read_direct1_fsync0_threads_16_1dc9",
      "groupid" : 0,
      "job_start" : 1733282407675,
      "error" : 0,
      "eta" : 0,
      "elapsed" : 91,
      "job options" : {
        "name" : "read_direct1_fsync0_threads_16_1dc9",
        "rw" : "read",
        "direct" : "1",
        "filename" : "/dev/sda",
        "numjobs" : "16",
        "fsync" : "0",
        "bs" : "4k",
        "ramp_time" : "30",
        "runtime" : "60",
        "iodepth" : "1",
        "end_fsync" : "1"
      },
      "read" : {
        "io_bytes" : 1253376000,
        "io_kbytes" : 1224000,
        "bw_bytes" : 20886467,
        "bw" : 20396,
        "iops" : 5099.235115,
        "runtime" : 60009,
        "total_ios" : 306000,
        "short_ios" : 0,
        "drop_ios" : 0,
        "slat_ns" : {
          "min" : 0,
          "max" : 0,
          "mean" : 0.000000,
          "stddev" : 0.000000,
          "N" : 0
        },
        "clat_ns" : {
          "min" : 847806,
          "max" : 45296853,
          "mean" : 3136484.745408,
          "stddev" : 6138286.356576,
          "N" : 306000,
          "percentile" : {
            "1.000000" : 1028096,
            "5.000000" : 1122304,
            "10.000000" : 1204224,
            "20.000000" : 1335296,
            "30.000000" : 1433600,
            "40.000000" : 1515520,
            "50.000000" : 1581056,
            "60.000000" : 1646592,
            "70.000000" : 1712128,
            "80.000000" : 1826816,
            "90.000000" : 2146304,
            "95.000000" : 23199744,
            "99.000000" : 27394048,
            "99.500000" : 39583744,
            "99.900000" : 42205184,
            "99.950000" : 42729472,
            "99.990000" : 43778048
          }
        },
        "lat_ns" : {
          "min" : 847806,
          "max" : 45296953,
          "mean" : 3136598.503461,
          "stddev" : 6138279.200101,
          "N" : 306000
        },
        "bw_min" : 19900,
        "bw_max" : 20766,
        "bw_agg" : 100.000000,
        "bw_mean" : 20408.783333,
        "bw_dev" : 10.906976,
        "bw_samples" : 1920,
        "iops_min" : 4974,
        "iops_max" : 5190,
        "iops_mean" : 5099.733333,
        "iops_stddev" : 2.735436,
        "iops_samples" : 1920
      },
      "write" : {
        "io_bytes" : 0,
        "io_kbytes" : 0,
        "bw_bytes" : 0,
        "bw" : 0,
        "iops" : 0.000000,
        "runtime" : 0,
        "total_ios" : 0,
        "short_ios" : 0,
        "drop_ios" : 0,
        "slat_ns" : {
          "min" : 0,
          "max" : 0,
          "mean" : 0.000000,
          "stddev" : 0.000000,
          "N" : 0
        },
        "clat_ns" : {
          "min" : 0,
          "max" : 0,
          "mean" : 0.000000,
          "stddev" : 0.000000,
          "N" : 0
        },
        "lat_ns" : {
          "min" : 0,
          "max" : 0,
          "mean" : 0.000000,
          "stddev" : 0.000000,
          "N" : 0
        },
        "bw_min" : 0,
        "bw_max" : 0,
        "bw_agg" : 0.000000,
        "bw_mean" : 0.000000,
        "bw_dev" : 0.000000,
        "bw_samples" : 0,
        "iops_min" : 0,
        "iops_max" : 0,
        "iops_mean" : 0.000000,
        "iops_stddev" : 0.000000,
        "iops_samples" : 0
      },
      "trim" : {
        "io_bytes" : 0,
        "io_kbytes" : 0,
        "bw_bytes" : 0,
        "bw" : 0,
        "iops" : 0.000000,
        "runtime" : 0,
        "total_ios" : 0,
        "short_ios" : 0,
        "drop_ios" : 0,
        "slat_ns" : {
          "min" : 0,
          "max" : 0,
          "mean" : 0.000000,
          "stddev" : 0.000000,
          "N" : 0
        },
        "clat_ns" : {
          "min" : 0,
          "max" : 0,
          "mean" : 0.000000,
          "stddev" : 0.000000,
          "N" : 0
        },
        "lat_ns" : {
          "min" : 0,
          "max" : 0,
          "mean" : 0.000000,
          "stddev" : 0.000000,
          "N" : 0
        },
        "bw_min" : 0,
        "bw_max" : 0,
        "bw_agg" : 0.000000,
        "bw_mean" : 0.000000,
        "bw_dev" : 0.000000,
        "bw_samples" : 0,
        "iops_min" : 0,
        "iops_max" : 0,
        "iops_mean" : 0.000000,
        "iops_stddev" : 0.000000,
        "iops_samples" : 0
      },
      "sync" : {
        "total_ios" : 0,
        "lat_ns" : {
          "min" : 0,
          "max" : 0,
          "mean" : 0.000000,
          "stddev" : 0.000000,
          "N" : 0
        }
      },
      "job_runtime" : 960118,
      "usr_cpu" : 0.208724,
      "sys_cpu" : 0.931136,
      "ctx" : 306034,
      "majf" : 0,
      "minf" : 583,
      "iodepth_level" : {
        "1" : 100.000000,
        "2" : 0.000000,
        "4" : 0.000000,
        "8" : 0.000000,
        "16" : 0.000000,
        "32" : 0.000000,
        ">=64" : 0.000000
      },
      "iodepth_submit" : {
        "0" : 0.000000,
        "4" : 100.000000,
        "8" : 0.000000,
        "16" : 0.000000,
        "32" : 0.000000,
        "64" : 0.000000,
        ">=64" : 0.000000
      },
      "iodepth_complete" : {
        "0" : 0.000000,
        "4" : 100.000000,
        "8" : 0.000000,
        "16" : 0.000000,
        "32" : 0.000000,
        "64" : 0.000000,
        ">=64" : 0.000000
      },
      "latency_ns" : {
        "2" : 0.000000,
        "4" : 0.000000,
        "10" : 0.000000,
        "20" : 0.000000,
        "50" : 0.000000,
        "100" : 0.000000,
        "250" : 0.000000,
        "500" : 0.000000,
        "750" : 0.000000,
        "1000" : 0.000000
      },
      "latency_us" : {
        "2" : 0.000000,
        "4" : 0.000000,
        "10" : 0.000000,
        "20" : 0.000000,
        "50" : 0.000000,
        "100" : 0.000000,
        "250" : 0.000000,
        "500" : 0.000000,
        "750" : 0.000000,
        "1000" : 0.518627
      },
      "latency_ms" : {
        "2" : 86.990196,
        "4" : 5.663072,
        "10" : 0.535294,
        "20" : 0.191176,
        "50" : 6.101634,
        "100" : 0.000000,
        "250" : 0.000000,
        "500" : 0.000000,
        "750" : 0.000000,
        "1000" : 0.000000,
        "2000" : 0.000000,
        ">=2000" : 0.000000
      },
      "latency_depth" : 1,
      "latency_target" : 0,
      "latency_percentile" : 100.000000,
      "latency_window" : 0
    }
  ],
  "disk_util" : [
    {
      "name" : "sda",
      "read_ios" : 461614,
      "write_ios" : 0,
      "read_sectors" : 3692912,
      "write_sectors" : 0,
      "read_merges" : 0,
      "write_merges" : 0,
      "read_ticks" : 1421964,
      "write_ticks" : 0,
      "in_queue" : 1421965,
      "util" : 99.932277
    }
  ]
}
