{
  "fio version" : "fio-3.36",
  "timestamp" : 1733280404,
  "timestamp_ms" : 1733280404244,
  "time" : "Wed Dec  4 02:46:44 2024",
  "jobs" : [
    {
      "jobname" : "write_direct1_fsync0_threads_16_e0c2",
      "groupid" : 0,
      "job_start" : 1733280344222,
      "error" : 0,
      "eta" : 0,
      "elapsed" : 91,
      "job options" : {
        "name" : "write_direct1_fsync0_threads_16_e0c2",
        "rw" : "write",
        "direct" : "1",
        "filename" : "/dev/sda",
        "numjobs" : "16",
        "fsync" : "0",
        "bs" : "4k",
        "ramp_time" : "30",
        "runtime" : "60",
        "iodepth" : "1",
        "end_fsync" : "1"
      },
      "read" : {
        "io_bytes" : 0,
        "io_kbytes" : 0,
        "bw_bytes" : 0,
        "bw" : 0,
        "iops" : 0.000000,
        "runtime" : 0,
        "total_ios" : 0,
        "short_ios" : 0,
        "drop_ios" : 0,
        "slat_ns" : {
          "min" : 0,
          "max" : 0,
          "mean" : 0.000000,
          "stddev" : 0.000000,
          "N" : 0
        },
        "clat_ns" : {
          "min" : 0,
          "max" : 0,
          "mean" : 0.000000,
          "stddev" : 0.000000,
          "N" : 0
        },
        "lat_ns" : {
          "min" : 0,
          "max" : 0,
          "mean" : 0.000000,
          "stddev" : 0.000000,
          "N" : 0
        },
        "bw_min" : 0,
        "bw_max" : 0,
        "bw_agg" : 0.000000,
        "bw_mean" : 0.000000,
        "bw_dev" : 0.000000,
        "bw_samples" : 0,
        "iops_min" : 0,
        "iops_max" : 0,
        "iops_mean" : 0.000000,
        "iops_stddev" : 0.000000,
        "iops_samples" : 0
      },
      "write" : {
        "io_bytes" : 1253376000,
        "io_kbytes" : 1224000,
        "bw_bytes" : 20889251,
        "bw" : 20399,
        "iops" : 5099.915001,
        "runtime" : 60001,
        "total_ios" : 306000,
        "short_ios" : 0,
        "drop_ios" : 0,
        "slat_ns" : {
          "min" : 0,
          "max" : 0,
          "mean" : 0.000000,
          "stddev" : 0.000000,
          "N" : 0
        },
        "clat_ns" : {
          "min" : 689405,
          "max" : 52207593,
          "mean" : 3136101.967386,
          "stddev" : 7628338.699779,
          "N" : 306000,
          "percentile" : {
            "1.000000" : 831488,
            "5.000000" : 888832,
            "10.000000" : 929792,
            "20.000000" : 978944,
            "30.000000" : 1028096,
            "40.000000" : 1073152,
            "50.000000" : 1122304,
            "60.000000" : 1171456,
            "70.000000" : 1253376,
            "80.000000" : 1400832,
            "90.000000" : 1925120,
            "95.000000" : 28704768,
            "99.000000" : 33816576,
            "99.500000" : 45350912,
            "99.900000" : 49020928,
            "99.950000" : 49545216,
            "99.990000" : 50593792
          }
        },
        "lat_ns" : {
          "min" : 689505,
          "max" : 52207693,
          "mean" : 3136267.982487,
          "stddev" : 7628328.580455,
          "N" : 306000
        },
        "bw_min" : 18050,
        "bw_max" : 21968,
        "bw_agg" : 100.000000,
        "bw_mean" : 20406.932353,
        "bw_dev" : 48.835531,
        "bw_samples" : 1919,
        "iops_min" : 4512,
        "iops_max" : 5492,
        "iops_mean" : 5099.878011,
        "iops_stddev" : 12.194766,
        "iops_samples" : 1919
      },
      "trim" : {
        "io_bytes" : 0,
        "io_kbytes" : 0,
        "bw_bytes" : 0,
        "bw" : 0,
        "iops" : 0.000000,
        "runtime" : 0,
        "total_ios" : 0,
        "short_ios" : 0,
        "drop_ios" : 0,
        "slat_ns" : {
          "min" : 0,
          "max" : 0,
          "mean" : 0.000000,
          "stddev" : 0.000000,
          "N" : 0
        },
        "clat_ns" : {
          "min" : 0,
          "max" : 0,
          "mean" : 0.000000,
          "stddev" : 0.000000,
          "N" : 0
        },
        "lat_ns" : {
          "min" : 0,
          "max" : 0,
          "mean" : 0.000000,
          "stddev" : 0.000000,
          "N" : 0
        },
        "bw_min" : 0,
        "bw_max" : 0,
        "bw_agg" : 0.000000,
        "bw_mean" : 0.000000,
        "bw_dev" : 0.000000,
        "bw_samples" : 0,
        "iops_min" : 0,
        "iops_max" : 0,
        "iops_mean" : 0.000000,
        "iops_stddev" : 0.000000,
        "iops_samples" : 0
      },
      "sync" : {
        "total_ios" : 0,
        "lat_ns" : {
          "min" : 0,
          "max" : 0,
          "mean" : 0.000000,
          "stddev" : 0.000000,
          "N" : 0
        }
      },
      "job_runtime" : 960000,
      "usr_cpu" : 0.184167,
      "sys_cpu" : 0.849271,
      "ctx" : 306009,
      "majf" : 0,
      "minf" : 583,
      "iodepth_level" : {
        "1" : 100.000000,
        "2" : 0.000000,
        "4" : 0.000000,
        "8" : 0.000000,
        "16" : 0.000000,
        "32" : 0.000000,
        ">=64" : 0.000000
      },
      "iodepth_submit" : {
        "0" : 0.000000,
        "4" : 100.000000,
        "8" : 0.000000,
        "16" : 0.000000,
        "32" : 0.000000,
        "64" : 0.000000,
        ">=64" : 0.000000
      },
      "iodepth_complete" : {
        "0" : 0.000000,
        "4" : 100.000000,
        "8" : 0.000000,
        "16" : 0.000000,
        "32" : 0.000000,
        "64" : 0.000000,
        ">=64" : 0.000000
      },
      "latency_ns" : {
        "2" : 0.000000,
        "4" : 0.000000,
        "10" : 0.000000,
        "20" : 0.000000,
        "50" : 0.000000,
        "100" : 0.000000,
        "250" : 0.000000,
        "500" : 0.000000,
        "750" : 0.000000,
        "1000" : 0.000000
      },
      "latency_us" : {
        "2" : 0.000000,
        "4" : 0.000000,
        "10" : 0.000000,
        "20" : 0.000000,
        "50" : 0.000000,
        "100" : 0.000000,
        "250" : 0.000000,
        "500" : 0.000000,
        "750" : 0.023856,
        "1000" : 23.953595
      },
      "latency_ms" : {
        "2" : 66.450980,
        "4" : 2.785948,
        "10" : 0.481373,
        "20" : 0.184641,
        "50" : 6.094118,
        "100" : 0.025490,
        "250" : 0.000000,
        "500" : 0.000000,
        "750" : 0.000000,
        "1000" : 0.000000,
        "2000" : 0.000000,
        ">=2000" : 0.000000
      },
      "latency_depth" : 1,
      "latency_target" : 0,
      "latency_percentile" : 100.000000,
      "latency_window" : 0
    }
  ],
  "disk_util" : [
    {
      "name" : "sda",
      "read_ios" : 159,
      "write_ios" : 461479,
      "read_sectors" : 6408,
      "write_sectors" : 3691840,
      "read_merges" : 0,
      "write_merges" : 0,
      "read_ticks" : 343,
      "write_ticks" : 1422388,
      "in_queue" : 1422731,
      "util" : 100.000000
    }
  ]
}
