{
  "fio version" : "fio-3.36",
  "timestamp" : 1733279893,
  "timestamp_ms" : 1733279893550,
  "time" : "Wed Dec  4 02:38:13 2024",
  "jobs" : [
    {
      "jobname" : "write_direct0_fsync0_threads_8_59eb",
      "groupid" : 0,
      "job_start" : 1733279748854,
      "error" : 0,
      "eta" : 0,
      "elapsed" : 175,
      "job options" : {
        "name" : "write_direct0_fsync0_threads_8_59eb",
        "rw" : "write",
        "direct" : "0",
        "filename" : "/dev/sda",
        "numjobs" : "8",
        "fsync" : "0",
        "bs" : "4k",
        "ramp_time" : "30",
        "runtime" : "60",
        "iodepth" : "1",
        "end_fsync" : "1"
      },
      "read" : {
        "io_bytes" : 0,
        "io_kbytes" : 0,
        "bw_bytes" : 0,
        "bw" : 0,
        "iops" : 0.000000,
        "runtime" : 0,
        "total_ios" : 0,
        "short_ios" : 0,
        "drop_ios" : 0,
        "slat_ns" : {
          "min" : 0,
          "max" : 0,
          "mean" : 0.000000,
          "stddev" : 0.000000,
          "N" : 0
        },
        "clat_ns" : {
          "min" : 0,
          "max" : 0,
          "mean" : 0.000000,
          "stddev" : 0.000000,
          "N" : 0
        },
        "lat_ns" : {
          "min" : 0,
          "max" : 0,
          "mean" : 0.000000,
          "stddev" : 0.000000,
          "N" : 0
        },
        "bw_min" : 0,
        "bw_max" : 0,
        "bw_agg" : 0.000000,
        "bw_mean" : 0.000000,
        "bw_dev" : 0.000000,
        "bw_samples" : 0,
        "iops_min" : 0,
        "iops_max" : 0,
        "iops_mean" : 0.000000,
        "iops_stddev" : 0.000000,
        "iops_samples" : 0
      },
      "write" : {
        "io_bytes" : 99134115840,
        "io_kbytes" : 96810660,
        "bw_bytes" : 706672339,
        "bw" : 690109,
        "iops" : 172527.426702,
        "runtime" : 140283,
        "total_ios" : 24202665,
        "short_ios" : 0,
        "drop_ios" : 0,
        "slat_ns" : {
          "min" : 0,
          "max" : 0,
          "mean" : 0.000000,
          "stddev" : 0.000000,
          "N" : 0
        },
        "clat_ns" : {
          "min" : 1000,
          "max" : 41828096,
          "mean" : 19580.969538,
          "stddev" : 756643.030428,
          "N" : 24202665,
          "percentile" : {
            "1.000000" : 1096,
            "5.000000" : 1096,
            "10.000000" : 1096,
            "20.000000" : 1096,
            "30.000000" : 1208,
            "40.000000" : 1208,
            "50.000000" : 1208,
            "60.000000" : 1304,
            "70.000000" : 1400,
            "80.000000" : 1496,
            "90.000000" : 2608,
            "95.000000" : 2704,
            "99.000000" : 4192,
            "99.500000" : 4384,
            "99.900000" : 40704,
            "99.950000" : 30015488,
            "99.990000" : 32899072
          }
        },
        "lat_ns" : {
          "min" : 1100,
          "max" : 41828096,
          "mean" : 19633.313142,
          "stddev" : 756643.144976,
          "N" : 24202665
        },
        "bw_min" : 1552424,
        "bw_max" : 1783848,
        "bw_agg" : 100.000000,
        "bw_mean" : 1615859.899160,
        "bw_dev" : 6311.665854,
        "bw_samples" : 952,
        "iops_min" : 388105,
        "iops_max" : 445964,
        "iops_mean" : 403964.571429,
        "iops_stddev" : 1577.892562,
        "iops_samples" : 952
      },
      "trim" : {
        "io_bytes" : 0,
        "io_kbytes" : 0,
        "bw_bytes" : 0,
        "bw" : 0,
        "iops" : 0.000000,
        "runtime" : 0,
        "total_ios" : 0,
        "short_ios" : 0,
        "drop_ios" : 0,
        "slat_ns" : {
          "min" : 0,
          "max" : 0,
          "mean" : 0.000000,
          "stddev" : 0.000000,
          "N" : 0
        },
        "clat_ns" : {
          "min" : 0,
          "max" : 0,
          "mean" : 0.000000,
          "stddev" : 0.000000,
          "N" : 0
        },
        "lat_ns" : {
          "min" : 0,
          "max" : 0,
          "mean" : 0.000000,
          "stddev" : 0.000000,
          "N" : 0
        },
        "bw_min" : 0,
        "bw_max" : 0,
        "bw_agg" : 0.000000,
        "bw_mean" : 0.000000,
        "bw_dev" : 0.000000,
        "bw_samples" : 0,
        "iops_min" : 0,
        "iops_max" : 0,
        "iops_mean" : 0.000000,
        "iops_stddev" : 0.000000,
        "iops_samples" : 0
      },
      "sync" : {
        "total_ios" : 0,
        "lat_ns" : {
          "min" : 0,
          "max" : 0,
          "mean" : 0.000000,
          "stddev" : 0.000000,
          "N" : 0
        }
      },
      "job_runtime" : 1122160,
      "usr_cpu" : 1.104299,
      "sys_cpu" : 6.015096,
      "ctx" : 1091858,
      "majf" : 0,
      "minf" : 291,
      "iodepth_level" : {
        "1" : 100.000000,
        "2" : 0.000000,
        "4" : 0.000000,
        "8" : 0.000000,
        "16" : 0.000000,
        "32" : 0.000000,
        ">=64" : 0.000000
      },
      "iodepth_submit" : {
        "0" : 0.000000,
        "4" : 100.000000,
        "8" : 0.000000,
        "16" : 0.000000,
        "32" : 0.000000,
        "64" : 0.000000,
        ">=64" : 0.000000
      },
      "iodepth_complete" : {
        "0" : 0.000000,
        "4" : 100.000000,
        "8" : 0.000000,
        "16" : 0.000000,
        "32" : 0.000000,
        "64" : 0.000000,
        ">=64" : 0.000000
      },
      "latency_ns" : {
        "2" : 0.000000,
        "4" : 0.000000,
        "10" : 0.000000,
        "20" : 0.000000,
        "50" : 0.000000,
        "100" : 0.000000,
        "250" : 0.000000,
        "500" : 0.000000,
        "750" : 0.000000,
        "1000" : 0.000000
      },
      "latency_us" : {
        "2" : 86.985669,
        "4" : 11.766865,
        "10" : 1.030420,
        "20" : 0.010000,
        "50" : 0.137179,
        "100" : 0.017498,
        "250" : 0.010000,
        "500" : 0.010000,
        "750" : 0.010000,
        "1000" : 0.010000
      },
      "latency_ms" : {
        "2" : 0.010000,
        "4" : 0.000000,
        "10" : 0.000000,
        "20" : 0.000000,
        "50" : 0.057014,
        "100" : 0.000000,
        "250" : 0.000000,
        "500" : 0.000000,
        "750" : 0.000000,
        "1000" : 0.000000,
        "2000" : 0.000000,
        ">=2000" : 0.000000
      },
      "latency_depth" : 1,
      "latency_target" : 0,
      "latency_percentile" : 100.000000,
      "latency_window" : 0
    }
  ],
  "disk_util" : [
    {
      "name" : "sda",
      "read_ios" : 43,
      "write_ios" : 472925,
      "read_sectors" : 2040,
      "write_sectors" : 55225688,
      "read_merges" : 0,
      "write_merges" : 6431429,
      "read_ticks" : 62,
      "write_ticks" : 75140981,
      "in_queue" : 75141043,
      "util" : 96.103469
    }
  ]
}
