{
  "fio version" : "fio-3.36",
  "timestamp" : 1733186374,
  "timestamp_ms" : 1733186374310,
  "time" : "Tue Dec  3 00:39:34 2024",
  "jobs" : [
    {
      "jobname" : "seq_write_direct0_fsync0",
      "groupid" : 0,
      "job_start" : 1733186283703,
      "error" : 0,
      "eta" : 0,
      "elapsed" : 151,
      "job options" : {
        "name" : "seq_write_direct0_fsync0",
        "rw" : "write",
        "direct" : "0",
        "bs" : "4k",
        "runtime" : "30",
        "ramp_time" : "60",
        "filename" : "/dev/sda",
        "iodepth" : "1",
        "numjobs" : "8"
      },
      "read" : {
        "io_bytes" : 0,
        "io_kbytes" : 0,
        "bw_bytes" : 0,
        "bw" : 0,
        "iops" : 0.000000,
        "runtime" : 0,
        "total_ios" : 0,
        "short_ios" : 0,
        "drop_ios" : 0,
        "slat_ns" : {
          "min" : 0,
          "max" : 0,
          "mean" : 0.000000,
          "stddev" : 0.000000,
          "N" : 0
        },
        "clat_ns" : {
          "min" : 0,
          "max" : 0,
          "mean" : 0.000000,
          "stddev" : 0.000000,
          "N" : 0
        },
        "lat_ns" : {
          "min" : 0,
          "max" : 0,
          "mean" : 0.000000,
          "stddev" : 0.000000,
          "N" : 0
        },
        "bw_min" : 0,
        "bw_max" : 0,
        "bw_agg" : 0.000000,
        "bw_mean" : 0.000000,
        "bw_dev" : 0.000000,
        "bw_samples" : 0,
        "iops_min" : 0,
        "iops_max" : 0,
        "iops_mean" : 0.000000,
        "iops_stddev" : 0.000000,
        "iops_samples" : 0
      },
      "write" : {
        "io_bytes" : 48561930240,
        "io_kbytes" : 47423760,
        "bw_bytes" : 1616091392,
        "bw" : 1578214,
        "iops" : 394553.562515,
        "runtime" : 30049,
        "total_ios" : 11855940,
        "short_ios" : 0,
        "drop_ios" : 0,
        "slat_ns" : {
          "min" : 0,
          "max" : 0,
          "mean" : 0.000000,
          "stddev" : 0.000000,
          "N" : 0
        },
        "clat_ns" : {
          "min" : 1000,
          "max" : 55580108,
          "mean" : 20006.148286,
          "stddev" : 818950.509384,
          "N" : 11855940,
          "percentile" : {
            "1.000000" : 1004,
            "5.000000" : 1096,
            "10.000000" : 1096,
            "20.000000" : 1096,
            "30.000000" : 1096,
            "40.000000" : 1208,
            "50.000000" : 1208,
            "60.000000" : 1208,
            "70.000000" : 1400,
            "80.000000" : 1496,
            "90.000000" : 2608,
            "95.000000" : 2704,
            "99.000000" : 4192,
            "99.500000" : 4384,
            "99.900000" : 39168,
            "99.950000" : 34865152,
            "99.990000" : 36438016
          }
        },
        "lat_ns" : {
          "min" : 1000,
          "max" : 55580108,
          "mean" : 20057.919410,
          "stddev" : 818950.468569,
          "N" : 11855940
        },
        "bw_min" : 1498732,
        "bw_max" : 1640618,
        "bw_agg" : 100.000000,
        "bw_mean" : 1581824.135593,
        "bw_dev" : 7313.340736,
        "bw_samples" : 472,
        "iops_min" : 374683,
        "iops_max" : 410154,
        "iops_mean" : 395455.779661,
        "iops_stddev" : 1828.313473,
        "iops_samples" : 472
      },
      "trim" : {
        "io_bytes" : 0,
        "io_kbytes" : 0,
        "bw_bytes" : 0,
        "bw" : 0,
        "iops" : 0.000000,
        "runtime" : 0,
        "total_ios" : 0,
        "short_ios" : 0,
        "drop_ios" : 0,
        "slat_ns" : {
          "min" : 0,
          "max" : 0,
          "mean" : 0.000000,
          "stddev" : 0.000000,
          "N" : 0
        },
        "clat_ns" : {
          "min" : 0,
          "max" : 0,
          "mean" : 0.000000,
          "stddev" : 0.000000,
          "N" : 0
        },
        "lat_ns" : {
          "min" : 0,
          "max" : 0,
          "mean" : 0.000000,
          "stddev" : 0.000000,
          "N" : 0
        },
        "bw_min" : 0,
        "bw_max" : 0,
        "bw_agg" : 0.000000,
        "bw_mean" : 0.000000,
        "bw_dev" : 0.000000,
        "bw_samples" : 0,
        "iops_min" : 0,
        "iops_max" : 0,
        "iops_mean" : 0.000000,
        "iops_stddev" : 0.000000,
        "iops_samples" : 0
      },
      "sync" : {
        "total_ios" : 0,
        "lat_ns" : {
          "min" : 0,
          "max" : 0,
          "mean" : 0.000000,
          "stddev" : 0.000000,
          "N" : 0
        }
      },
      "job_runtime" : 240249,
      "usr_cpu" : 2.074098,
      "sys_cpu" : 6.682234,
      "ctx" : 8361,
      "majf" : 0,
      "minf" : 291,
      "iodepth_level" : {
        "1" : 100.000000,
        "2" : 0.000000,
        "4" : 0.000000,
        "8" : 0.000000,
        "16" : 0.000000,
        "32" : 0.000000,
        ">=64" : 0.000000
      },
      "iodepth_submit" : {
        "0" : 0.000000,
        "4" : 100.000000,
        "8" : 0.000000,
        "16" : 0.000000,
        "32" : 0.000000,
        "64" : 0.000000,
        ">=64" : 0.000000
      },
      "iodepth_complete" : {
        "0" : 0.000000,
        "4" : 100.000000,
        "8" : 0.000000,
        "16" : 0.000000,
        "32" : 0.000000,
        "64" : 0.000000,
        ">=64" : 0.000000
      },
      "latency_ns" : {
        "2" : 0.000000,
        "4" : 0.000000,
        "10" : 0.000000,
        "20" : 0.000000,
        "50" : 0.000000,
        "100" : 0.000000,
        "250" : 0.000000,
        "500" : 0.000000,
        "750" : 0.000000,
        "1000" : 0.000000
      },
      "latency_us" : {
        "2" : 86.918389,
        "4" : 11.871349,
        "10" : 0.997179,
        "20" : 0.010000,
        "50" : 0.133882,
        "100" : 0.016515,
        "250" : 0.010000,
        "500" : 0.010000,
        "750" : 0.010000,
        "1000" : 0.010000
      },
      "latency_ms" : {
        "2" : 0.010000,
        "4" : 0.000000,
        "10" : 0.000000,
        "20" : 0.000000,
        "50" : 0.051004,
        "100" : 0.010000,
        "250" : 0.000000,
        "500" : 0.000000,
        "750" : 0.000000,
        "1000" : 0.000000,
        "2000" : 0.000000,
        ">=2000" : 0.000000
      },
      "latency_depth" : 1,
      "latency_target" : 0,
      "latency_percentile" : 100.000000,
      "latency_window" : 0
    }
  ],
  "disk_util" : [
    {
      "name" : "sda",
      "read_ios" : 26,
      "write_ios" : 66303,
      "read_sectors" : 1904,
      "write_sectors" : 33410488,
      "read_merges" : 0,
      "write_merges" : 4139520,
      "read_ticks" : 35,
      "write_ticks" : 52388703,
      "in_queue" : 52388738,
      "util" : 92.563507
    }
  ]
}
