{
  "fio version" : "fio-3.36",
  "timestamp" : 1733215190,
  "timestamp_ms" : 1733215190962,
  "time" : "Tue Dec  3 08:39:50 2024",
  "jobs" : [
    {
      "jobname" : "rand_read_direct0_fsync0",
      "groupid" : 0,
      "job_start" : 1733215156635,
      "error" : 0,
      "eta" : 0,
      "elapsed" : 95,
      "job options" : {
        "name" : "rand_read_direct0_fsync0",
        "rw" : "randread",
        "direct" : "0",
        "bs" : "4k",
        "runtime" : "30",
        "ramp_time" : "60",
        "filename" : "/dev/mapper/rollbaccine1",
        "iodepth" : "1",
        "numjobs" : "8",
        "end_fsync" : "1"
      },
      "read" : {
        "io_bytes" : 4223807488,
        "io_kbytes" : 4124812,
        "bw_bytes" : 140788889,
        "bw" : 137489,
        "iops" : 34372.287590,
        "runtime" : 30001,
        "total_ios" : 1031203,
        "short_ios" : 0,
        "drop_ios" : 0,
        "slat_ns" : {
          "min" : 0,
          "max" : 0,
          "mean" : 0.000000,
          "stddev" : 0.000000,
          "N" : 0
        },
        "clat_ns" : {
          "min" : 1300,
          "max" : 85091295,
          "mean" : 231619.662579,
          "stddev" : 510977.749251,
          "N" : 1031203,
          "percentile" : {
            "1.000000" : 2704,
            "5.000000" : 175104,
            "10.000000" : 181248,
            "20.000000" : 191488,
            "30.000000" : 197632,
            "40.000000" : 203776,
            "50.000000" : 209920,
            "60.000000" : 216064,
            "70.000000" : 224256,
            "80.000000" : 236544,
            "90.000000" : 254976,
            "95.000000" : 276480,
            "99.000000" : 536576,
            "99.500000" : 995328,
            "99.900000" : 3358720,
            "99.950000" : 5799936,
            "99.990000" : 24248320
          }
        },
        "lat_ns" : {
          "min" : 1400,
          "max" : 85091395,
          "mean" : 231696.647730,
          "stddev" : 510978.381503,
          "N" : 1031203
        },
        "bw_min" : 106573,
        "bw_max" : 156270,
        "bw_agg" : 100.000000,
        "bw_mean" : 137535.350000,
        "bw_dev" : 1160.460401,
        "bw_samples" : 480,
        "iops_min" : 26641,
        "iops_max" : 39067,
        "iops_mean" : 34383.383333,
        "iops_stddev" : 290.120990,
        "iops_samples" : 480
      },
      "write" : {
        "io_bytes" : 0,
        "io_kbytes" : 0,
        "bw_bytes" : 0,
        "bw" : 0,
        "iops" : 0.000000,
        "runtime" : 0,
        "total_ios" : 0,
        "short_ios" : 0,
        "drop_ios" : 0,
        "slat_ns" : {
          "min" : 0,
          "max" : 0,
          "mean" : 0.000000,
          "stddev" : 0.000000,
          "N" : 0
        },
        "clat_ns" : {
          "min" : 0,
          "max" : 0,
          "mean" : 0.000000,
          "stddev" : 0.000000,
          "N" : 0
        },
        "lat_ns" : {
          "min" : 0,
          "max" : 0,
          "mean" : 0.000000,
          "stddev" : 0.000000,
          "N" : 0
        },
        "bw_min" : 0,
        "bw_max" : 0,
        "bw_agg" : 0.000000,
        "bw_mean" : 0.000000,
        "bw_dev" : 0.000000,
        "bw_samples" : 0,
        "iops_min" : 0,
        "iops_max" : 0,
        "iops_mean" : 0.000000,
        "iops_stddev" : 0.000000,
        "iops_samples" : 0
      },
      "trim" : {
        "io_bytes" : 0,
        "io_kbytes" : 0,
        "bw_bytes" : 0,
        "bw" : 0,
        "iops" : 0.000000,
        "runtime" : 0,
        "total_ios" : 0,
        "short_ios" : 0,
        "drop_ios" : 0,
        "slat_ns" : {
          "min" : 0,
          "max" : 0,
          "mean" : 0.000000,
          "stddev" : 0.000000,
          "N" : 0
        },
        "clat_ns" : {
          "min" : 0,
          "max" : 0,
          "mean" : 0.000000,
          "stddev" : 0.000000,
          "N" : 0
        },
        "lat_ns" : {
          "min" : 0,
          "max" : 0,
          "mean" : 0.000000,
          "stddev" : 0.000000,
          "N" : 0
        },
        "bw_min" : 0,
        "bw_max" : 0,
        "bw_agg" : 0.000000,
        "bw_mean" : 0.000000,
        "bw_dev" : 0.000000,
        "bw_samples" : 0,
        "iops_min" : 0,
        "iops_max" : 0,
        "iops_mean" : 0.000000,
        "iops_stddev" : 0.000000,
        "iops_samples" : 0
      },
      "sync" : {
        "total_ios" : 0,
        "lat_ns" : {
          "min" : 0,
          "max" : 0,
          "mean" : 0.000000,
          "stddev" : 0.000000,
          "N" : 0
        }
      },
      "job_runtime" : 240000,
      "usr_cpu" : 1.732500,
      "sys_cpu" : 11.521667,
      "ctx" : 1016572,
      "majf" : 0,
      "minf" : 292,
      "iodepth_level" : {
        "1" : 100.000000,
        "2" : 0.000000,
        "4" : 0.000000,
        "8" : 0.000000,
        "16" : 0.000000,
        "32" : 0.000000,
        ">=64" : 0.000000
      },
      "iodepth_submit" : {
        "0" : 0.000000,
        "4" : 100.000000,
        "8" : 0.000000,
        "16" : 0.000000,
        "32" : 0.000000,
        "64" : 0.000000,
        ">=64" : 0.000000
      },
      "iodepth_complete" : {
        "0" : 0.000000,
        "4" : 100.000000,
        "8" : 0.000000,
        "16" : 0.000000,
        "32" : 0.000000,
        "64" : 0.000000,
        ">=64" : 0.000000
      },
      "latency_ns" : {
        "2" : 0.000000,
        "4" : 0.000000,
        "10" : 0.000000,
        "20" : 0.000000,
        "50" : 0.000000,
        "100" : 0.000000,
        "250" : 0.000000,
        "500" : 0.000000,
        "750" : 0.000000,
        "1000" : 0.000000
      },
      "latency_us" : {
        "2" : 0.010182,
        "4" : 1.294314,
        "10" : 0.110841,
        "20" : 0.010000,
        "50" : 0.010000,
        "100" : 0.010000,
        "250" : 86.433903,
        "500" : 11.048164,
        "750" : 0.451124,
        "1000" : 0.147983
      },
      "latency_ms" : {
        "2" : 0.318366,
        "4" : 0.098235,
        "10" : 0.049166,
        "20" : 0.020752,
        "50" : 0.010182,
        "100" : 0.010000,
        "250" : 0.000000,
        "500" : 0.000000,
        "750" : 0.000000,
        "1000" : 0.000000,
        "2000" : 0.000000,
        ">=2000" : 0.000000
      },
      "latency_depth" : 1,
      "latency_target" : 0,
      "latency_percentile" : 100.000000,
      "latency_window" : 0
    }
  ]
}
