{
  "fio version" : "fio-3.36",
  "timestamp" : 1733211736,
  "timestamp_ms" : 1733211736328,
  "time" : "Tue Dec  3 07:42:16 2024",
  "jobs" : [
    {
      "jobname" : "rand_write_direct1_fsync1",
      "groupid" : 0,
      "job_start" : 1733211706309,
      "error" : 0,
      "eta" : 0,
      "elapsed" : 91,
      "job options" : {
        "name" : "rand_write_direct1_fsync1",
        "rw" : "randwrite",
        "direct" : "1",
        "bs" : "4k",
        "runtime" : "30",
        "ramp_time" : "60",
        "filename" : "/dev/mapper/rollbaccine1",
        "iodepth" : "1",
        "numjobs" : "8",
        "fsync" : "1",
        "end_fsync" : "1"
      },
      "read" : {
        "io_bytes" : 0,
        "io_kbytes" : 0,
        "bw_bytes" : 0,
        "bw" : 0,
        "iops" : 0.000000,
        "runtime" : 0,
        "total_ios" : 0,
        "short_ios" : 0,
        "drop_ios" : 0,
        "slat_ns" : {
          "min" : 0,
          "max" : 0,
          "mean" : 0.000000,
          "stddev" : 0.000000,
          "N" : 0
        },
        "clat_ns" : {
          "min" : 0,
          "max" : 0,
          "mean" : 0.000000,
          "stddev" : 0.000000,
          "N" : 0
        },
        "lat_ns" : {
          "min" : 0,
          "max" : 0,
          "mean" : 0.000000,
          "stddev" : 0.000000,
          "N" : 0
        },
        "bw_min" : 0,
        "bw_max" : 0,
        "bw_agg" : 0.000000,
        "bw_mean" : 0.000000,
        "bw_dev" : 0.000000,
        "bw_samples" : 0,
        "iops_min" : 0,
        "iops_max" : 0,
        "iops_mean" : 0.000000,
        "iops_stddev" : 0.000000,
        "iops_samples" : 0
      },
      "write" : {
        "io_bytes" : 1223360512,
        "io_kbytes" : 1194688,
        "bw_bytes" : 40777324,
        "bw" : 39821,
        "iops" : 9955.401487,
        "runtime" : 30001,
        "total_ios" : 298672,
        "short_ios" : 0,
        "drop_ios" : 0,
        "slat_ns" : {
          "min" : 0,
          "max" : 0,
          "mean" : 0.000000,
          "stddev" : 0.000000,
          "N" : 0
        },
        "clat_ns" : {
          "min" : 84201,
          "max" : 56718718,
          "mean" : 228697.369234,
          "stddev" : 434804.422424,
          "N" : 298672,
          "percentile" : {
            "1.000000" : 119296,
            "5.000000" : 134144,
            "10.000000" : 144384,
            "20.000000" : 158720,
            "30.000000" : 171008,
            "40.000000" : 187392,
            "50.000000" : 201728,
            "60.000000" : 218112,
            "70.000000" : 234496,
            "80.000000" : 257024,
            "90.000000" : 292864,
            "95.000000" : 329728,
            "99.000000" : 602112,
            "99.500000" : 1253376,
            "99.900000" : 3588096,
            "99.950000" : 4358144,
            "99.990000" : 19005440
          }
        },
        "lat_ns" : {
          "min" : 84501,
          "max" : 56718918,
          "mean" : 228949.182943,
          "stddev" : 434811.110932,
          "N" : 298672
        },
        "bw_min" : 34736,
        "bw_max" : 43968,
        "bw_agg" : 100.000000,
        "bw_mean" : 39876.932203,
        "bw_dev" : 257.024752,
        "bw_samples" : 472,
        "iops_min" : 8684,
        "iops_max" : 10992,
        "iops_mean" : 9968.915254,
        "iops_stddev" : 64.235053,
        "iops_samples" : 472
      },
      "trim" : {
        "io_bytes" : 0,
        "io_kbytes" : 0,
        "bw_bytes" : 0,
        "bw" : 0,
        "iops" : 0.000000,
        "runtime" : 0,
        "total_ios" : 0,
        "short_ios" : 0,
        "drop_ios" : 0,
        "slat_ns" : {
          "min" : 0,
          "max" : 0,
          "mean" : 0.000000,
          "stddev" : 0.000000,
          "N" : 0
        },
        "clat_ns" : {
          "min" : 0,
          "max" : 0,
          "mean" : 0.000000,
          "stddev" : 0.000000,
          "N" : 0
        },
        "lat_ns" : {
          "min" : 0,
          "max" : 0,
          "mean" : 0.000000,
          "stddev" : 0.000000,
          "N" : 0
        },
        "bw_min" : 0,
        "bw_max" : 0,
        "bw_agg" : 0.000000,
        "bw_mean" : 0.000000,
        "bw_dev" : 0.000000,
        "bw_samples" : 0,
        "iops_min" : 0,
        "iops_max" : 0,
        "iops_mean" : 0.000000,
        "iops_stddev" : 0.000000,
        "iops_samples" : 0
      },
      "sync" : {
        "total_ios" : 298672,
        "lat_ns" : {
          "min" : 204702,
          "max" : 41140880,
          "mean" : 571621.225592,
          "stddev" : 355695.475832,
          "N" : 298672,
          "percentile" : {
            "1.000000" : 329728,
            "5.000000" : 374784,
            "10.000000" : 403456,
            "20.000000" : 444416,
            "30.000000" : 477184,
            "40.000000" : 501760,
            "50.000000" : 528384,
            "60.000000" : 552960,
            "70.000000" : 585728,
            "80.000000" : 626688,
            "90.000000" : 700416,
            "95.000000" : 790528,
            "99.000000" : 1712128,
            "99.500000" : 2277376,
            "99.900000" : 4685824,
            "99.950000" : 5210112,
            "99.990000" : 5865472
          }
        }
      },
      "job_runtime" : 240000,
      "usr_cpu" : 1.577500,
      "sys_cpu" : 8.515000,
      "ctx" : 599378,
      "majf" : 0,
      "minf" : 295,
      "iodepth_level" : {
        "1" : 200.000000,
        "2" : 0.000000,
        "4" : 0.000000,
        "8" : 0.000000,
        "16" : 0.000000,
        "32" : 0.000000,
        ">=64" : 0.000000
      },
      "iodepth_submit" : {
        "0" : 0.000000,
        "4" : 100.000000,
        "8" : 0.000000,
        "16" : 0.000000,
        "32" : 0.000000,
        "64" : 0.000000,
        ">=64" : 0.000000
      },
      "iodepth_complete" : {
        "0" : 0.000000,
        "4" : 100.000000,
        "8" : 0.000000,
        "16" : 0.000000,
        "32" : 0.000000,
        "64" : 0.000000,
        ">=64" : 0.000000
      },
      "latency_ns" : {
        "2" : 0.000000,
        "4" : 0.000000,
        "10" : 0.000000,
        "20" : 0.000000,
        "50" : 0.000000,
        "100" : 0.000000,
        "250" : 0.000000,
        "500" : 0.000000,
        "750" : 0.000000,
        "1000" : 0.000000
      },
      "latency_us" : {
        "2" : 0.000000,
        "4" : 0.000000,
        "10" : 0.000000,
        "20" : 0.000000,
        "50" : 0.000000,
        "100" : 0.039843,
        "250" : 77.351409,
        "500" : 21.300959,
        "750" : 0.507245,
        "1000" : 0.172765
      },
      "latency_ms" : {
        "2" : 0.419524,
        "4" : 0.130913,
        "10" : 0.058258,
        "20" : 0.010379,
        "50" : 0.010000,
        "100" : 0.010000,
        "250" : 0.000000,
        "500" : 0.000000,
        "750" : 0.000000,
        "1000" : 0.000000,
        "2000" : 0.000000,
        ">=2000" : 0.000000
      },
      "latency_depth" : 1,
      "latency_target" : 0,
      "latency_percentile" : 100.000000,
      "latency_window" : 0
    }
  ]
}
