{
  "fio version" : "fio-3.36",
  "timestamp" : 1733215287,
  "timestamp_ms" : 1733215287556,
  "time" : "Tue Dec  3 08:41:27 2024",
  "jobs" : [
    {
      "jobname" : "rand_read_direct0_fsync0",
      "groupid" : 0,
      "job_start" : 1733215251211,
      "error" : 0,
      "eta" : 0,
      "elapsed" : 97,
      "job options" : {
        "name" : "rand_read_direct0_fsync0",
        "rw" : "randread",
        "direct" : "0",
        "bs" : "4k",
        "runtime" : "30",
        "ramp_time" : "60",
        "filename" : "/dev/mapper/rollbaccine1",
        "iodepth" : "1",
        "numjobs" : "16",
        "end_fsync" : "1"
      },
      "read" : {
        "io_bytes" : 7341690880,
        "io_kbytes" : 7169620,
        "bw_bytes" : 244714872,
        "bw" : 238979,
        "iops" : 59744.841839,
        "runtime" : 30001,
        "total_ios" : 1792405,
        "short_ios" : 0,
        "drop_ios" : 0,
        "slat_ns" : {
          "min" : 0,
          "max" : 0,
          "mean" : 0.000000,
          "stddev" : 0.000000,
          "N" : 0
        },
        "clat_ns" : {
          "min" : 1400,
          "max" : 105637545,
          "mean" : 266452.020839,
          "stddev" : 720970.501944,
          "N" : 1792405,
          "percentile" : {
            "1.000000" : 2512,
            "5.000000" : 177152,
            "10.000000" : 189440,
            "20.000000" : 201728,
            "30.000000" : 211968,
            "40.000000" : 220160,
            "50.000000" : 228352,
            "60.000000" : 238592,
            "70.000000" : 248832,
            "80.000000" : 261120,
            "90.000000" : 284672,
            "95.000000" : 313344,
            "99.000000" : 847872,
            "99.500000" : 1826816,
            "99.900000" : 8224768,
            "99.950000" : 12517376,
            "99.990000" : 28442624
          }
        },
        "lat_ns" : {
          "min" : 1500,
          "max" : 105637645,
          "mean" : 266555.252570,
          "stddev" : 720976.601820,
          "N" : 1792405
        },
        "bw_min" : 166240,
        "bw_max" : 272762,
        "bw_agg" : 100.000000,
        "bw_mean" : 239066.559322,
        "bw_dev" : 1259.954280,
        "bw_samples" : 944,
        "iops_min" : 41560,
        "iops_max" : 68190,
        "iops_mean" : 59766.288136,
        "iops_stddev" : 314.988613,
        "iops_samples" : 944
      },
      "write" : {
        "io_bytes" : 0,
        "io_kbytes" : 0,
        "bw_bytes" : 0,
        "bw" : 0,
        "iops" : 0.000000,
        "runtime" : 0,
        "total_ios" : 0,
        "short_ios" : 0,
        "drop_ios" : 0,
        "slat_ns" : {
          "min" : 0,
          "max" : 0,
          "mean" : 0.000000,
          "stddev" : 0.000000,
          "N" : 0
        },
        "clat_ns" : {
          "min" : 0,
          "max" : 0,
          "mean" : 0.000000,
          "stddev" : 0.000000,
          "N" : 0
        },
        "lat_ns" : {
          "min" : 0,
          "max" : 0,
          "mean" : 0.000000,
          "stddev" : 0.000000,
          "N" : 0
        },
        "bw_min" : 0,
        "bw_max" : 0,
        "bw_agg" : 0.000000,
        "bw_mean" : 0.000000,
        "bw_dev" : 0.000000,
        "bw_samples" : 0,
        "iops_min" : 0,
        "iops_max" : 0,
        "iops_mean" : 0.000000,
        "iops_stddev" : 0.000000,
        "iops_samples" : 0
      },
      "trim" : {
        "io_bytes" : 0,
        "io_kbytes" : 0,
        "bw_bytes" : 0,
        "bw" : 0,
        "iops" : 0.000000,
        "runtime" : 0,
        "total_ios" : 0,
        "short_ios" : 0,
        "drop_ios" : 0,
        "slat_ns" : {
          "min" : 0,
          "max" : 0,
          "mean" : 0.000000,
          "stddev" : 0.000000,
          "N" : 0
        },
        "clat_ns" : {
          "min" : 0,
          "max" : 0,
          "mean" : 0.000000,
          "stddev" : 0.000000,
          "N" : 0
        },
        "lat_ns" : {
          "min" : 0,
          "max" : 0,
          "mean" : 0.000000,
          "stddev" : 0.000000,
          "N" : 0
        },
        "bw_min" : 0,
        "bw_max" : 0,
        "bw_agg" : 0.000000,
        "bw_mean" : 0.000000,
        "bw_dev" : 0.000000,
        "bw_samples" : 0,
        "iops_min" : 0,
        "iops_max" : 0,
        "iops_mean" : 0.000000,
        "iops_stddev" : 0.000000,
        "iops_samples" : 0
      },
      "sync" : {
        "total_ios" : 0,
        "lat_ns" : {
          "min" : 0,
          "max" : 0,
          "mean" : 0.000000,
          "stddev" : 0.000000,
          "N" : 0
        }
      },
      "job_runtime" : 480000,
      "usr_cpu" : 1.909375,
      "sys_cpu" : 10.649583,
      "ctx" : 1744592,
      "majf" : 0,
      "minf" : 583,
      "iodepth_level" : {
        "1" : 100.000000,
        "2" : 0.000000,
        "4" : 0.000000,
        "8" : 0.000000,
        "16" : 0.000000,
        "32" : 0.000000,
        ">=64" : 0.000000
      },
      "iodepth_submit" : {
        "0" : 0.000000,
        "4" : 100.000000,
        "8" : 0.000000,
        "16" : 0.000000,
        "32" : 0.000000,
        "64" : 0.000000,
        ">=64" : 0.000000
      },
      "iodepth_complete" : {
        "0" : 0.000000,
        "4" : 100.000000,
        "8" : 0.000000,
        "16" : 0.000000,
        "32" : 0.000000,
        "64" : 0.000000,
        ">=64" : 0.000000
      },
      "latency_ns" : {
        "2" : 0.000000,
        "4" : 0.000000,
        "10" : 0.000000,
        "20" : 0.000000,
        "50" : 0.000000,
        "100" : 0.000000,
        "250" : 0.000000,
        "500" : 0.000000,
        "750" : 0.000000,
        "1000" : 0.000000
      },
      "latency_us" : {
        "2" : 0.012218,
        "4" : 2.221206,
        "10" : 0.433105,
        "20" : 0.010000,
        "50" : 0.010000,
        "100" : 0.010000,
        "250" : 68.955231,
        "500" : 26.791601,
        "750" : 0.494252,
        "1000" : 0.179089
      },
      "latency_ms" : {
        "2" : 0.452744,
        "4" : 0.206873,
        "10" : 0.170999,
        "20" : 0.054229,
        "50" : 0.015733,
        "100" : 0.010000,
        "250" : 0.010000,
        "500" : 0.000000,
        "750" : 0.000000,
        "1000" : 0.000000,
        "2000" : 0.000000,
        ">=2000" : 0.000000
      },
      "latency_depth" : 1,
      "latency_target" : 0,
      "latency_percentile" : 100.000000,
      "latency_window" : 0
    }
  ]
}
