{
  "fio version" : "fio-3.36",
  "timestamp" : 1733292619,
  "timestamp_ms" : 1733292619189,
  "time" : "Wed Dec  4 06:10:19 2024",
  "jobs" : [
    {
      "jobname" : "ROLLBACCINE_randwrite_direct1_fsync1_threads_1024_a6a2",
      "groupid" : 0,
      "job_start" : 1733292557472,
      "error" : 0,
      "eta" : 0,
      "elapsed" : 94,
      "job options" : {
        "name" : "ROLLBACCINE_randwrite_direct1_fsync1_threads_1024_a6a2",
        "rw" : "randwrite",
        "direct" : "1",
        "filename" : "/dev/mapper/rollbaccine1",
        "numjobs" : "1024",
        "fsync" : "1",
        "bs" : "4k",
        "ramp_time" : "30",
        "runtime" : "60",
        "iodepth" : "1",
        "end_fsync" : "1"
      },
      "read" : {
        "io_bytes" : 0,
        "io_kbytes" : 0,
        "bw_bytes" : 0,
        "bw" : 0,
        "iops" : 0.000000,
        "runtime" : 0,
        "total_ios" : 0,
        "short_ios" : 0,
        "drop_ios" : 0,
        "slat_ns" : {
          "min" : 0,
          "max" : 0,
          "mean" : 0.000000,
          "stddev" : 0.000000,
          "N" : 0
        },
        "clat_ns" : {
          "min" : 0,
          "max" : 0,
          "mean" : 0.000000,
          "stddev" : 0.000000,
          "N" : 0
        },
        "lat_ns" : {
          "min" : 0,
          "max" : 0,
          "mean" : 0.000000,
          "stddev" : 0.000000,
          "N" : 0
        },
        "bw_min" : 0,
        "bw_max" : 0,
        "bw_agg" : 0.000000,
        "bw_mean" : 0.000000,
        "bw_dev" : 0.000000,
        "bw_samples" : 0,
        "iops_min" : 0,
        "iops_max" : 0,
        "iops_mean" : 0.000000,
        "iops_stddev" : 0.000000,
        "iops_samples" : 0
      },
      "write" : {
        "io_bytes" : 10747326464,
        "io_kbytes" : 10495436,
        "bw_bytes" : 178547779,
        "bw" : 174363,
        "iops" : 43590.766368,
        "runtime" : 60193,
        "total_ios" : 2623859,
        "short_ios" : 0,
        "drop_ios" : 0,
        "slat_ns" : {
          "min" : 0,
          "max" : 0,
          "mean" : 0.000000,
          "stddev" : 0.000000,
          "N" : 0
        },
        "clat_ns" : {
          "min" : 72801,
          "max" : 218764776,
          "mean" : 19987327.746373,
          "stddev" : 34279929.112964,
          "N" : 2623859,
          "percentile" : {
            "1.000000" : 162816,
            "5.000000" : 214016,
            "10.000000" : 259072,
            "20.000000" : 342016,
            "30.000000" : 432128,
            "40.000000" : 552960,
            "50.000000" : 757760,
            "60.000000" : 1171456,
            "70.000000" : 2072576,
            "80.000000" : 68681728,
            "90.000000" : 74973184,
            "95.000000" : 78118912,
            "99.000000" : 139460608,
            "99.500000" : 147849216,
            "99.900000" : 158334976,
            "99.950000" : 170917888,
            "99.990000" : 191889408
          }
        },
        "lat_ns" : {
          "min" : 72901,
          "max" : 218764876,
          "mean" : 19987601.715602,
          "stddev" : 34279911.919142,
          "N" : 2623859
        },
        "bw_min" : 65433,
        "bw_max" : 345824,
        "bw_agg" : 100.000000,
        "bw_mean" : 174688.786765,
        "bw_dev" : 53.392073,
        "bw_samples" : 121871,
        "iops_min" : 16100,
        "iops_max" : 86271,
        "iops_mean" : 43465.167997,
        "iops_stddev" : 13.356295,
        "iops_samples" : 121871
      },
      "trim" : {
        "io_bytes" : 0,
        "io_kbytes" : 0,
        "bw_bytes" : 0,
        "bw" : 0,
        "iops" : 0.000000,
        "runtime" : 0,
        "total_ios" : 0,
        "short_ios" : 0,
        "drop_ios" : 0,
        "slat_ns" : {
          "min" : 0,
          "max" : 0,
          "mean" : 0.000000,
          "stddev" : 0.000000,
          "N" : 0
        },
        "clat_ns" : {
          "min" : 0,
          "max" : 0,
          "mean" : 0.000000,
          "stddev" : 0.000000,
          "N" : 0
        },
        "lat_ns" : {
          "min" : 0,
          "max" : 0,
          "mean" : 0.000000,
          "stddev" : 0.000000,
          "N" : 0
        },
        "bw_min" : 0,
        "bw_max" : 0,
        "bw_agg" : 0.000000,
        "bw_mean" : 0.000000,
        "bw_dev" : 0.000000,
        "bw_samples" : 0,
        "iops_min" : 0,
        "iops_max" : 0,
        "iops_mean" : 0.000000,
        "iops_stddev" : 0.000000,
        "iops_samples" : 0
      },
      "sync" : {
        "total_ios" : 2623091,
        "lat_ns" : {
          "min" : 250003,
          "max" : 169760275,
          "mean" : 3434549.785988,
          "stddev" : 12488397.942100,
          "N" : 2623091,
          "percentile" : {
            "1.000000" : 561152,
            "5.000000" : 667648,
            "10.000000" : 724992,
            "20.000000" : 815104,
            "30.000000" : 888832,
            "40.000000" : 954368,
            "50.000000" : 1028096,
            "60.000000" : 1122304,
            "70.000000" : 1236992,
            "80.000000" : 1417216,
            "90.000000" : 1908736,
            "95.000000" : 3784704,
            "99.000000" : 73924608,
            "99.500000" : 77070336,
            "99.900000" : 89653248,
            "99.950000" : 95944704,
            "99.990000" : 106430464
          }
        }
      },
      "job_runtime" : 61468809,
      "usr_cpu" : 0.046241,
      "sys_cpu" : 0.475807,
      "ctx" : 8227748,
      "majf" : 0,
      "minf" : 38273,
      "iodepth_level" : {
        "1" : 199.970730,
        "2" : 0.000000,
        "4" : 0.000000,
        "8" : 0.000000,
        "16" : 0.000000,
        "32" : 0.000000,
        ">=64" : 0.000000
      },
      "iodepth_submit" : {
        "0" : 0.000000,
        "4" : 100.000000,
        "8" : 0.000000,
        "16" : 0.000000,
        "32" : 0.000000,
        "64" : 0.000000,
        ">=64" : 0.000000
      },
      "iodepth_complete" : {
        "0" : 0.000000,
        "4" : 100.000000,
        "8" : 0.000000,
        "16" : 0.000000,
        "32" : 0.000000,
        "64" : 0.000000,
        ">=64" : 0.000000
      },
      "latency_ns" : {
        "2" : 0.000000,
        "4" : 0.000000,
        "10" : 0.000000,
        "20" : 0.000000,
        "50" : 0.000000,
        "100" : 0.000000,
        "250" : 0.000000,
        "500" : 0.000000,
        "750" : 0.000000,
        "1000" : 0.000000
      },
      "latency_us" : {
        "2" : 0.000000,
        "4" : 0.000000,
        "10" : 0.000000,
        "20" : 0.000000,
        "50" : 0.000000,
        "100" : 0.010000,
        "250" : 8.881117,
        "500" : 27.034913,
        "750" : 13.765641,
        "1000" : 7.132014
      },
      "latency_ms" : {
        "2" : 12.771342,
        "4" : 4.156359,
        "10" : 0.674960,
        "20" : 0.304323,
        "50" : 0.621222,
        "100" : 23.080890,
        "250" : 1.569177,
        "500" : 0.000000,
        "750" : 0.000000,
        "1000" : 0.000000,
        "2000" : 0.000000,
        ">=2000" : 0.000000
      },
      "latency_depth" : 1,
      "latency_target" : 0,
      "latency_percentile" : 100.000000,
      "latency_window" : 0
    }
  ]
}
