{
  "fio version" : "fio-3.36",
  "timestamp" : 1733213543,
  "timestamp_ms" : 1733213543550,
  "time" : "Tue Dec  3 08:12:23 2024",
  "jobs" : [
    {
      "jobname" : "seq_read_direct1_fsync0",
      "groupid" : 0,
      "job_start" : 1733213513533,
      "error" : 0,
      "eta" : 0,
      "elapsed" : 91,
      "job options" : {
        "name" : "seq_read_direct1_fsync0",
        "rw" : "read",
        "direct" : "1",
        "bs" : "4k",
        "runtime" : "30",
        "ramp_time" : "60",
        "filename" : "/dev/mapper/rollbaccine1",
        "iodepth" : "1",
        "numjobs" : "1",
        "end_fsync" : "1"
      },
      "read" : {
        "io_bytes" : 432082944,
        "io_kbytes" : 421956,
        "bw_bytes" : 14402284,
        "bw" : 14064,
        "iops" : 3516.182794,
        "runtime" : 30001,
        "total_ios" : 105489,
        "short_ios" : 0,
        "drop_ios" : 0,
        "slat_ns" : {
          "min" : 0,
          "max" : 0,
          "mean" : 0.000000,
          "stddev" : 0.000000,
          "N" : 0
        },
        "clat_ns" : {
          "min" : 141302,
          "max" : 16756352,
          "mean" : 283730.230033,
          "stddev" : 247889.735596,
          "N" : 105489,
          "percentile" : {
            "1.000000" : 158720,
            "5.000000" : 168960,
            "10.000000" : 175104,
            "20.000000" : 183296,
            "30.000000" : 193536,
            "40.000000" : 205824,
            "50.000000" : 214016,
            "60.000000" : 226304,
            "70.000000" : 246784,
            "80.000000" : 292864,
            "90.000000" : 444416,
            "95.000000" : 659456,
            "99.000000" : 1368064,
            "99.500000" : 1630208,
            "99.900000" : 2375680,
            "99.950000" : 3260416,
            "99.990000" : 5275648
          }
        },
        "lat_ns" : {
          "min" : 141302,
          "max" : 16756352,
          "mean" : 283807.760089,
          "stddev" : 247893.049803,
          "N" : 105489
        },
        "bw_min" : 9640,
        "bw_max" : 19168,
        "bw_agg" : 100.000000,
        "bw_mean" : 14068.550000,
        "bw_dev" : 2466.899381,
        "bw_samples" : 60,
        "iops_min" : 2410,
        "iops_max" : 4792,
        "iops_mean" : 3517.083333,
        "iops_stddev" : 616.759665,
        "iops_samples" : 60
      },
      "write" : {
        "io_bytes" : 0,
        "io_kbytes" : 0,
        "bw_bytes" : 0,
        "bw" : 0,
        "iops" : 0.000000,
        "runtime" : 0,
        "total_ios" : 0,
        "short_ios" : 0,
        "drop_ios" : 0,
        "slat_ns" : {
          "min" : 0,
          "max" : 0,
          "mean" : 0.000000,
          "stddev" : 0.000000,
          "N" : 0
        },
        "clat_ns" : {
          "min" : 0,
          "max" : 0,
          "mean" : 0.000000,
          "stddev" : 0.000000,
          "N" : 0
        },
        "lat_ns" : {
          "min" : 0,
          "max" : 0,
          "mean" : 0.000000,
          "stddev" : 0.000000,
          "N" : 0
        },
        "bw_min" : 0,
        "bw_max" : 0,
        "bw_agg" : 0.000000,
        "bw_mean" : 0.000000,
        "bw_dev" : 0.000000,
        "bw_samples" : 0,
        "iops_min" : 0,
        "iops_max" : 0,
        "iops_mean" : 0.000000,
        "iops_stddev" : 0.000000,
        "iops_samples" : 0
      },
      "trim" : {
        "io_bytes" : 0,
        "io_kbytes" : 0,
        "bw_bytes" : 0,
        "bw" : 0,
        "iops" : 0.000000,
        "runtime" : 0,
        "total_ios" : 0,
        "short_ios" : 0,
        "drop_ios" : 0,
        "slat_ns" : {
          "min" : 0,
          "max" : 0,
          "mean" : 0.000000,
          "stddev" : 0.000000,
          "N" : 0
        },
        "clat_ns" : {
          "min" : 0,
          "max" : 0,
          "mean" : 0.000000,
          "stddev" : 0.000000,
          "N" : 0
        },
        "lat_ns" : {
          "min" : 0,
          "max" : 0,
          "mean" : 0.000000,
          "stddev" : 0.000000,
          "N" : 0
        },
        "bw_min" : 0,
        "bw_max" : 0,
        "bw_agg" : 0.000000,
        "bw_mean" : 0.000000,
        "bw_dev" : 0.000000,
        "bw_samples" : 0,
        "iops_min" : 0,
        "iops_max" : 0,
        "iops_mean" : 0.000000,
        "iops_stddev" : 0.000000,
        "iops_samples" : 0
      },
      "sync" : {
        "total_ios" : 0,
        "lat_ns" : {
          "min" : 0,
          "max" : 0,
          "mean" : 0.000000,
          "stddev" : 0.000000,
          "N" : 0
        }
      },
      "job_runtime" : 30000,
      "usr_cpu" : 1.386667,
      "sys_cpu" : 8.850000,
      "ctx" : 105490,
      "majf" : 0,
      "minf" : 36,
      "iodepth_level" : {
        "1" : 100.000000,
        "2" : 0.000000,
        "4" : 0.000000,
        "8" : 0.000000,
        "16" : 0.000000,
        "32" : 0.000000,
        ">=64" : 0.000000
      },
      "iodepth_submit" : {
        "0" : 0.000000,
        "4" : 100.000000,
        "8" : 0.000000,
        "16" : 0.000000,
        "32" : 0.000000,
        "64" : 0.000000,
        ">=64" : 0.000000
      },
      "iodepth_complete" : {
        "0" : 0.000000,
        "4" : 100.000000,
        "8" : 0.000000,
        "16" : 0.000000,
        "32" : 0.000000,
        "64" : 0.000000,
        ">=64" : 0.000000
      },
      "latency_ns" : {
        "2" : 0.000000,
        "4" : 0.000000,
        "10" : 0.000000,
        "20" : 0.000000,
        "50" : 0.000000,
        "100" : 0.000000,
        "250" : 0.000000,
        "500" : 0.000000,
        "750" : 0.000000,
        "1000" : 0.000000
      },
      "latency_us" : {
        "2" : 0.000000,
        "4" : 0.000000,
        "10" : 0.000000,
        "20" : 0.000000,
        "50" : 0.000000,
        "100" : 0.000000,
        "250" : 70.873740,
        "500" : 20.967115,
        "750" : 4.232669,
        "1000" : 1.716767
      },
      "latency_ms" : {
        "2" : 2.024856,
        "4" : 0.155466,
        "10" : 0.025595,
        "20" : 0.010000,
        "50" : 0.000000,
        "100" : 0.000000,
        "250" : 0.000000,
        "500" : 0.000000,
        "750" : 0.000000,
        "1000" : 0.000000,
        "2000" : 0.000000,
        ">=2000" : 0.000000
      },
      "latency_depth" : 1,
      "latency_target" : 0,
      "latency_percentile" : 100.000000,
      "latency_window" : 0
    }
  ]
}
