{
  "fio version" : "fio-3.36",
  "timestamp" : 1733290718,
  "timestamp_ms" : 1733290718536,
  "time" : "Wed Dec  4 05:38:38 2024",
  "jobs" : [
    {
      "jobname" : "ROLLBACCINE_randread_direct0_fsync0_threads_64_c706",
      "groupid" : 0,
      "job_start" : 1733290651139,
      "error" : 0,
      "eta" : 0,
      "elapsed" : 98,
      "job options" : {
        "name" : "ROLLBACCINE_randread_direct0_fsync0_threads_64_c706",
        "rw" : "randread",
        "direct" : "0",
        "filename" : "/dev/mapper/rollbaccine1",
        "numjobs" : "64",
        "fsync" : "0",
        "bs" : "4k",
        "ramp_time" : "30",
        "runtime" : "60",
        "iodepth" : "1",
        "end_fsync" : "1"
      },
      "read" : {
        "io_bytes" : 18472443904,
        "io_kbytes" : 18039496,
        "bw_bytes" : 307827890,
        "bw" : 300613,
        "iops" : 75153.293673,
        "runtime" : 60009,
        "total_ios" : 4509874,
        "short_ios" : 0,
        "drop_ios" : 0,
        "slat_ns" : {
          "min" : 0,
          "max" : 0,
          "mean" : 0.000000,
          "stddev" : 0.000000,
          "N" : 0
        },
        "clat_ns" : {
          "min" : 1100,
          "max" : 156187516,
          "mean" : 849800.625352,
          "stddev" : 2213950.947866,
          "N" : 4509874,
          "percentile" : {
            "1.000000" : 2704,
            "5.000000" : 115200,
            "10.000000" : 144384,
            "20.000000" : 195584,
            "30.000000" : 218112,
            "40.000000" : 240640,
            "50.000000" : 276480,
            "60.000000" : 423936,
            "70.000000" : 995328,
            "80.000000" : 1269760,
            "90.000000" : 1417216,
            "95.000000" : 1548288,
            "99.000000" : 11075584,
            "99.500000" : 14876672,
            "99.900000" : 28704768,
            "99.950000" : 32112640,
            "99.990000" : 50593792
          }
        },
        "lat_ns" : {
          "min" : 1100,
          "max" : 156187616,
          "mean" : 849903.455401,
          "stddev" : 2213948.914274,
          "N" : 4509874
        },
        "bw_min" : 163960,
        "bw_max" : 411206,
        "bw_agg" : 100.000000,
        "bw_mean" : 300694.436975,
        "bw_dev" : 666.136766,
        "bw_samples" : 7616,
        "iops_min" : 40990,
        "iops_max" : 102800,
        "iops_mean" : 75172.773109,
        "iops_stddev" : 166.528310,
        "iops_samples" : 7616
      },
      "write" : {
        "io_bytes" : 0,
        "io_kbytes" : 0,
        "bw_bytes" : 0,
        "bw" : 0,
        "iops" : 0.000000,
        "runtime" : 0,
        "total_ios" : 0,
        "short_ios" : 0,
        "drop_ios" : 0,
        "slat_ns" : {
          "min" : 0,
          "max" : 0,
          "mean" : 0.000000,
          "stddev" : 0.000000,
          "N" : 0
        },
        "clat_ns" : {
          "min" : 0,
          "max" : 0,
          "mean" : 0.000000,
          "stddev" : 0.000000,
          "N" : 0
        },
        "lat_ns" : {
          "min" : 0,
          "max" : 0,
          "mean" : 0.000000,
          "stddev" : 0.000000,
          "N" : 0
        },
        "bw_min" : 0,
        "bw_max" : 0,
        "bw_agg" : 0.000000,
        "bw_mean" : 0.000000,
        "bw_dev" : 0.000000,
        "bw_samples" : 0,
        "iops_min" : 0,
        "iops_max" : 0,
        "iops_mean" : 0.000000,
        "iops_stddev" : 0.000000,
        "iops_samples" : 0
      },
      "trim" : {
        "io_bytes" : 0,
        "io_kbytes" : 0,
        "bw_bytes" : 0,
        "bw" : 0,
        "iops" : 0.000000,
        "runtime" : 0,
        "total_ios" : 0,
        "short_ios" : 0,
        "drop_ios" : 0,
        "slat_ns" : {
          "min" : 0,
          "max" : 0,
          "mean" : 0.000000,
          "stddev" : 0.000000,
          "N" : 0
        },
        "clat_ns" : {
          "min" : 0,
          "max" : 0,
          "mean" : 0.000000,
          "stddev" : 0.000000,
          "N" : 0
        },
        "lat_ns" : {
          "min" : 0,
          "max" : 0,
          "mean" : 0.000000,
          "stddev" : 0.000000,
          "N" : 0
        },
        "bw_min" : 0,
        "bw_max" : 0,
        "bw_agg" : 0.000000,
        "bw_mean" : 0.000000,
        "bw_dev" : 0.000000,
        "bw_samples" : 0,
        "iops_min" : 0,
        "iops_max" : 0,
        "iops_mean" : 0.000000,
        "iops_stddev" : 0.000000,
        "iops_samples" : 0
      },
      "sync" : {
        "total_ios" : 0,
        "lat_ns" : {
          "min" : 0,
          "max" : 0,
          "mean" : 0.000000,
          "stddev" : 0.000000,
          "N" : 0
        }
      },
      "job_runtime" : 3840095,
      "usr_cpu" : 0.675686,
      "sys_cpu" : 3.401609,
      "ctx" : 4388658,
      "majf" : 0,
      "minf" : 2390,
      "iodepth_level" : {
        "1" : 100.000000,
        "2" : 0.000000,
        "4" : 0.000000,
        "8" : 0.000000,
        "16" : 0.000000,
        "32" : 0.000000,
        ">=64" : 0.000000
      },
      "iodepth_submit" : {
        "0" : 0.000000,
        "4" : 100.000000,
        "8" : 0.000000,
        "16" : 0.000000,
        "32" : 0.000000,
        "64" : 0.000000,
        ">=64" : 0.000000
      },
      "iodepth_complete" : {
        "0" : 0.000000,
        "4" : 100.000000,
        "8" : 0.000000,
        "16" : 0.000000,
        "32" : 0.000000,
        "64" : 0.000000,
        ">=64" : 0.000000
      },
      "latency_ns" : {
        "2" : 0.000000,
        "4" : 0.000000,
        "10" : 0.000000,
        "20" : 0.000000,
        "50" : 0.000000,
        "100" : 0.000000,
        "250" : 0.000000,
        "500" : 0.000000,
        "750" : 0.000000,
        "1000" : 0.000000
      },
      "latency_us" : {
        "2" : 0.010488,
        "4" : 2.090324,
        "10" : 0.657202,
        "20" : 0.010000,
        "50" : 0.012417,
        "100" : 0.696383,
        "250" : 39.777741,
        "500" : 18.096625,
        "750" : 3.718441,
        "1000" : 4.993732
      },
      "latency_ms" : {
        "2" : 27.036609,
        "4" : 0.741262,
        "10" : 0.971446,
        "20" : 0.922886,
        "50" : 0.262114,
        "100" : 0.010000,
        "250" : 0.010000,
        "500" : 0.000000,
        "750" : 0.000000,
        "1000" : 0.000000,
        "2000" : 0.000000,
        ">=2000" : 0.000000
      },
      "latency_depth" : 1,
      "latency_target" : 0,
      "latency_percentile" : 100.000000,
      "latency_window" : 0
    }
  ]
}
