{
  "fio version" : "fio-3.36",
  "timestamp" : 1733292710,
  "timestamp_ms" : 1733292710268,
  "time" : "Wed Dec  4 06:11:50 2024",
  "jobs" : [
    {
      "jobname" : "ROLLBACCINE_randwrite_direct1_fsync1_threads_256_d928",
      "groupid" : 0,
      "job_start" : 1733292650040,
      "error" : 0,
      "eta" : 0,
      "elapsed" : 91,
      "job options" : {
        "name" : "ROLLBACCINE_randwrite_direct1_fsync1_threads_256_d928",
        "rw" : "randwrite",
        "direct" : "1",
        "filename" : "/dev/mapper/rollbaccine1",
        "numjobs" : "256",
        "fsync" : "1",
        "bs" : "4k",
        "ramp_time" : "30",
        "runtime" : "60",
        "iodepth" : "1",
        "end_fsync" : "1"
      },
      "read" : {
        "io_bytes" : 0,
        "io_kbytes" : 0,
        "bw_bytes" : 0,
        "bw" : 0,
        "iops" : 0.000000,
        "runtime" : 0,
        "total_ios" : 0,
        "short_ios" : 0,
        "drop_ios" : 0,
        "slat_ns" : {
          "min" : 0,
          "max" : 0,
          "mean" : 0.000000,
          "stddev" : 0.000000,
          "N" : 0
        },
        "clat_ns" : {
          "min" : 0,
          "max" : 0,
          "mean" : 0.000000,
          "stddev" : 0.000000,
          "N" : 0
        },
        "lat_ns" : {
          "min" : 0,
          "max" : 0,
          "mean" : 0.000000,
          "stddev" : 0.000000,
          "N" : 0
        },
        "bw_min" : 0,
        "bw_max" : 0,
        "bw_agg" : 0.000000,
        "bw_mean" : 0.000000,
        "bw_dev" : 0.000000,
        "bw_samples" : 0,
        "iops_min" : 0,
        "iops_max" : 0,
        "iops_mean" : 0.000000,
        "iops_stddev" : 0.000000,
        "iops_samples" : 0
      },
      "write" : {
        "io_bytes" : 10768916480,
        "io_kbytes" : 10516520,
        "bw_bytes" : 179359379,
        "bw" : 175155,
        "iops" : 43788.910911,
        "runtime" : 60041,
        "total_ios" : 2629130,
        "short_ios" : 0,
        "drop_ios" : 0,
        "slat_ns" : {
          "min" : 0,
          "max" : 0,
          "mean" : 0.000000,
          "stddev" : 0.000000,
          "N" : 0
        },
        "clat_ns" : {
          "min" : 65601,
          "max" : 90311696,
          "mean" : 4310343.574883,
          "stddev" : 6668699.073939,
          "N" : 2629130,
          "percentile" : {
            "1.000000" : 154624,
            "5.000000" : 201728,
            "10.000000" : 240640,
            "20.000000" : 313344,
            "30.000000" : 391168,
            "40.000000" : 493568,
            "50.000000" : 643072,
            "60.000000" : 929792,
            "70.000000" : 1728512,
            "80.000000" : 11862016,
            "90.000000" : 15007744,
            "95.000000" : 16908288,
            "99.000000" : 26083328,
            "99.500000" : 29491200,
            "99.900000" : 36962304,
            "99.950000" : 44302336,
            "99.990000" : 63176704
          }
        },
        "lat_ns" : {
          "min" : 65901,
          "max" : 90311896,
          "mean" : 4310621.384442,
          "stddev" : 6668680.419928,
          "N" : 2629130
        },
        "bw_min" : 117586,
        "bw_max" : 241988,
        "bw_agg" : 100.000000,
        "bw_mean" : 175329.739496,
        "bw_dev" : 90.627111,
        "bw_samples" : 30464,
        "iops_min" : 29369,
        "iops_max" : 60482,
        "iops_mean" : 43812.453782,
        "iops_stddev" : 22.660563,
        "iops_samples" : 30464
      },
      "trim" : {
        "io_bytes" : 0,
        "io_kbytes" : 0,
        "bw_bytes" : 0,
        "bw" : 0,
        "iops" : 0.000000,
        "runtime" : 0,
        "total_ios" : 0,
        "short_ios" : 0,
        "drop_ios" : 0,
        "slat_ns" : {
          "min" : 0,
          "max" : 0,
          "mean" : 0.000000,
          "stddev" : 0.000000,
          "N" : 0
        },
        "clat_ns" : {
          "min" : 0,
          "max" : 0,
          "mean" : 0.000000,
          "stddev" : 0.000000,
          "N" : 0
        },
        "lat_ns" : {
          "min" : 0,
          "max" : 0,
          "mean" : 0.000000,
          "stddev" : 0.000000,
          "N" : 0
        },
        "bw_min" : 0,
        "bw_max" : 0,
        "bw_agg" : 0.000000,
        "bw_mean" : 0.000000,
        "bw_dev" : 0.000000,
        "bw_samples" : 0,
        "iops_min" : 0,
        "iops_max" : 0,
        "iops_mean" : 0.000000,
        "iops_stddev" : 0.000000,
        "iops_samples" : 0
      },
      "sync" : {
        "total_ios" : 2628987,
        "lat_ns" : {
          "min" : 272003,
          "max" : 87920497,
          "mean" : 1528060.288040,
          "stddev" : 2413468.639565,
          "N" : 2628987,
          "percentile" : {
            "1.000000" : 561152,
            "5.000000" : 667648,
            "10.000000" : 733184,
            "20.000000" : 815104,
            "30.000000" : 888832,
            "40.000000" : 954368,
            "50.000000" : 1028096,
            "60.000000" : 1122304,
            "70.000000" : 1236992,
            "80.000000" : 1417216,
            "90.000000" : 1843200,
            "95.000000" : 2736128,
            "99.000000" : 14483456,
            "99.500000" : 15925248,
            "99.900000" : 19267584,
            "99.950000" : 20840448,
            "99.990000" : 74973184
          }
        }
      },
      "job_runtime" : 15360894,
      "usr_cpu" : 0.157777,
      "sys_cpu" : 1.881922,
      "ctx" : 8326105,
      "majf" : 0,
      "minf" : 9485,
      "iodepth_level" : {
        "1" : 199.994561,
        "2" : 0.000000,
        "4" : 0.000000,
        "8" : 0.000000,
        "16" : 0.000000,
        "32" : 0.000000,
        ">=64" : 0.000000
      },
      "iodepth_submit" : {
        "0" : 0.000000,
        "4" : 100.000000,
        "8" : 0.000000,
        "16" : 0.000000,
        "32" : 0.000000,
        "64" : 0.000000,
        ">=64" : 0.000000
      },
      "iodepth_complete" : {
        "0" : 0.000000,
        "4" : 100.000000,
        "8" : 0.000000,
        "16" : 0.000000,
        "32" : 0.000000,
        "64" : 0.000000,
        ">=64" : 0.000000
      },
      "latency_ns" : {
        "2" : 0.000000,
        "4" : 0.000000,
        "10" : 0.000000,
        "20" : 0.000000,
        "50" : 0.000000,
        "100" : 0.000000,
        "250" : 0.000000,
        "500" : 0.000000,
        "750" : 0.000000,
        "1000" : 0.000000
      },
      "latency_us" : {
        "2" : 0.000000,
        "4" : 0.000000,
        "10" : 0.000000,
        "20" : 0.000000,
        "50" : 0.000000,
        "100" : 0.010954,
        "250" : 11.210515,
        "500" : 29.472145,
        "750" : 14.043923,
        "1000" : 6.734661
      },
      "latency_ms" : {
        "2" : 9.964589,
        "4" : 2.190535,
        "10" : 2.949112,
        "20" : 21.287346,
        "50" : 2.101836,
        "100" : 0.034384,
        "250" : 0.000000,
        "500" : 0.000000,
        "750" : 0.000000,
        "1000" : 0.000000,
        "2000" : 0.000000,
        ">=2000" : 0.000000
      },
      "latency_depth" : 1,
      "latency_target" : 0,
      "latency_percentile" : 100.000000,
      "latency_window" : 0
    }
  ]
}
