{
  "fio version" : "fio-3.36",
  "timestamp" : 1733289981,
  "timestamp_ms" : 1733289981519,
  "time" : "Wed Dec  4 05:26:21 2024",
  "jobs" : [
    {
      "jobname" : "ROLLBACCINE_randread_direct0_fsync0_threads_32_d2a7",
      "groupid" : 0,
      "job_start" : 1733289914276,
      "error" : 0,
      "eta" : 0,
      "elapsed" : 98,
      "job options" : {
        "name" : "ROLLBACCINE_randread_direct0_fsync0_threads_32_d2a7",
        "rw" : "randread",
        "direct" : "0",
        "filename" : "/dev/mapper/rollbaccine1",
        "numjobs" : "32",
        "fsync" : "0",
        "bs" : "4k",
        "ramp_time" : "30",
        "runtime" : "60",
        "iodepth" : "1",
        "end_fsync" : "1"
      },
      "read" : {
        "io_bytes" : 18409213952,
        "io_kbytes" : 17977748,
        "bw_bytes" : 306733324,
        "bw" : 299544,
        "iops" : 74886.065615,
        "runtime" : 60017,
        "total_ios" : 4494437,
        "short_ios" : 0,
        "drop_ios" : 0,
        "slat_ns" : {
          "min" : 0,
          "max" : 0,
          "mean" : 0.000000,
          "stddev" : 0.000000,
          "N" : 0
        },
        "clat_ns" : {
          "min" : 1300,
          "max" : 80674484,
          "mean" : 425661.145310,
          "stddev" : 1191344.101743,
          "N" : 4494437,
          "percentile" : {
            "1.000000" : 2704,
            "5.000000" : 129536,
            "10.000000" : 173056,
            "20.000000" : 201728,
            "30.000000" : 216064,
            "40.000000" : 232448,
            "50.000000" : 250880,
            "60.000000" : 288768,
            "70.000000" : 411648,
            "80.000000" : 528384,
            "90.000000" : 618496,
            "95.000000" : 684032,
            "99.000000" : 2637824,
            "99.500000" : 6062080,
            "99.900000" : 18481152,
            "99.950000" : 23199744,
            "99.990000" : 33161216
          }
        },
        "lat_ns" : {
          "min" : 1400,
          "max" : 80674584,
          "mean" : 425760.430682,
          "stddev" : 1191343.634269,
          "N" : 4494437
        },
        "bw_min" : 199540,
        "bw_max" : 362054,
        "bw_agg" : 100.000000,
        "bw_mean" : 299948.697479,
        "bw_dev" : 882.656718,
        "bw_samples" : 3808,
        "iops_min" : 49884,
        "iops_max" : 90511,
        "iops_mean" : 74985.655462,
        "iops_stddev" : 220.666876,
        "iops_samples" : 3808
      },
      "write" : {
        "io_bytes" : 0,
        "io_kbytes" : 0,
        "bw_bytes" : 0,
        "bw" : 0,
        "iops" : 0.000000,
        "runtime" : 0,
        "total_ios" : 0,
        "short_ios" : 0,
        "drop_ios" : 0,
        "slat_ns" : {
          "min" : 0,
          "max" : 0,
          "mean" : 0.000000,
          "stddev" : 0.000000,
          "N" : 0
        },
        "clat_ns" : {
          "min" : 0,
          "max" : 0,
          "mean" : 0.000000,
          "stddev" : 0.000000,
          "N" : 0
        },
        "lat_ns" : {
          "min" : 0,
          "max" : 0,
          "mean" : 0.000000,
          "stddev" : 0.000000,
          "N" : 0
        },
        "bw_min" : 0,
        "bw_max" : 0,
        "bw_agg" : 0.000000,
        "bw_mean" : 0.000000,
        "bw_dev" : 0.000000,
        "bw_samples" : 0,
        "iops_min" : 0,
        "iops_max" : 0,
        "iops_mean" : 0.000000,
        "iops_stddev" : 0.000000,
        "iops_samples" : 0
      },
      "trim" : {
        "io_bytes" : 0,
        "io_kbytes" : 0,
        "bw_bytes" : 0,
        "bw" : 0,
        "iops" : 0.000000,
        "runtime" : 0,
        "total_ios" : 0,
        "short_ios" : 0,
        "drop_ios" : 0,
        "slat_ns" : {
          "min" : 0,
          "max" : 0,
          "mean" : 0.000000,
          "stddev" : 0.000000,
          "N" : 0
        },
        "clat_ns" : {
          "min" : 0,
          "max" : 0,
          "mean" : 0.000000,
          "stddev" : 0.000000,
          "N" : 0
        },
        "lat_ns" : {
          "min" : 0,
          "max" : 0,
          "mean" : 0.000000,
          "stddev" : 0.000000,
          "N" : 0
        },
        "bw_min" : 0,
        "bw_max" : 0,
        "bw_agg" : 0.000000,
        "bw_mean" : 0.000000,
        "bw_dev" : 0.000000,
        "bw_samples" : 0,
        "iops_min" : 0,
        "iops_max" : 0,
        "iops_mean" : 0.000000,
        "iops_stddev" : 0.000000,
        "iops_samples" : 0
      },
      "sync" : {
        "total_ios" : 0,
        "lat_ns" : {
          "min" : 0,
          "max" : 0,
          "mean" : 0.000000,
          "stddev" : 0.000000,
          "N" : 0
        }
      },
      "job_runtime" : 1920164,
      "usr_cpu" : 1.329001,
      "sys_cpu" : 6.805669,
      "ctx" : 4376594,
      "majf" : 0,
      "minf" : 1168,
      "iodepth_level" : {
        "1" : 100.000000,
        "2" : 0.000000,
        "4" : 0.000000,
        "8" : 0.000000,
        "16" : 0.000000,
        "32" : 0.000000,
        ">=64" : 0.000000
      },
      "iodepth_submit" : {
        "0" : 0.000000,
        "4" : 100.000000,
        "8" : 0.000000,
        "16" : 0.000000,
        "32" : 0.000000,
        "64" : 0.000000,
        ">=64" : 0.000000
      },
      "iodepth_complete" : {
        "0" : 0.000000,
        "4" : 100.000000,
        "8" : 0.000000,
        "16" : 0.000000,
        "32" : 0.000000,
        "64" : 0.000000,
        ">=64" : 0.000000
      },
      "latency_ns" : {
        "2" : 0.000000,
        "4" : 0.000000,
        "10" : 0.000000,
        "20" : 0.000000,
        "50" : 0.000000,
        "100" : 0.000000,
        "250" : 0.000000,
        "500" : 0.000000,
        "750" : 0.000000,
        "1000" : 0.000000
      },
      "latency_us" : {
        "2" : 0.010658,
        "4" : 2.056209,
        "10" : 0.599385,
        "20" : 0.010000,
        "50" : 0.010969,
        "100" : 0.351457,
        "250" : 46.264682,
        "500" : 27.837391,
        "750" : 20.059554,
        "1000" : 0.917468
      },
      "latency_ms" : {
        "2" : 0.710478,
        "4" : 0.444527,
        "10" : 0.380760,
        "20" : 0.280057,
        "50" : 0.073980,
        "100" : 0.010000,
        "250" : 0.000000,
        "500" : 0.000000,
        "750" : 0.000000,
        "1000" : 0.000000,
        "2000" : 0.000000,
        ">=2000" : 0.000000
      },
      "latency_depth" : 1,
      "latency_target" : 0,
      "latency_percentile" : 100.000000,
      "latency_window" : 0
    }
  ]
}
