{
  "fio version" : "fio-3.36",
  "timestamp" : 1733210558,
  "timestamp_ms" : 1733210558413,
  "time" : "Tue Dec  3 07:22:38 2024",
  "jobs" : [
    {
      "jobname" : "seq_write_direct0_fsync1",
      "groupid" : 0,
      "job_start" : 1733210528272,
      "error" : 0,
      "eta" : 0,
      "elapsed" : 91,
      "job options" : {
        "name" : "seq_write_direct0_fsync1",
        "rw" : "write",
        "direct" : "0",
        "bs" : "4k",
        "runtime" : "30",
        "ramp_time" : "60",
        "filename" : "/dev/mapper/rollbaccine1",
        "iodepth" : "1",
        "numjobs" : "4",
        "fsync" : "1",
        "end_fsync" : "1"
      },
      "read" : {
        "io_bytes" : 0,
        "io_kbytes" : 0,
        "bw_bytes" : 0,
        "bw" : 0,
        "iops" : 0.000000,
        "runtime" : 0,
        "total_ios" : 0,
        "short_ios" : 0,
        "drop_ios" : 0,
        "slat_ns" : {
          "min" : 0,
          "max" : 0,
          "mean" : 0.000000,
          "stddev" : 0.000000,
          "N" : 0
        },
        "clat_ns" : {
          "min" : 0,
          "max" : 0,
          "mean" : 0.000000,
          "stddev" : 0.000000,
          "N" : 0
        },
        "lat_ns" : {
          "min" : 0,
          "max" : 0,
          "mean" : 0.000000,
          "stddev" : 0.000000,
          "N" : 0
        },
        "bw_min" : 0,
        "bw_max" : 0,
        "bw_agg" : 0.000000,
        "bw_mean" : 0.000000,
        "bw_dev" : 0.000000,
        "bw_samples" : 0,
        "iops_min" : 0,
        "iops_max" : 0,
        "iops_mean" : 0.000000,
        "iops_stddev" : 0.000000,
        "iops_samples" : 0
      },
      "write" : {
        "io_bytes" : 694566912,
        "io_kbytes" : 678288,
        "bw_bytes" : 23119862,
        "bw" : 22577,
        "iops" : 5644.497703,
        "runtime" : 30042,
        "total_ios" : 169572,
        "short_ios" : 0,
        "drop_ios" : 0,
        "slat_ns" : {
          "min" : 0,
          "max" : 0,
          "mean" : 0.000000,
          "stddev" : 0.000000,
          "N" : 0
        },
        "clat_ns" : {
          "min" : 2300,
          "max" : 504105,
          "mean" : 5055.281874,
          "stddev" : 4067.335965,
          "N" : 169572,
          "percentile" : {
            "1.000000" : 3216,
            "5.000000" : 3408,
            "10.000000" : 3504,
            "20.000000" : 3696,
            "30.000000" : 3792,
            "40.000000" : 4016,
            "50.000000" : 4192,
            "60.000000" : 4576,
            "70.000000" : 5472,
            "80.000000" : 5920,
            "90.000000" : 6688,
            "95.000000" : 7712,
            "99.000000" : 12480,
            "99.500000" : 31616,
            "99.900000" : 50432,
            "99.950000" : 56064,
            "99.990000" : 108032
          }
        },
        "lat_ns" : {
          "min" : 2400,
          "max" : 504405,
          "mean" : 5291.989261,
          "stddev" : 4127.292031,
          "N" : 169572
        },
        "bw_min" : 16664,
        "bw_max" : 25520,
        "bw_agg" : 100.000000,
        "bw_mean" : 22610.149718,
        "bw_dev" : 352.773239,
        "bw_samples" : 239,
        "iops_min" : 4166,
        "iops_max" : 6380,
        "iops_mean" : 5652.190113,
        "iops_stddev" : 88.160923,
        "iops_samples" : 239
      },
      "trim" : {
        "io_bytes" : 0,
        "io_kbytes" : 0,
        "bw_bytes" : 0,
        "bw" : 0,
        "iops" : 0.000000,
        "runtime" : 0,
        "total_ios" : 0,
        "short_ios" : 0,
        "drop_ios" : 0,
        "slat_ns" : {
          "min" : 0,
          "max" : 0,
          "mean" : 0.000000,
          "stddev" : 0.000000,
          "N" : 0
        },
        "clat_ns" : {
          "min" : 0,
          "max" : 0,
          "mean" : 0.000000,
          "stddev" : 0.000000,
          "N" : 0
        },
        "lat_ns" : {
          "min" : 0,
          "max" : 0,
          "mean" : 0.000000,
          "stddev" : 0.000000,
          "N" : 0
        },
        "bw_min" : 0,
        "bw_max" : 0,
        "bw_agg" : 0.000000,
        "bw_mean" : 0.000000,
        "bw_dev" : 0.000000,
        "bw_samples" : 0,
        "iops_min" : 0,
        "iops_max" : 0,
        "iops_mean" : 0.000000,
        "iops_stddev" : 0.000000,
        "iops_samples" : 0
      },
      "sync" : {
        "total_ios" : 169572,
        "lat_ns" : {
          "min" : 345403,
          "max" : 129217494,
          "mean" : 701304.837031,
          "stddev" : 831904.588047,
          "N" : 169572,
          "percentile" : {
            "1.000000" : 448512,
            "5.000000" : 489472,
            "10.000000" : 518144,
            "20.000000" : 552960,
            "30.000000" : 577536,
            "40.000000" : 610304,
            "50.000000" : 634880,
            "60.000000" : 659456,
            "70.000000" : 700416,
            "80.000000" : 749568,
            "90.000000" : 847872,
            "95.000000" : 1036288,
            "99.000000" : 1941504,
            "99.500000" : 2441216,
            "99.900000" : 4489216,
            "99.950000" : 5079040,
            "99.990000" : 41156608
          }
        }
      },
      "job_runtime" : 120122,
      "usr_cpu" : 1.136345,
      "sys_cpu" : 9.928240,
      "ctx" : 359093,
      "majf" : 0,
      "minf" : 146,
      "iodepth_level" : {
        "1" : 200.000000,
        "2" : 0.000000,
        "4" : 0.000000,
        "8" : 0.000000,
        "16" : 0.000000,
        "32" : 0.000000,
        ">=64" : 0.000000
      },
      "iodepth_submit" : {
        "0" : 0.000000,
        "4" : 100.000000,
        "8" : 0.000000,
        "16" : 0.000000,
        "32" : 0.000000,
        "64" : 0.000000,
        ">=64" : 0.000000
      },
      "iodepth_complete" : {
        "0" : 0.000000,
        "4" : 100.000000,
        "8" : 0.000000,
        "16" : 0.000000,
        "32" : 0.000000,
        "64" : 0.000000,
        ">=64" : 0.000000
      },
      "latency_ns" : {
        "2" : 0.000000,
        "4" : 0.000000,
        "10" : 0.000000,
        "20" : 0.000000,
        "50" : 0.000000,
        "100" : 0.000000,
        "250" : 0.000000,
        "500" : 0.000000,
        "750" : 0.000000,
        "1000" : 0.000000
      },
      "latency_us" : {
        "2" : 0.000000,
        "4" : 38.292879,
        "10" : 59.881938,
        "20" : 1.141698,
        "50" : 0.580874,
        "100" : 0.092586,
        "250" : 0.010000,
        "500" : 0.010000,
        "750" : 0.010000,
        "1000" : 0.000000
      },
      "latency_ms" : {
        "2" : 0.000000,
        "4" : 0.000000,
        "10" : 0.000000,
        "20" : 0.000000,
        "50" : 0.000000,
        "100" : 0.000000,
        "250" : 0.000000,
        "500" : 0.000000,
        "750" : 0.000000,
        "1000" : 0.000000,
        "2000" : 0.000000,
        ">=2000" : 0.000000
      },
      "latency_depth" : 1,
      "latency_target" : 0,
      "latency_percentile" : 100.000000,
      "latency_window" : 0
    }
  ]
}
