{
  "fio version" : "fio-3.36",
  "timestamp" : 1733291803,
  "timestamp_ms" : 1733291803209,
  "time" : "Wed Dec  4 05:56:43 2024",
  "jobs" : [
    {
      "jobname" : "ROLLBACCINE_randwrite_direct0_fsync1_threads_128_0cc1",
      "groupid" : 0,
      "job_start" : 1733291739210,
      "error" : 0,
      "eta" : 0,
      "elapsed" : 95,
      "job options" : {
        "name" : "ROLLBACCINE_randwrite_direct0_fsync1_threads_128_0cc1",
        "rw" : "randwrite",
        "direct" : "0",
        "filename" : "/dev/mapper/rollbaccine1",
        "numjobs" : "128",
        "fsync" : "1",
        "bs" : "4k",
        "ramp_time" : "30",
        "runtime" : "60",
        "iodepth" : "1",
        "end_fsync" : "1"
      },
      "read" : {
        "io_bytes" : 0,
        "io_kbytes" : 0,
        "bw_bytes" : 0,
        "bw" : 0,
        "iops" : 0.000000,
        "runtime" : 0,
        "total_ios" : 0,
        "short_ios" : 0,
        "drop_ios" : 0,
        "slat_ns" : {
          "min" : 0,
          "max" : 0,
          "mean" : 0.000000,
          "stddev" : 0.000000,
          "N" : 0
        },
        "clat_ns" : {
          "min" : 0,
          "max" : 0,
          "mean" : 0.000000,
          "stddev" : 0.000000,
          "N" : 0
        },
        "lat_ns" : {
          "min" : 0,
          "max" : 0,
          "mean" : 0.000000,
          "stddev" : 0.000000,
          "N" : 0
        },
        "bw_min" : 0,
        "bw_max" : 0,
        "bw_agg" : 0.000000,
        "bw_mean" : 0.000000,
        "bw_dev" : 0.000000,
        "bw_samples" : 0,
        "iops_min" : 0,
        "iops_max" : 0,
        "iops_mean" : 0.000000,
        "iops_stddev" : 0.000000,
        "iops_samples" : 0
      },
      "write" : {
        "io_bytes" : 5286871040,
        "io_kbytes" : 5162960,
        "bw_bytes" : 88063147,
        "bw" : 85999,
        "iops" : 21499.791788,
        "runtime" : 60035,
        "total_ios" : 1290740,
        "short_ios" : 0,
        "drop_ios" : 0,
        "slat_ns" : {
          "min" : 0,
          "max" : 0,
          "mean" : 0.000000,
          "stddev" : 0.000000,
          "N" : 0
        },
        "clat_ns" : {
          "min" : 3300,
          "max" : 4361958,
          "mean" : 19395.921920,
          "stddev" : 41726.030839,
          "N" : 1290740,
          "percentile" : {
            "1.000000" : 5408,
            "5.000000" : 6432,
            "10.000000" : 7008,
            "20.000000" : 8032,
            "30.000000" : 8768,
            "40.000000" : 9920,
            "50.000000" : 11200,
            "60.000000" : 12608,
            "70.000000" : 14272,
            "80.000000" : 18048,
            "90.000000" : 34560,
            "95.000000" : 56576,
            "99.000000" : 150528,
            "99.500000" : 228352,
            "99.900000" : 509952,
            "99.950000" : 675840,
            "99.990000" : 1220608
          }
        },
        "lat_ns" : {
          "min" : 3400,
          "max" : 4362058,
          "mean" : 19702.370648,
          "stddev" : 41838.238983,
          "N" : 1290740
        },
        "bw_min" : 60808,
        "bw_max" : 103523,
        "bw_agg" : 100.000000,
        "bw_mean" : 86066.319328,
        "bw_dev" : 56.330685,
        "bw_samples" : 15232,
        "iops_min" : 15192,
        "iops_max" : 25875,
        "iops_mean" : 21508.126050,
        "iops_stddev" : 14.089084,
        "iops_samples" : 15232
      },
      "trim" : {
        "io_bytes" : 0,
        "io_kbytes" : 0,
        "bw_bytes" : 0,
        "bw" : 0,
        "iops" : 0.000000,
        "runtime" : 0,
        "total_ios" : 0,
        "short_ios" : 0,
        "drop_ios" : 0,
        "slat_ns" : {
          "min" : 0,
          "max" : 0,
          "mean" : 0.000000,
          "stddev" : 0.000000,
          "N" : 0
        },
        "clat_ns" : {
          "min" : 0,
          "max" : 0,
          "mean" : 0.000000,
          "stddev" : 0.000000,
          "N" : 0
        },
        "lat_ns" : {
          "min" : 0,
          "max" : 0,
          "mean" : 0.000000,
          "stddev" : 0.000000,
          "N" : 0
        },
        "bw_min" : 0,
        "bw_max" : 0,
        "bw_agg" : 0.000000,
        "bw_mean" : 0.000000,
        "bw_dev" : 0.000000,
        "bw_samples" : 0,
        "iops_min" : 0,
        "iops_max" : 0,
        "iops_mean" : 0.000000,
        "iops_stddev" : 0.000000,
        "iops_samples" : 0
      },
      "sync" : {
        "total_ios" : 1290737,
        "lat_ns" : {
          "min" : 413705,
          "max" : 96436700,
          "mean" : 5926799.553828,
          "stddev" : 3692649.064248,
          "N" : 1290737,
          "percentile" : {
            "1.000000" : 1613824,
            "5.000000" : 2146304,
            "10.000000" : 2572288,
            "20.000000" : 3358720,
            "30.000000" : 4112384,
            "40.000000" : 4816896,
            "50.000000" : 5537792,
            "60.000000" : 6193152,
            "70.000000" : 6979584,
            "80.000000" : 7897088,
            "90.000000" : 9240576,
            "95.000000" : 10551296,
            "99.000000" : 15400960,
            "99.500000" : 21102592,
            "99.900000" : 51118080,
            "99.950000" : 63700992,
            "99.990000" : 78118912
          }
        }
      },
      "job_runtime" : 7680248,
      "usr_cpu" : 0.155724,
      "sys_cpu" : 2.905297,
      "ctx" : 9586015,
      "majf" : 0,
      "minf" : 4667,
      "iodepth_level" : {
        "1" : 199.999768,
        "2" : 0.000000,
        "4" : 0.000000,
        "8" : 0.000000,
        "16" : 0.000000,
        "32" : 0.000000,
        ">=64" : 0.000000
      },
      "iodepth_submit" : {
        "0" : 0.000000,
        "4" : 100.000000,
        "8" : 0.000000,
        "16" : 0.000000,
        "32" : 0.000000,
        "64" : 0.000000,
        ">=64" : 0.000000
      },
      "iodepth_complete" : {
        "0" : 0.000000,
        "4" : 100.000000,
        "8" : 0.000000,
        "16" : 0.000000,
        "32" : 0.000000,
        "64" : 0.000000,
        ">=64" : 0.000000
      },
      "latency_ns" : {
        "2" : 0.000000,
        "4" : 0.000000,
        "10" : 0.000000,
        "20" : 0.000000,
        "50" : 0.000000,
        "100" : 0.000000,
        "250" : 0.000000,
        "500" : 0.000000,
        "750" : 0.000000,
        "1000" : 0.000000
      },
      "latency_us" : {
        "2" : 0.000000,
        "4" : 0.010000,
        "10" : 40.704557,
        "20" : 41.513008,
        "50" : 11.631777,
        "100" : 4.158700,
        "250" : 1.555852,
        "500" : 0.325705,
        "750" : 0.068023,
        "1000" : 0.019989
      },
      "latency_ms" : {
        "2" : 0.013016,
        "4" : 0.010000,
        "10" : 0.010000,
        "20" : 0.000000,
        "50" : 0.000000,
        "100" : 0.000000,
        "250" : 0.000000,
        "500" : 0.000000,
        "750" : 0.000000,
        "1000" : 0.000000,
        "2000" : 0.000000,
        ">=2000" : 0.000000
      },
      "latency_depth" : 1,
      "latency_target" : 0,
      "latency_percentile" : 100.000000,
      "latency_window" : 0
    }
  ]
}
