{
  "fio version" : "fio-3.36",
  "timestamp" : 1733212368,
  "timestamp_ms" : 1733212368548,
  "time" : "Tue Dec  3 07:52:48 2024",
  "jobs" : [
    {
      "jobname" : "rand_write_direct0_fsync1",
      "groupid" : 0,
      "job_start" : 1733212338185,
      "error" : 0,
      "eta" : 0,
      "elapsed" : 91,
      "job options" : {
        "name" : "rand_write_direct0_fsync1",
        "rw" : "randwrite",
        "direct" : "0",
        "bs" : "4k",
        "runtime" : "30",
        "ramp_time" : "60",
        "filename" : "/dev/mapper/rollbaccine1",
        "iodepth" : "1",
        "numjobs" : "1",
        "fsync" : "1",
        "end_fsync" : "1"
      },
      "read" : {
        "io_bytes" : 0,
        "io_kbytes" : 0,
        "bw_bytes" : 0,
        "bw" : 0,
        "iops" : 0.000000,
        "runtime" : 0,
        "total_ios" : 0,
        "short_ios" : 0,
        "drop_ios" : 0,
        "slat_ns" : {
          "min" : 0,
          "max" : 0,
          "mean" : 0.000000,
          "stddev" : 0.000000,
          "N" : 0
        },
        "clat_ns" : {
          "min" : 0,
          "max" : 0,
          "mean" : 0.000000,
          "stddev" : 0.000000,
          "N" : 0
        },
        "lat_ns" : {
          "min" : 0,
          "max" : 0,
          "mean" : 0.000000,
          "stddev" : 0.000000,
          "N" : 0
        },
        "bw_min" : 0,
        "bw_max" : 0,
        "bw_agg" : 0.000000,
        "bw_mean" : 0.000000,
        "bw_dev" : 0.000000,
        "bw_samples" : 0,
        "iops_min" : 0,
        "iops_max" : 0,
        "iops_mean" : 0.000000,
        "iops_stddev" : 0.000000,
        "iops_samples" : 0
      },
      "write" : {
        "io_bytes" : 191860736,
        "io_kbytes" : 187364,
        "bw_bytes" : 6395144,
        "bw" : 6245,
        "iops" : 1561.314623,
        "runtime" : 30001,
        "total_ios" : 46841,
        "short_ios" : 0,
        "drop_ios" : 0,
        "slat_ns" : {
          "min" : 0,
          "max" : 0,
          "mean" : 0.000000,
          "stddev" : 0.000000,
          "N" : 0
        },
        "clat_ns" : {
          "min" : 5400,
          "max" : 90101,
          "mean" : 7056.703017,
          "stddev" : 3355.790783,
          "N" : 46841,
          "percentile" : {
            "1.000000" : 5920,
            "5.000000" : 5984,
            "10.000000" : 6112,
            "20.000000" : 6176,
            "30.000000" : 6304,
            "40.000000" : 6432,
            "50.000000" : 6496,
            "60.000000" : 6624,
            "70.000000" : 6688,
            "80.000000" : 6880,
            "90.000000" : 7776,
            "95.000000" : 9664,
            "99.000000" : 13760,
            "99.500000" : 42752,
            "99.900000" : 46848,
            "99.950000" : 53504,
            "99.990000" : 69120
          }
        },
        "lat_ns" : {
          "min" : 5600,
          "max" : 90401,
          "mean" : 7257.165859,
          "stddev" : 3400.075847,
          "N" : 46841
        },
        "bw_min" : 5280,
        "bw_max" : 7504,
        "bw_agg" : 100.000000,
        "bw_mean" : 6247.733333,
        "bw_dev" : 487.856879,
        "bw_samples" : 60,
        "iops_min" : 1320,
        "iops_max" : 1876,
        "iops_mean" : 1561.900000,
        "iops_stddev" : 121.974254,
        "iops_samples" : 60
      },
      "trim" : {
        "io_bytes" : 0,
        "io_kbytes" : 0,
        "bw_bytes" : 0,
        "bw" : 0,
        "iops" : 0.000000,
        "runtime" : 0,
        "total_ios" : 0,
        "short_ios" : 0,
        "drop_ios" : 0,
        "slat_ns" : {
          "min" : 0,
          "max" : 0,
          "mean" : 0.000000,
          "stddev" : 0.000000,
          "N" : 0
        },
        "clat_ns" : {
          "min" : 0,
          "max" : 0,
          "mean" : 0.000000,
          "stddev" : 0.000000,
          "N" : 0
        },
        "lat_ns" : {
          "min" : 0,
          "max" : 0,
          "mean" : 0.000000,
          "stddev" : 0.000000,
          "N" : 0
        },
        "bw_min" : 0,
        "bw_max" : 0,
        "bw_agg" : 0.000000,
        "bw_mean" : 0.000000,
        "bw_dev" : 0.000000,
        "bw_samples" : 0,
        "iops_min" : 0,
        "iops_max" : 0,
        "iops_mean" : 0.000000,
        "iops_stddev" : 0.000000,
        "iops_samples" : 0
      },
      "sync" : {
        "total_ios" : 46841,
        "lat_ns" : {
          "min" : 353004,
          "max" : 7374468,
          "mean" : 631382.839649,
          "stddev" : 334175.393667,
          "N" : 46841,
          "percentile" : {
            "1.000000" : 432128,
            "5.000000" : 456704,
            "10.000000" : 473088,
            "20.000000" : 489472,
            "30.000000" : 501760,
            "40.000000" : 514048,
            "50.000000" : 528384,
            "60.000000" : 552960,
            "70.000000" : 585728,
            "80.000000" : 651264,
            "90.000000" : 856064,
            "95.000000" : 1187840,
            "99.000000" : 2056192,
            "99.500000" : 2506752,
            "99.900000" : 4358144,
            "99.950000" : 4620288,
            "99.990000" : 5341184
          }
        }
      },
      "job_runtime" : 30000,
      "usr_cpu" : 1.156667,
      "sys_cpu" : 10.403333,
      "ctx" : 93683,
      "majf" : 0,
      "minf" : 36,
      "iodepth_level" : {
        "1" : 200.000000,
        "2" : 0.000000,
        "4" : 0.000000,
        "8" : 0.000000,
        "16" : 0.000000,
        "32" : 0.000000,
        ">=64" : 0.000000
      },
      "iodepth_submit" : {
        "0" : 0.000000,
        "4" : 100.000000,
        "8" : 0.000000,
        "16" : 0.000000,
        "32" : 0.000000,
        "64" : 0.000000,
        ">=64" : 0.000000
      },
      "iodepth_complete" : {
        "0" : 0.000000,
        "4" : 100.000000,
        "8" : 0.000000,
        "16" : 0.000000,
        "32" : 0.000000,
        "64" : 0.000000,
        ">=64" : 0.000000
      },
      "latency_ns" : {
        "2" : 0.000000,
        "4" : 0.000000,
        "10" : 0.000000,
        "20" : 0.000000,
        "50" : 0.000000,
        "100" : 0.000000,
        "250" : 0.000000,
        "500" : 0.000000,
        "750" : 0.000000,
        "1000" : 0.000000
      },
      "latency_us" : {
        "2" : 0.000000,
        "4" : 0.000000,
        "10" : 95.930915,
        "20" : 3.334685,
        "50" : 0.661813,
        "100" : 0.072586,
        "250" : 0.000000,
        "500" : 0.000000,
        "750" : 0.000000,
        "1000" : 0.000000
      },
      "latency_ms" : {
        "2" : 0.000000,
        "4" : 0.000000,
        "10" : 0.000000,
        "20" : 0.000000,
        "50" : 0.000000,
        "100" : 0.000000,
        "250" : 0.000000,
        "500" : 0.000000,
        "750" : 0.000000,
        "1000" : 0.000000,
        "2000" : 0.000000,
        ">=2000" : 0.000000
      },
      "latency_depth" : 1,
      "latency_target" : 0,
      "latency_percentile" : 100.000000,
      "latency_window" : 0
    }
  ]
}
