{
  "fio version" : "fio-3.36",
  "timestamp" : 1733291288,
  "timestamp_ms" : 1733291288687,
  "time" : "Wed Dec  4 05:48:08 2024",
  "jobs" : [
    {
      "jobname" : "ROLLBACCINE_write_direct0_fsync0_threads_256_4585",
      "groupid" : 0,
      "job_start" : 1733291206188,
      "error" : 0,
      "eta" : 0,
      "elapsed" : 113,
      "job options" : {
        "name" : "ROLLBACCINE_write_direct0_fsync0_threads_256_4585",
        "rw" : "write",
        "direct" : "0",
        "filename" : "/dev/mapper/rollbaccine1",
        "numjobs" : "256",
        "fsync" : "0",
        "bs" : "4k",
        "ramp_time" : "30",
        "runtime" : "60",
        "iodepth" : "1",
        "end_fsync" : "1"
      },
      "read" : {
        "io_bytes" : 0,
        "io_kbytes" : 0,
        "bw_bytes" : 0,
        "bw" : 0,
        "iops" : 0.000000,
        "runtime" : 0,
        "total_ios" : 0,
        "short_ios" : 0,
        "drop_ios" : 0,
        "slat_ns" : {
          "min" : 0,
          "max" : 0,
          "mean" : 0.000000,
          "stddev" : 0.000000,
          "N" : 0
        },
        "clat_ns" : {
          "min" : 0,
          "max" : 0,
          "mean" : 0.000000,
          "stddev" : 0.000000,
          "N" : 0
        },
        "lat_ns" : {
          "min" : 0,
          "max" : 0,
          "mean" : 0.000000,
          "stddev" : 0.000000,
          "N" : 0
        },
        "bw_min" : 0,
        "bw_max" : 0,
        "bw_agg" : 0.000000,
        "bw_mean" : 0.000000,
        "bw_dev" : 0.000000,
        "bw_samples" : 0,
        "iops_min" : 0,
        "iops_max" : 0,
        "iops_mean" : 0.000000,
        "iops_stddev" : 0.000000,
        "iops_samples" : 0
      },
      "write" : {
        "io_bytes" : 1335160438784,
        "io_kbytes" : 1303867616,
        "bw_bytes" : 16508326600,
        "bw" : 16121412,
        "iops" : 4030353.173916,
        "runtime" : 80878,
        "total_ios" : 325966904,
        "short_ios" : 0,
        "drop_ios" : 0,
        "slat_ns" : {
          "min" : 0,
          "max" : 0,
          "mean" : 0.000000,
          "stddev" : 0.000000,
          "N" : 0
        },
        "clat_ns" : {
          "min" : 1100,
          "max" : 553930970,
          "mean" : 39674.877214,
          "stddev" : 1764448.442112,
          "N" : 325966904,
          "percentile" : {
            "1.000000" : 1496,
            "5.000000" : 1608,
            "10.000000" : 1608,
            "20.000000" : 1800,
            "30.000000" : 1896,
            "40.000000" : 2008,
            "50.000000" : 2008,
            "60.000000" : 2096,
            "70.000000" : 2192,
            "80.000000" : 2416,
            "90.000000" : 2608,
            "95.000000" : 2800,
            "99.000000" : 4016,
            "99.500000" : 5024,
            "99.900000" : 80384,
            "99.950000" : 28180480,
            "99.990000" : 93847552
          }
        },
        "lat_ns" : {
          "min" : 1100,
          "max" : 553931070,
          "mean" : 41131.111799,
          "stddev" : 1796902.286196,
          "N" : 325966904
        },
        "bw_min" : 6472028,
        "bw_max" : 131020017,
        "bw_agg" : 100.000000,
        "bw_mean" : 21749677.985045,
        "bw_dev" : 75180.220830,
        "bw_samples" : 30453,
        "iops_min" : 1617940,
        "iops_max" : 32754943,
        "iops_mean" : 5437352.534753,
        "iops_stddev" : 18795.059042,
        "iops_samples" : 30453
      },
      "trim" : {
        "io_bytes" : 0,
        "io_kbytes" : 0,
        "bw_bytes" : 0,
        "bw" : 0,
        "iops" : 0.000000,
        "runtime" : 0,
        "total_ios" : 0,
        "short_ios" : 0,
        "drop_ios" : 0,
        "slat_ns" : {
          "min" : 0,
          "max" : 0,
          "mean" : 0.000000,
          "stddev" : 0.000000,
          "N" : 0
        },
        "clat_ns" : {
          "min" : 0,
          "max" : 0,
          "mean" : 0.000000,
          "stddev" : 0.000000,
          "N" : 0
        },
        "lat_ns" : {
          "min" : 0,
          "max" : 0,
          "mean" : 0.000000,
          "stddev" : 0.000000,
          "N" : 0
        },
        "bw_min" : 0,
        "bw_max" : 0,
        "bw_agg" : 0.000000,
        "bw_mean" : 0.000000,
        "bw_dev" : 0.000000,
        "bw_samples" : 0,
        "iops_min" : 0,
        "iops_max" : 0,
        "iops_mean" : 0.000000,
        "iops_stddev" : 0.000000,
        "iops_samples" : 0
      },
      "sync" : {
        "total_ios" : 0,
        "lat_ns" : {
          "min" : 0,
          "max" : 0,
          "mean" : 0.000000,
          "stddev" : 0.000000,
          "N" : 0
        }
      },
      "job_runtime" : 20695291,
      "usr_cpu" : 1.101371,
      "sys_cpu" : 3.936630,
      "ctx" : 3713698,
      "majf" : 0,
      "minf" : 9552,
      "iodepth_level" : {
        "1" : 100.000000,
        "2" : 0.000000,
        "4" : 0.000000,
        "8" : 0.000000,
        "16" : 0.000000,
        "32" : 0.000000,
        ">=64" : 0.000000
      },
      "iodepth_submit" : {
        "0" : 0.000000,
        "4" : 100.000000,
        "8" : 0.000000,
        "16" : 0.000000,
        "32" : 0.000000,
        "64" : 0.000000,
        ">=64" : 0.000000
      },
      "iodepth_complete" : {
        "0" : 0.000000,
        "4" : 100.000000,
        "8" : 0.000000,
        "16" : 0.000000,
        "32" : 0.000000,
        "64" : 0.000000,
        ">=64" : 0.000000
      },
      "latency_ns" : {
        "2" : 0.000000,
        "4" : 0.000000,
        "10" : 0.000000,
        "20" : 0.000000,
        "50" : 0.000000,
        "100" : 0.000000,
        "250" : 0.000000,
        "500" : 0.000000,
        "750" : 0.000000,
        "1000" : 0.000000
      },
      "latency_us" : {
        "2" : 38.959631,
        "4" : 60.005367,
        "10" : 0.706635,
        "20" : 0.019974,
        "50" : 0.055273,
        "100" : 0.175808,
        "250" : 0.010000,
        "500" : 0.010000,
        "750" : 0.010000,
        "1000" : 0.010000
      },
      "latency_ms" : {
        "2" : 0.010000,
        "4" : 0.010000,
        "10" : 0.010000,
        "20" : 0.010000,
        "50" : 0.019889,
        "100" : 0.025892,
        "250" : 0.010000,
        "500" : 0.010000,
        "750" : 0.010000,
        "1000" : 0.000000,
        "2000" : 0.000000,
        ">=2000" : 0.000000
      },
      "latency_depth" : 1,
      "latency_target" : 0,
      "latency_percentile" : 100.000000,
      "latency_window" : 0
    }
  ]
}
