{
  "fio version" : "fio-3.36",
  "timestamp" : 1733209836,
  "timestamp_ms" : 1733209836155,
  "time" : "Tue Dec  3 07:10:36 2024",
  "jobs" : [
    {
      "jobname" : "seq_write_direct1_fsync1",
      "groupid" : 0,
      "job_start" : 1733209806092,
      "error" : 0,
      "eta" : 0,
      "elapsed" : 91,
      "job options" : {
        "name" : "seq_write_direct1_fsync1",
        "rw" : "write",
        "direct" : "1",
        "bs" : "4k",
        "runtime" : "30",
        "ramp_time" : "60",
        "filename" : "/dev/mapper/rollbaccine1",
        "iodepth" : "1",
        "numjobs" : "16",
        "fsync" : "1",
        "end_fsync" : "1"
      },
      "read" : {
        "io_bytes" : 0,
        "io_kbytes" : 0,
        "bw_bytes" : 0,
        "bw" : 0,
        "iops" : 0.000000,
        "runtime" : 0,
        "total_ios" : 0,
        "short_ios" : 0,
        "drop_ios" : 0,
        "slat_ns" : {
          "min" : 0,
          "max" : 0,
          "mean" : 0.000000,
          "stddev" : 0.000000,
          "N" : 0
        },
        "clat_ns" : {
          "min" : 0,
          "max" : 0,
          "mean" : 0.000000,
          "stddev" : 0.000000,
          "N" : 0
        },
        "lat_ns" : {
          "min" : 0,
          "max" : 0,
          "mean" : 0.000000,
          "stddev" : 0.000000,
          "N" : 0
        },
        "bw_min" : 0,
        "bw_max" : 0,
        "bw_agg" : 0.000000,
        "bw_mean" : 0.000000,
        "bw_dev" : 0.000000,
        "bw_samples" : 0,
        "iops_min" : 0,
        "iops_max" : 0,
        "iops_mean" : 0.000000,
        "iops_stddev" : 0.000000,
        "iops_samples" : 0
      },
      "write" : {
        "io_bytes" : 2075758592,
        "io_kbytes" : 2027108,
        "bw_bytes" : 69090620,
        "bw" : 67471,
        "iops" : 16867.827187,
        "runtime" : 30044,
        "total_ios" : 506777,
        "short_ios" : 0,
        "drop_ios" : 0,
        "slat_ns" : {
          "min" : 0,
          "max" : 0,
          "mean" : 0.000000,
          "stddev" : 0.000000,
          "N" : 0
        },
        "clat_ns" : {
          "min" : 75201,
          "max" : 131169615,
          "mean" : 269869.187937,
          "stddev" : 1286031.960430,
          "N" : 506777,
          "percentile" : {
            "1.000000" : 122368,
            "5.000000" : 138240,
            "10.000000" : 148480,
            "20.000000" : 162816,
            "30.000000" : 173056,
            "40.000000" : 185344,
            "50.000000" : 199680,
            "60.000000" : 214016,
            "70.000000" : 234496,
            "80.000000" : 264192,
            "90.000000" : 317440,
            "95.000000" : 378880,
            "99.000000" : 1089536,
            "99.500000" : 1892352,
            "99.900000" : 9764864,
            "99.950000" : 20840448,
            "99.990000" : 57409536
          }
        },
        "lat_ns" : {
          "min" : 75401,
          "max" : 131169715,
          "mean" : 270139.801481,
          "stddev" : 1286032.734634,
          "N" : 506777
        },
        "bw_min" : 45744,
        "bw_max" : 74414,
        "bw_agg" : 100.000000,
        "bw_mean" : 67621.338983,
        "bw_dev" : 342.379086,
        "bw_samples" : 944,
        "iops_min" : 11436,
        "iops_max" : 18602,
        "iops_mean" : 16904.627119,
        "iops_stddev" : 85.612364,
        "iops_samples" : 944
      },
      "trim" : {
        "io_bytes" : 0,
        "io_kbytes" : 0,
        "bw_bytes" : 0,
        "bw" : 0,
        "iops" : 0.000000,
        "runtime" : 0,
        "total_ios" : 0,
        "short_ios" : 0,
        "drop_ios" : 0,
        "slat_ns" : {
          "min" : 0,
          "max" : 0,
          "mean" : 0.000000,
          "stddev" : 0.000000,
          "N" : 0
        },
        "clat_ns" : {
          "min" : 0,
          "max" : 0,
          "mean" : 0.000000,
          "stddev" : 0.000000,
          "N" : 0
        },
        "lat_ns" : {
          "min" : 0,
          "max" : 0,
          "mean" : 0.000000,
          "stddev" : 0.000000,
          "N" : 0
        },
        "bw_min" : 0,
        "bw_max" : 0,
        "bw_agg" : 0.000000,
        "bw_mean" : 0.000000,
        "bw_dev" : 0.000000,
        "bw_samples" : 0,
        "iops_min" : 0,
        "iops_max" : 0,
        "iops_mean" : 0.000000,
        "iops_stddev" : 0.000000,
        "iops_samples" : 0
      },
      "sync" : {
        "total_ios" : 506769,
        "lat_ns" : {
          "min" : 250502,
          "max" : 41128580,
          "mean" : 674275.265586,
          "stddev" : 399547.651643,
          "N" : 506769,
          "percentile" : {
            "1.000000" : 399360,
            "5.000000" : 456704,
            "10.000000" : 489472,
            "20.000000" : 536576,
            "30.000000" : 569344,
            "40.000000" : 593920,
            "50.000000" : 626688,
            "60.000000" : 659456,
            "70.000000" : 692224,
            "80.000000" : 733184,
            "90.000000" : 815104,
            "95.000000" : 913408,
            "99.000000" : 1925120,
            "99.500000" : 2834432,
            "99.900000" : 5341184,
            "99.950000" : 5603328,
            "99.990000" : 6062080
          }
        }
      },
      "job_runtime" : 480088,
      "usr_cpu" : 1.204154,
      "sys_cpu" : 8.769226,
      "ctx" : 1024334,
      "majf" : 0,
      "minf" : 582,
      "iodepth_level" : {
        "1" : 199.998421,
        "2" : 0.000000,
        "4" : 0.000000,
        "8" : 0.000000,
        "16" : 0.000000,
        "32" : 0.000000,
        ">=64" : 0.000000
      },
      "iodepth_submit" : {
        "0" : 0.000000,
        "4" : 100.000000,
        "8" : 0.000000,
        "16" : 0.000000,
        "32" : 0.000000,
        "64" : 0.000000,
        ">=64" : 0.000000
      },
      "iodepth_complete" : {
        "0" : 0.000000,
        "4" : 100.000000,
        "8" : 0.000000,
        "16" : 0.000000,
        "32" : 0.000000,
        "64" : 0.000000,
        ">=64" : 0.000000
      },
      "latency_ns" : {
        "2" : 0.000000,
        "4" : 0.000000,
        "10" : 0.000000,
        "20" : 0.000000,
        "50" : 0.000000,
        "100" : 0.000000,
        "250" : 0.000000,
        "500" : 0.000000,
        "750" : 0.000000,
        "1000" : 0.000000
      },
      "latency_us" : {
        "2" : 0.000000,
        "4" : 0.000000,
        "10" : 0.000000,
        "20" : 0.000000,
        "50" : 0.000000,
        "100" : 0.029993,
        "250" : 75.579989,
        "500" : 22.138534,
        "750" : 0.930390,
        "1000" : 0.245473
      },
      "latency_ms" : {
        "2" : 0.601843,
        "4" : 0.204626,
        "10" : 0.171476,
        "20" : 0.045385,
        "50" : 0.039860,
        "100" : 0.010000,
        "250" : 0.010000,
        "500" : 0.000000,
        "750" : 0.000000,
        "1000" : 0.000000,
        "2000" : 0.000000,
        ">=2000" : 0.000000
      },
      "latency_depth" : 1,
      "latency_target" : 0,
      "latency_percentile" : 100.000000,
      "latency_window" : 0
    }
  ]
}
