{
  "fio version" : "fio-3.36",
  "timestamp" : 1733211465,
  "timestamp_ms" : 1733211465524,
  "time" : "Tue Dec  3 07:37:45 2024",
  "jobs" : [
    {
      "jobname" : "rand_write_direct1_fsync1",
      "groupid" : 0,
      "job_start" : 1733211435509,
      "error" : 0,
      "eta" : 0,
      "elapsed" : 91,
      "job options" : {
        "name" : "rand_write_direct1_fsync1",
        "rw" : "randwrite",
        "direct" : "1",
        "bs" : "4k",
        "runtime" : "30",
        "ramp_time" : "60",
        "filename" : "/dev/mapper/rollbaccine1",
        "iodepth" : "1",
        "numjobs" : "1",
        "fsync" : "1",
        "end_fsync" : "1"
      },
      "read" : {
        "io_bytes" : 0,
        "io_kbytes" : 0,
        "bw_bytes" : 0,
        "bw" : 0,
        "iops" : 0.000000,
        "runtime" : 0,
        "total_ios" : 0,
        "short_ios" : 0,
        "drop_ios" : 0,
        "slat_ns" : {
          "min" : 0,
          "max" : 0,
          "mean" : 0.000000,
          "stddev" : 0.000000,
          "N" : 0
        },
        "clat_ns" : {
          "min" : 0,
          "max" : 0,
          "mean" : 0.000000,
          "stddev" : 0.000000,
          "N" : 0
        },
        "lat_ns" : {
          "min" : 0,
          "max" : 0,
          "mean" : 0.000000,
          "stddev" : 0.000000,
          "N" : 0
        },
        "bw_min" : 0,
        "bw_max" : 0,
        "bw_agg" : 0.000000,
        "bw_mean" : 0.000000,
        "bw_dev" : 0.000000,
        "bw_samples" : 0,
        "iops_min" : 0,
        "iops_max" : 0,
        "iops_mean" : 0.000000,
        "iops_stddev" : 0.000000,
        "iops_samples" : 0
      },
      "write" : {
        "io_bytes" : 181456896,
        "io_kbytes" : 177204,
        "bw_bytes" : 6048361,
        "bw" : 5906,
        "iops" : 1476.650778,
        "runtime" : 30001,
        "total_ios" : 44301,
        "short_ios" : 0,
        "drop_ios" : 0,
        "slat_ns" : {
          "min" : 0,
          "max" : 0,
          "mean" : 0.000000,
          "stddev" : 0.000000,
          "N" : 0
        },
        "clat_ns" : {
          "min" : 93801,
          "max" : 44081829,
          "mean" : 249754.227896,
          "stddev" : 271220.333984,
          "N" : 44301,
          "percentile" : {
            "1.000000" : 134144,
            "5.000000" : 158720,
            "10.000000" : 175104,
            "20.000000" : 193536,
            "30.000000" : 201728,
            "40.000000" : 209920,
            "50.000000" : 218112,
            "60.000000" : 228352,
            "70.000000" : 240640,
            "80.000000" : 261120,
            "90.000000" : 305152,
            "95.000000" : 391168,
            "99.000000" : 962560,
            "99.500000" : 1351680,
            "99.900000" : 2039808,
            "99.950000" : 2342912,
            "99.990000" : 4014080
          }
        },
        "lat_ns" : {
          "min" : 93901,
          "max" : 44082029,
          "mean" : 249937.135437,
          "stddev" : 271221.310830,
          "N" : 44301
        },
        "bw_min" : 4688,
        "bw_max" : 6744,
        "bw_agg" : 100.000000,
        "bw_mean" : 5908.716667,
        "bw_dev" : 440.158912,
        "bw_samples" : 60,
        "iops_min" : 1172,
        "iops_max" : 1686,
        "iops_mean" : 1477.133333,
        "iops_stddev" : 110.068464,
        "iops_samples" : 60
      },
      "trim" : {
        "io_bytes" : 0,
        "io_kbytes" : 0,
        "bw_bytes" : 0,
        "bw" : 0,
        "iops" : 0.000000,
        "runtime" : 0,
        "total_ios" : 0,
        "short_ios" : 0,
        "drop_ios" : 0,
        "slat_ns" : {
          "min" : 0,
          "max" : 0,
          "mean" : 0.000000,
          "stddev" : 0.000000,
          "N" : 0
        },
        "clat_ns" : {
          "min" : 0,
          "max" : 0,
          "mean" : 0.000000,
          "stddev" : 0.000000,
          "N" : 0
        },
        "lat_ns" : {
          "min" : 0,
          "max" : 0,
          "mean" : 0.000000,
          "stddev" : 0.000000,
          "N" : 0
        },
        "bw_min" : 0,
        "bw_max" : 0,
        "bw_agg" : 0.000000,
        "bw_mean" : 0.000000,
        "bw_dev" : 0.000000,
        "bw_samples" : 0,
        "iops_min" : 0,
        "iops_max" : 0,
        "iops_mean" : 0.000000,
        "iops_stddev" : 0.000000,
        "iops_samples" : 0
      },
      "sync" : {
        "total_ios" : 44301,
        "lat_ns" : {
          "min" : 239902,
          "max" : 4862347,
          "mean" : 425315.142638,
          "stddev" : 250953.115520,
          "N" : 44301,
          "percentile" : {
            "1.000000" : 296960,
            "5.000000" : 313344,
            "10.000000" : 325632,
            "20.000000" : 333824,
            "30.000000" : 346112,
            "40.000000" : 354304,
            "50.000000" : 362496,
            "60.000000" : 374784,
            "70.000000" : 391168,
            "80.000000" : 419840,
            "90.000000" : 536576,
            "95.000000" : 774144,
            "99.000000" : 1499136,
            "99.500000" : 1843200,
            "99.900000" : 3915776,
            "99.950000" : 4227072,
            "99.990000" : 4489216
          }
        }
      },
      "job_runtime" : 30000,
      "usr_cpu" : 1.830000,
      "sys_cpu" : 8.033333,
      "ctx" : 88621,
      "majf" : 0,
      "minf" : 36,
      "iodepth_level" : {
        "1" : 200.000000,
        "2" : 0.000000,
        "4" : 0.000000,
        "8" : 0.000000,
        "16" : 0.000000,
        "32" : 0.000000,
        ">=64" : 0.000000
      },
      "iodepth_submit" : {
        "0" : 0.000000,
        "4" : 100.000000,
        "8" : 0.000000,
        "16" : 0.000000,
        "32" : 0.000000,
        "64" : 0.000000,
        ">=64" : 0.000000
      },
      "iodepth_complete" : {
        "0" : 0.000000,
        "4" : 100.000000,
        "8" : 0.000000,
        "16" : 0.000000,
        "32" : 0.000000,
        "64" : 0.000000,
        ">=64" : 0.000000
      },
      "latency_ns" : {
        "2" : 0.000000,
        "4" : 0.000000,
        "10" : 0.000000,
        "20" : 0.000000,
        "50" : 0.000000,
        "100" : 0.000000,
        "250" : 0.000000,
        "500" : 0.000000,
        "750" : 0.000000,
        "1000" : 0.000000
      },
      "latency_us" : {
        "2" : 0.000000,
        "4" : 0.000000,
        "10" : 0.000000,
        "20" : 0.000000,
        "50" : 0.000000,
        "100" : 0.010000,
        "250" : 75.571658,
        "500" : 21.225255,
        "750" : 1.636532,
        "1000" : 0.613982
      },
      "latency_ms" : {
        "2" : 0.844225,
        "4" : 0.094806,
        "10" : 0.010000,
        "20" : 0.010000,
        "50" : 0.010000,
        "100" : 0.000000,
        "250" : 0.000000,
        "500" : 0.000000,
        "750" : 0.000000,
        "1000" : 0.000000,
        "2000" : 0.000000,
        ">=2000" : 0.000000
      },
      "latency_depth" : 1,
      "latency_target" : 0,
      "latency_percentile" : 100.000000,
      "latency_window" : 0
    }
  ]
}
