{
  "fio version" : "fio-3.36",
  "timestamp" : 1733212550,
  "timestamp_ms" : 1733212550764,
  "time" : "Tue Dec  3 07:55:50 2024",
  "jobs" : [
    {
      "jobname" : "rand_write_direct0_fsync1",
      "groupid" : 0,
      "job_start" : 1733212519594,
      "error" : 0,
      "eta" : 0,
      "elapsed" : 92,
      "job options" : {
        "name" : "rand_write_direct0_fsync1",
        "rw" : "randwrite",
        "direct" : "0",
        "bs" : "4k",
        "runtime" : "30",
        "ramp_time" : "60",
        "filename" : "/dev/mapper/rollbaccine1",
        "iodepth" : "1",
        "numjobs" : "4",
        "fsync" : "1",
        "end_fsync" : "1"
      },
      "read" : {
        "io_bytes" : 0,
        "io_kbytes" : 0,
        "bw_bytes" : 0,
        "bw" : 0,
        "iops" : 0.000000,
        "runtime" : 0,
        "total_ios" : 0,
        "short_ios" : 0,
        "drop_ios" : 0,
        "slat_ns" : {
          "min" : 0,
          "max" : 0,
          "mean" : 0.000000,
          "stddev" : 0.000000,
          "N" : 0
        },
        "clat_ns" : {
          "min" : 0,
          "max" : 0,
          "mean" : 0.000000,
          "stddev" : 0.000000,
          "N" : 0
        },
        "lat_ns" : {
          "min" : 0,
          "max" : 0,
          "mean" : 0.000000,
          "stddev" : 0.000000,
          "N" : 0
        },
        "bw_min" : 0,
        "bw_max" : 0,
        "bw_agg" : 0.000000,
        "bw_mean" : 0.000000,
        "bw_dev" : 0.000000,
        "bw_samples" : 0,
        "iops_min" : 0,
        "iops_max" : 0,
        "iops_mean" : 0.000000,
        "iops_stddev" : 0.000000,
        "iops_samples" : 0
      },
      "write" : {
        "io_bytes" : 666345472,
        "io_kbytes" : 650728,
        "bw_bytes" : 22180463,
        "bw" : 21660,
        "iops" : 5415.152120,
        "runtime" : 30042,
        "total_ios" : 162682,
        "short_ios" : 0,
        "drop_ios" : 0,
        "slat_ns" : {
          "min" : 0,
          "max" : 0,
          "mean" : 0.000000,
          "stddev" : 0.000000,
          "N" : 0
        },
        "clat_ns" : {
          "min" : 4300,
          "max" : 524205,
          "mean" : 7743.884996,
          "stddev" : 4146.818168,
          "N" : 162682,
          "percentile" : {
            "1.000000" : 5728,
            "5.000000" : 6112,
            "10.000000" : 6176,
            "20.000000" : 6432,
            "30.000000" : 6624,
            "40.000000" : 6816,
            "50.000000" : 7008,
            "60.000000" : 7072,
            "70.000000" : 7392,
            "80.000000" : 8032,
            "90.000000" : 9664,
            "95.000000" : 11328,
            "99.000000" : 19328,
            "99.500000" : 42240,
            "99.900000" : 52480,
            "99.950000" : 58624,
            "99.990000" : 116224
          }
        },
        "lat_ns" : {
          "min" : 4500,
          "max" : 524505,
          "mean" : 7980.093004,
          "stddev" : 4212.571470,
          "N" : 162682
        },
        "bw_min" : 19824,
        "bw_max" : 23654,
        "bw_agg" : 100.000000,
        "bw_mean" : 21696.916667,
        "bw_dev" : 220.184809,
        "bw_samples" : 240,
        "iops_min" : 4956,
        "iops_max" : 5912,
        "iops_mean" : 5423.833333,
        "iops_stddev" : 54.970566,
        "iops_samples" : 240
      },
      "trim" : {
        "io_bytes" : 0,
        "io_kbytes" : 0,
        "bw_bytes" : 0,
        "bw" : 0,
        "iops" : 0.000000,
        "runtime" : 0,
        "total_ios" : 0,
        "short_ios" : 0,
        "drop_ios" : 0,
        "slat_ns" : {
          "min" : 0,
          "max" : 0,
          "mean" : 0.000000,
          "stddev" : 0.000000,
          "N" : 0
        },
        "clat_ns" : {
          "min" : 0,
          "max" : 0,
          "mean" : 0.000000,
          "stddev" : 0.000000,
          "N" : 0
        },
        "lat_ns" : {
          "min" : 0,
          "max" : 0,
          "mean" : 0.000000,
          "stddev" : 0.000000,
          "N" : 0
        },
        "bw_min" : 0,
        "bw_max" : 0,
        "bw_agg" : 0.000000,
        "bw_mean" : 0.000000,
        "bw_dev" : 0.000000,
        "bw_samples" : 0,
        "iops_min" : 0,
        "iops_max" : 0,
        "iops_mean" : 0.000000,
        "iops_stddev" : 0.000000,
        "iops_samples" : 0
      },
      "sync" : {
        "total_ios" : 162682,
        "lat_ns" : {
          "min" : 364204,
          "max" : 42061690,
          "mean" : 728041.675447,
          "stddev" : 360435.402800,
          "N" : 162682,
          "percentile" : {
            "1.000000" : 464896,
            "5.000000" : 509952,
            "10.000000" : 536576,
            "20.000000" : 577536,
            "30.000000" : 610304,
            "40.000000" : 643072,
            "50.000000" : 667648,
            "60.000000" : 700416,
            "70.000000" : 733184,
            "80.000000" : 790528,
            "90.000000" : 897024,
            "95.000000" : 1056768,
            "99.000000" : 1974272,
            "99.500000" : 2506752,
            "99.900000" : 4489216,
            "99.950000" : 4882432,
            "99.990000" : 9240576
          }
        }
      },
      "job_runtime" : 120082,
      "usr_cpu" : 1.203344,
      "sys_cpu" : 9.831615,
      "ctx" : 345121,
      "majf" : 0,
      "minf" : 146,
      "iodepth_level" : {
        "1" : 200.000000,
        "2" : 0.000000,
        "4" : 0.000000,
        "8" : 0.000000,
        "16" : 0.000000,
        "32" : 0.000000,
        ">=64" : 0.000000
      },
      "iodepth_submit" : {
        "0" : 0.000000,
        "4" : 100.000000,
        "8" : 0.000000,
        "16" : 0.000000,
        "32" : 0.000000,
        "64" : 0.000000,
        ">=64" : 0.000000
      },
      "iodepth_complete" : {
        "0" : 0.000000,
        "4" : 100.000000,
        "8" : 0.000000,
        "16" : 0.000000,
        "32" : 0.000000,
        "64" : 0.000000,
        ">=64" : 0.000000
      },
      "latency_ns" : {
        "2" : 0.000000,
        "4" : 0.000000,
        "10" : 0.000000,
        "20" : 0.000000,
        "50" : 0.000000,
        "100" : 0.000000,
        "250" : 0.000000,
        "500" : 0.000000,
        "750" : 0.000000,
        "1000" : 0.000000
      },
      "latency_us" : {
        "2" : 0.000000,
        "4" : 0.000000,
        "10" : 90.761117,
        "20" : 8.270737,
        "50" : 0.828610,
        "100" : 0.128471,
        "250" : 0.010450,
        "500" : 0.000000,
        "750" : 0.010000,
        "1000" : 0.000000
      },
      "latency_ms" : {
        "2" : 0.000000,
        "4" : 0.000000,
        "10" : 0.000000,
        "20" : 0.000000,
        "50" : 0.000000,
        "100" : 0.000000,
        "250" : 0.000000,
        "500" : 0.000000,
        "750" : 0.000000,
        "1000" : 0.000000,
        "2000" : 0.000000,
        ">=2000" : 0.000000
      },
      "latency_depth" : 1,
      "latency_target" : 0,
      "latency_percentile" : 100.000000,
      "latency_window" : 0
    }
  ]
}
