{
  "fio version" : "fio-3.36",
  "timestamp" : 1733289703,
  "timestamp_ms" : 1733289703350,
  "time" : "Wed Dec  4 05:21:43 2024",
  "jobs" : [
    {
      "jobname" : "ROLLBACCINE_randwrite_direct1_fsync0_threads_32_4155",
      "groupid" : 0,
      "job_start" : 1733289643285,
      "error" : 0,
      "eta" : 0,
      "elapsed" : 91,
      "job options" : {
        "name" : "ROLLBACCINE_randwrite_direct1_fsync0_threads_32_4155",
        "rw" : "randwrite",
        "direct" : "1",
        "filename" : "/dev/mapper/rollbaccine1",
        "numjobs" : "32",
        "fsync" : "0",
        "bs" : "4k",
        "ramp_time" : "30",
        "runtime" : "60",
        "iodepth" : "1",
        "end_fsync" : "1"
      },
      "read" : {
        "io_bytes" : 0,
        "io_kbytes" : 0,
        "bw_bytes" : 0,
        "bw" : 0,
        "iops" : 0.000000,
        "runtime" : 0,
        "total_ios" : 0,
        "short_ios" : 0,
        "drop_ios" : 0,
        "slat_ns" : {
          "min" : 0,
          "max" : 0,
          "mean" : 0.000000,
          "stddev" : 0.000000,
          "N" : 0
        },
        "clat_ns" : {
          "min" : 0,
          "max" : 0,
          "mean" : 0.000000,
          "stddev" : 0.000000,
          "N" : 0
        },
        "lat_ns" : {
          "min" : 0,
          "max" : 0,
          "mean" : 0.000000,
          "stddev" : 0.000000,
          "N" : 0
        },
        "bw_min" : 0,
        "bw_max" : 0,
        "bw_agg" : 0.000000,
        "bw_mean" : 0.000000,
        "bw_dev" : 0.000000,
        "bw_samples" : 0,
        "iops_min" : 0,
        "iops_max" : 0,
        "iops_mean" : 0.000000,
        "iops_stddev" : 0.000000,
        "iops_samples" : 0
      },
      "write" : {
        "io_bytes" : 13381935104,
        "io_kbytes" : 13068296,
        "bw_bytes" : 222995085,
        "bw" : 217768,
        "iops" : 54442.159640,
        "runtime" : 60010,
        "total_ios" : 3267074,
        "short_ios" : 0,
        "drop_ios" : 0,
        "slat_ns" : {
          "min" : 0,
          "max" : 0,
          "mean" : 0.000000,
          "stddev" : 0.000000,
          "N" : 0
        },
        "clat_ns" : {
          "min" : 70401,
          "max" : 68226210,
          "mean" : 585340.126349,
          "stddev" : 958969.192879,
          "N" : 3267074,
          "percentile" : {
            "1.000000" : 132096,
            "5.000000" : 160768,
            "10.000000" : 181248,
            "20.000000" : 211968,
            "30.000000" : 238592,
            "40.000000" : 264192,
            "50.000000" : 301056,
            "60.000000" : 366592,
            "70.000000" : 528384,
            "80.000000" : 847872,
            "90.000000" : 1482752,
            "95.000000" : 1777664,
            "99.000000" : 2375680,
            "99.500000" : 3063808,
            "99.900000" : 10944512,
            "99.950000" : 17170432,
            "99.990000" : 37486592
          }
        },
        "lat_ns" : {
          "min" : 70601,
          "max" : 68226410,
          "mean" : 585606.940522,
          "stddev" : 958971.963247,
          "N" : 3267074
        },
        "bw_min" : 139076,
        "bw_max" : 313788,
        "bw_agg" : 100.000000,
        "bw_mean" : 217999.546218,
        "bw_dev" : 1024.740342,
        "bw_samples" : 3808,
        "iops_min" : 34766,
        "iops_max" : 78445,
        "iops_mean" : 54497.226891,
        "iops_stddev" : 256.184021,
        "iops_samples" : 3808
      },
      "trim" : {
        "io_bytes" : 0,
        "io_kbytes" : 0,
        "bw_bytes" : 0,
        "bw" : 0,
        "iops" : 0.000000,
        "runtime" : 0,
        "total_ios" : 0,
        "short_ios" : 0,
        "drop_ios" : 0,
        "slat_ns" : {
          "min" : 0,
          "max" : 0,
          "mean" : 0.000000,
          "stddev" : 0.000000,
          "N" : 0
        },
        "clat_ns" : {
          "min" : 0,
          "max" : 0,
          "mean" : 0.000000,
          "stddev" : 0.000000,
          "N" : 0
        },
        "lat_ns" : {
          "min" : 0,
          "max" : 0,
          "mean" : 0.000000,
          "stddev" : 0.000000,
          "N" : 0
        },
        "bw_min" : 0,
        "bw_max" : 0,
        "bw_agg" : 0.000000,
        "bw_mean" : 0.000000,
        "bw_dev" : 0.000000,
        "bw_samples" : 0,
        "iops_min" : 0,
        "iops_max" : 0,
        "iops_mean" : 0.000000,
        "iops_stddev" : 0.000000,
        "iops_samples" : 0
      },
      "sync" : {
        "total_ios" : 0,
        "lat_ns" : {
          "min" : 0,
          "max" : 0,
          "mean" : 0.000000,
          "stddev" : 0.000000,
          "N" : 0
        }
      },
      "job_runtime" : 1920076,
      "usr_cpu" : 1.110685,
      "sys_cpu" : 7.027170,
      "ctx" : 3333797,
      "majf" : 0,
      "minf" : 1200,
      "iodepth_level" : {
        "1" : 100.000000,
        "2" : 0.000000,
        "4" : 0.000000,
        "8" : 0.000000,
        "16" : 0.000000,
        "32" : 0.000000,
        ">=64" : 0.000000
      },
      "iodepth_submit" : {
        "0" : 0.000000,
        "4" : 100.000000,
        "8" : 0.000000,
        "16" : 0.000000,
        "32" : 0.000000,
        "64" : 0.000000,
        ">=64" : 0.000000
      },
      "iodepth_complete" : {
        "0" : 0.000000,
        "4" : 100.000000,
        "8" : 0.000000,
        "16" : 0.000000,
        "32" : 0.000000,
        "64" : 0.000000,
        ">=64" : 0.000000
      },
      "latency_ns" : {
        "2" : 0.000000,
        "4" : 0.000000,
        "10" : 0.000000,
        "20" : 0.000000,
        "50" : 0.000000,
        "100" : 0.000000,
        "250" : 0.000000,
        "500" : 0.000000,
        "750" : 0.000000,
        "1000" : 0.000000
      },
      "latency_us" : {
        "2" : 0.000000,
        "4" : 0.000000,
        "10" : 0.000000,
        "20" : 0.000000,
        "50" : 0.000000,
        "100" : 0.011509,
        "250" : 34.415382,
        "500" : 34.388416,
        "750" : 8.877056,
        "1000" : 4.953576
      },
      "latency_ms" : {
        "2" : 14.905723,
        "4" : 2.127102,
        "10" : 0.209086,
        "20" : 0.072083,
        "50" : 0.036455,
        "100" : 0.010000,
        "250" : 0.000000,
        "500" : 0.000000,
        "750" : 0.000000,
        "1000" : 0.000000,
        "2000" : 0.000000,
        ">=2000" : 0.000000
      },
      "latency_depth" : 1,
      "latency_target" : 0,
      "latency_percentile" : 100.000000,
      "latency_window" : 0
    }
  ]
}
