{
  "fio version" : "fio-3.36",
  "timestamp" : 1733210197,
  "timestamp_ms" : 1733210197143,
  "time" : "Tue Dec  3 07:16:37 2024",
  "jobs" : [
    {
      "jobname" : "seq_write_direct1_fsync0",
      "groupid" : 0,
      "job_start" : 1733210167083,
      "error" : 0,
      "eta" : 0,
      "elapsed" : 91,
      "job options" : {
        "name" : "seq_write_direct1_fsync0",
        "rw" : "write",
        "direct" : "1",
        "bs" : "4k",
        "runtime" : "30",
        "ramp_time" : "60",
        "filename" : "/dev/mapper/rollbaccine1",
        "iodepth" : "1",
        "numjobs" : "8",
        "end_fsync" : "1"
      },
      "read" : {
        "io_bytes" : 0,
        "io_kbytes" : 0,
        "bw_bytes" : 0,
        "bw" : 0,
        "iops" : 0.000000,
        "runtime" : 0,
        "total_ios" : 0,
        "short_ios" : 0,
        "drop_ios" : 0,
        "slat_ns" : {
          "min" : 0,
          "max" : 0,
          "mean" : 0.000000,
          "stddev" : 0.000000,
          "N" : 0
        },
        "clat_ns" : {
          "min" : 0,
          "max" : 0,
          "mean" : 0.000000,
          "stddev" : 0.000000,
          "N" : 0
        },
        "lat_ns" : {
          "min" : 0,
          "max" : 0,
          "mean" : 0.000000,
          "stddev" : 0.000000,
          "N" : 0
        },
        "bw_min" : 0,
        "bw_max" : 0,
        "bw_agg" : 0.000000,
        "bw_mean" : 0.000000,
        "bw_dev" : 0.000000,
        "bw_samples" : 0,
        "iops_min" : 0,
        "iops_max" : 0,
        "iops_mean" : 0.000000,
        "iops_stddev" : 0.000000,
        "iops_samples" : 0
      },
      "write" : {
        "io_bytes" : 4898168832,
        "io_kbytes" : 4783368,
        "bw_bytes" : 163044032,
        "bw" : 159222,
        "iops" : 39805.672059,
        "runtime" : 30042,
        "total_ios" : 1195842,
        "short_ios" : 0,
        "drop_ios" : 0,
        "slat_ns" : {
          "min" : 0,
          "max" : 0,
          "mean" : 0.000000,
          "stddev" : 0.000000,
          "N" : 0
        },
        "clat_ns" : {
          "min" : 70701,
          "max" : 107175259,
          "mean" : 199294.924154,
          "stddev" : 504547.552223,
          "N" : 1195842,
          "percentile" : {
            "1.000000" : 112128,
            "5.000000" : 126464,
            "10.000000" : 134144,
            "20.000000" : 144384,
            "30.000000" : 152576,
            "40.000000" : 158720,
            "50.000000" : 166912,
            "60.000000" : 175104,
            "70.000000" : 187392,
            "80.000000" : 205824,
            "90.000000" : 261120,
            "95.000000" : 325632,
            "99.000000" : 528384,
            "99.500000" : 856064,
            "99.900000" : 2834432,
            "99.950000" : 4882432,
            "99.990000" : 22675456
          }
        },
        "lat_ns" : {
          "min" : 70901,
          "max" : 107176659,
          "mean" : 199527.658614,
          "stddev" : 504549.574810,
          "N" : 1195842
        },
        "bw_min" : 127352,
        "bw_max" : 181454,
        "bw_agg" : 100.000000,
        "bw_mean" : 159563.101695,
        "bw_dev" : 1541.454143,
        "bw_samples" : 472,
        "iops_min" : 31838,
        "iops_max" : 45363,
        "iops_mean" : 39890.559322,
        "iops_stddev" : 385.357096,
        "iops_samples" : 472
      },
      "trim" : {
        "io_bytes" : 0,
        "io_kbytes" : 0,
        "bw_bytes" : 0,
        "bw" : 0,
        "iops" : 0.000000,
        "runtime" : 0,
        "total_ios" : 0,
        "short_ios" : 0,
        "drop_ios" : 0,
        "slat_ns" : {
          "min" : 0,
          "max" : 0,
          "mean" : 0.000000,
          "stddev" : 0.000000,
          "N" : 0
        },
        "clat_ns" : {
          "min" : 0,
          "max" : 0,
          "mean" : 0.000000,
          "stddev" : 0.000000,
          "N" : 0
        },
        "lat_ns" : {
          "min" : 0,
          "max" : 0,
          "mean" : 0.000000,
          "stddev" : 0.000000,
          "N" : 0
        },
        "bw_min" : 0,
        "bw_max" : 0,
        "bw_agg" : 0.000000,
        "bw_mean" : 0.000000,
        "bw_dev" : 0.000000,
        "bw_samples" : 0,
        "iops_min" : 0,
        "iops_max" : 0,
        "iops_mean" : 0.000000,
        "iops_stddev" : 0.000000,
        "iops_samples" : 0
      },
      "sync" : {
        "total_ios" : 0,
        "lat_ns" : {
          "min" : 0,
          "max" : 0,
          "mean" : 0.000000,
          "stddev" : 0.000000,
          "N" : 0
        }
      },
      "job_runtime" : 240041,
      "usr_cpu" : 2.742448,
      "sys_cpu" : 19.459592,
      "ctx" : 1198660,
      "majf" : 0,
      "minf" : 291,
      "iodepth_level" : {
        "1" : 100.000000,
        "2" : 0.000000,
        "4" : 0.000000,
        "8" : 0.000000,
        "16" : 0.000000,
        "32" : 0.000000,
        ">=64" : 0.000000
      },
      "iodepth_submit" : {
        "0" : 0.000000,
        "4" : 100.000000,
        "8" : 0.000000,
        "16" : 0.000000,
        "32" : 0.000000,
        "64" : 0.000000,
        ">=64" : 0.000000
      },
      "iodepth_complete" : {
        "0" : 0.000000,
        "4" : 100.000000,
        "8" : 0.000000,
        "16" : 0.000000,
        "32" : 0.000000,
        "64" : 0.000000,
        ">=64" : 0.000000
      },
      "latency_ns" : {
        "2" : 0.000000,
        "4" : 0.000000,
        "10" : 0.000000,
        "20" : 0.000000,
        "50" : 0.000000,
        "100" : 0.000000,
        "250" : 0.000000,
        "500" : 0.000000,
        "750" : 0.000000,
        "1000" : 0.000000
      },
      "latency_us" : {
        "2" : 0.000000,
        "4" : 0.000000,
        "10" : 0.000000,
        "20" : 0.000000,
        "50" : 0.000000,
        "100" : 0.172849,
        "250" : 88.615637,
        "500" : 10.067802,
        "750" : 0.579675,
        "1000" : 0.119079
      },
      "latency_ms" : {
        "2" : 0.290423,
        "4" : 0.083038,
        "10" : 0.047582,
        "20" : 0.012460,
        "50" : 0.010000,
        "100" : 0.010000,
        "250" : 0.010000,
        "500" : 0.000000,
        "750" : 0.000000,
        "1000" : 0.000000,
        "2000" : 0.000000,
        ">=2000" : 0.000000
      },
      "latency_depth" : 1,
      "latency_target" : 0,
      "latency_percentile" : 100.000000,
      "latency_window" : 0
    }
  ]
}
