{
  "fio version" : "fio-3.36",
  "timestamp" : 1733212643,
  "timestamp_ms" : 1733212643030,
  "time" : "Tue Dec  3 07:57:23 2024",
  "jobs" : [
    {
      "jobname" : "rand_write_direct0_fsync1",
      "groupid" : 0,
      "job_start" : 1733212611001,
      "error" : 0,
      "eta" : 0,
      "elapsed" : 93,
      "job options" : {
        "name" : "rand_write_direct0_fsync1",
        "rw" : "randwrite",
        "direct" : "0",
        "bs" : "4k",
        "runtime" : "30",
        "ramp_time" : "60",
        "filename" : "/dev/mapper/rollbaccine1",
        "iodepth" : "1",
        "numjobs" : "8",
        "fsync" : "1",
        "end_fsync" : "1"
      },
      "read" : {
        "io_bytes" : 0,
        "io_kbytes" : 0,
        "bw_bytes" : 0,
        "bw" : 0,
        "iops" : 0.000000,
        "runtime" : 0,
        "total_ios" : 0,
        "short_ios" : 0,
        "drop_ios" : 0,
        "slat_ns" : {
          "min" : 0,
          "max" : 0,
          "mean" : 0.000000,
          "stddev" : 0.000000,
          "N" : 0
        },
        "clat_ns" : {
          "min" : 0,
          "max" : 0,
          "mean" : 0.000000,
          "stddev" : 0.000000,
          "N" : 0
        },
        "lat_ns" : {
          "min" : 0,
          "max" : 0,
          "mean" : 0.000000,
          "stddev" : 0.000000,
          "N" : 0
        },
        "bw_min" : 0,
        "bw_max" : 0,
        "bw_agg" : 0.000000,
        "bw_mean" : 0.000000,
        "bw_dev" : 0.000000,
        "bw_samples" : 0,
        "iops_min" : 0,
        "iops_max" : 0,
        "iops_mean" : 0.000000,
        "iops_stddev" : 0.000000,
        "iops_samples" : 0
      },
      "write" : {
        "io_bytes" : 1157177344,
        "io_kbytes" : 1130056,
        "bw_bytes" : 38519934,
        "bw" : 37617,
        "iops" : 9404.280816,
        "runtime" : 30041,
        "total_ios" : 282514,
        "short_ios" : 0,
        "drop_ios" : 0,
        "slat_ns" : {
          "min" : 0,
          "max" : 0,
          "mean" : 0.000000,
          "stddev" : 0.000000,
          "N" : 0
        },
        "clat_ns" : {
          "min" : 4000,
          "max" : 1454913,
          "mean" : 9427.779901,
          "stddev" : 9808.648580,
          "N" : 282514,
          "percentile" : {
            "1.000000" : 5600,
            "5.000000" : 6176,
            "10.000000" : 6496,
            "20.000000" : 6816,
            "30.000000" : 7200,
            "40.000000" : 7520,
            "50.000000" : 8032,
            "60.000000" : 8640,
            "70.000000" : 9536,
            "80.000000" : 10816,
            "90.000000" : 12864,
            "95.000000" : 14784,
            "99.000000" : 34560,
            "99.500000" : 46848,
            "99.900000" : 68096,
            "99.950000" : 87552,
            "99.990000" : 325632
          }
        },
        "lat_ns" : {
          "min" : 4100,
          "max" : 1455313,
          "mean" : 9700.709080,
          "stddev" : 9860.879568,
          "N" : 282514
        },
        "bw_min" : 30762,
        "bw_max" : 42216,
        "bw_agg" : 100.000000,
        "bw_mean" : 37712.067797,
        "bw_dev" : 300.488676,
        "bw_samples" : 472,
        "iops_min" : 7686,
        "iops_max" : 10554,
        "iops_mean" : 9427.694915,
        "iops_stddev" : 75.133135,
        "iops_samples" : 472
      },
      "trim" : {
        "io_bytes" : 0,
        "io_kbytes" : 0,
        "bw_bytes" : 0,
        "bw" : 0,
        "iops" : 0.000000,
        "runtime" : 0,
        "total_ios" : 0,
        "short_ios" : 0,
        "drop_ios" : 0,
        "slat_ns" : {
          "min" : 0,
          "max" : 0,
          "mean" : 0.000000,
          "stddev" : 0.000000,
          "N" : 0
        },
        "clat_ns" : {
          "min" : 0,
          "max" : 0,
          "mean" : 0.000000,
          "stddev" : 0.000000,
          "N" : 0
        },
        "lat_ns" : {
          "min" : 0,
          "max" : 0,
          "mean" : 0.000000,
          "stddev" : 0.000000,
          "N" : 0
        },
        "bw_min" : 0,
        "bw_max" : 0,
        "bw_agg" : 0.000000,
        "bw_mean" : 0.000000,
        "bw_dev" : 0.000000,
        "bw_samples" : 0,
        "iops_min" : 0,
        "iops_max" : 0,
        "iops_mean" : 0.000000,
        "iops_stddev" : 0.000000,
        "iops_samples" : 0
      },
      "sync" : {
        "total_ios" : 282513,
        "lat_ns" : {
          "min" : 393304,
          "max" : 69964343,
          "mean" : 837010.020548,
          "stddev" : 673403.044984,
          "N" : 282513,
          "percentile" : {
            "1.000000" : 518144,
            "5.000000" : 569344,
            "10.000000" : 602112,
            "20.000000" : 651264,
            "30.000000" : 684032,
            "40.000000" : 716800,
            "50.000000" : 749568,
            "60.000000" : 790528,
            "70.000000" : 831488,
            "80.000000" : 897024,
            "90.000000" : 1003520,
            "95.000000" : 1220608,
            "99.000000" : 2506752,
            "99.500000" : 3719168,
            "99.900000" : 5799936,
            "99.950000" : 8978432,
            "99.990000" : 26869760
          }
        }
      },
      "job_runtime" : 240040,
      "usr_cpu" : 1.231045,
      "sys_cpu" : 10.354941,
      "ctx" : 661578,
      "majf" : 0,
      "minf" : 291,
      "iodepth_level" : {
        "1" : 199.999646,
        "2" : 0.000000,
        "4" : 0.000000,
        "8" : 0.000000,
        "16" : 0.000000,
        "32" : 0.000000,
        ">=64" : 0.000000
      },
      "iodepth_submit" : {
        "0" : 0.000000,
        "4" : 100.000000,
        "8" : 0.000000,
        "16" : 0.000000,
        "32" : 0.000000,
        "64" : 0.000000,
        ">=64" : 0.000000
      },
      "iodepth_complete" : {
        "0" : 0.000000,
        "4" : 100.000000,
        "8" : 0.000000,
        "16" : 0.000000,
        "32" : 0.000000,
        "64" : 0.000000,
        ">=64" : 0.000000
      },
      "latency_ns" : {
        "2" : 0.000000,
        "4" : 0.000000,
        "10" : 0.000000,
        "20" : 0.000000,
        "50" : 0.000000,
        "100" : 0.000000,
        "250" : 0.000000,
        "500" : 0.000000,
        "750" : 0.000000,
        "1000" : 0.000000
      },
      "latency_us" : {
        "2" : 0.000000,
        "4" : 0.000000,
        "10" : 73.732983,
        "20" : 24.299327,
        "50" : 1.597089,
        "100" : 0.328833,
        "250" : 0.026547,
        "500" : 0.010000,
        "750" : 0.010000,
        "1000" : 0.010000
      },
      "latency_ms" : {
        "2" : 0.010000,
        "4" : 0.000000,
        "10" : 0.000000,
        "20" : 0.000000,
        "50" : 0.000000,
        "100" : 0.000000,
        "250" : 0.000000,
        "500" : 0.000000,
        "750" : 0.000000,
        "1000" : 0.000000,
        "2000" : 0.000000,
        ">=2000" : 0.000000
      },
      "latency_depth" : 1,
      "latency_target" : 0,
      "latency_percentile" : 100.000000,
      "latency_window" : 0
    }
  ]
}
