{
  "fio version" : "fio-3.36",
  "timestamp" : 1733290994,
  "timestamp_ms" : 1733290994352,
  "time" : "Wed Dec  4 05:43:14 2024",
  "jobs" : [
    {
      "jobname" : "ROLLBACCINE_randwrite_direct0_fsync1_threads_64_9a1d",
      "groupid" : 0,
      "job_start" : 1733290929624,
      "error" : 0,
      "eta" : 0,
      "elapsed" : 95,
      "job options" : {
        "name" : "ROLLBACCINE_randwrite_direct0_fsync1_threads_64_9a1d",
        "rw" : "randwrite",
        "direct" : "0",
        "filename" : "/dev/mapper/rollbaccine1",
        "numjobs" : "64",
        "fsync" : "1",
        "bs" : "4k",
        "ramp_time" : "30",
        "runtime" : "60",
        "iodepth" : "1",
        "end_fsync" : "1"
      },
      "read" : {
        "io_bytes" : 0,
        "io_kbytes" : 0,
        "bw_bytes" : 0,
        "bw" : 0,
        "iops" : 0.000000,
        "runtime" : 0,
        "total_ios" : 0,
        "short_ios" : 0,
        "drop_ios" : 0,
        "slat_ns" : {
          "min" : 0,
          "max" : 0,
          "mean" : 0.000000,
          "stddev" : 0.000000,
          "N" : 0
        },
        "clat_ns" : {
          "min" : 0,
          "max" : 0,
          "mean" : 0.000000,
          "stddev" : 0.000000,
          "N" : 0
        },
        "lat_ns" : {
          "min" : 0,
          "max" : 0,
          "mean" : 0.000000,
          "stddev" : 0.000000,
          "N" : 0
        },
        "bw_min" : 0,
        "bw_max" : 0,
        "bw_agg" : 0.000000,
        "bw_mean" : 0.000000,
        "bw_dev" : 0.000000,
        "bw_samples" : 0,
        "iops_min" : 0,
        "iops_max" : 0,
        "iops_mean" : 0.000000,
        "iops_stddev" : 0.000000,
        "iops_samples" : 0
      },
      "write" : {
        "io_bytes" : 6296150016,
        "io_kbytes" : 6148584,
        "bw_bytes" : 104864176,
        "bw" : 102406,
        "iops" : 25601.605570,
        "runtime" : 60041,
        "total_ios" : 1537146,
        "short_ios" : 0,
        "drop_ios" : 0,
        "slat_ns" : {
          "min" : 0,
          "max" : 0,
          "mean" : 0.000000,
          "stddev" : 0.000000,
          "N" : 0
        },
        "clat_ns" : {
          "min" : 3500,
          "max" : 3646544,
          "mean" : 13653.901596,
          "stddev" : 22292.222342,
          "N" : 1537146,
          "percentile" : {
            "1.000000" : 5408,
            "5.000000" : 6176,
            "10.000000" : 6816,
            "20.000000" : 7584,
            "30.000000" : 8256,
            "40.000000" : 9024,
            "50.000000" : 10048,
            "60.000000" : 11328,
            "70.000000" : 12608,
            "80.000000" : 14144,
            "90.000000" : 19584,
            "95.000000" : 33024,
            "99.000000" : 73216,
            "99.500000" : 101888,
            "99.900000" : 214016,
            "99.950000" : 284672,
            "99.990000" : 618496
          }
        },
        "lat_ns" : {
          "min" : 3600,
          "max" : 3646744,
          "mean" : 13973.048585,
          "stddev" : 22415.814502,
          "N" : 1537146
        },
        "bw_min" : 75288,
        "bw_max" : 113814,
        "bw_agg" : 100.000000,
        "bw_mean" : 102568.344538,
        "bw_dev" : 97.484352,
        "bw_samples" : 7616,
        "iops_min" : 18822,
        "iops_max" : 28452,
        "iops_mean" : 25640.168067,
        "iops_stddev" : 24.368799,
        "iops_samples" : 7616
      },
      "trim" : {
        "io_bytes" : 0,
        "io_kbytes" : 0,
        "bw_bytes" : 0,
        "bw" : 0,
        "iops" : 0.000000,
        "runtime" : 0,
        "total_ios" : 0,
        "short_ios" : 0,
        "drop_ios" : 0,
        "slat_ns" : {
          "min" : 0,
          "max" : 0,
          "mean" : 0.000000,
          "stddev" : 0.000000,
          "N" : 0
        },
        "clat_ns" : {
          "min" : 0,
          "max" : 0,
          "mean" : 0.000000,
          "stddev" : 0.000000,
          "N" : 0
        },
        "lat_ns" : {
          "min" : 0,
          "max" : 0,
          "mean" : 0.000000,
          "stddev" : 0.000000,
          "N" : 0
        },
        "bw_min" : 0,
        "bw_max" : 0,
        "bw_agg" : 0.000000,
        "bw_mean" : 0.000000,
        "bw_dev" : 0.000000,
        "bw_samples" : 0,
        "iops_min" : 0,
        "iops_max" : 0,
        "iops_mean" : 0.000000,
        "iops_stddev" : 0.000000,
        "iops_samples" : 0
      },
      "sync" : {
        "total_ios" : 1537145,
        "lat_ns" : {
          "min" : 466006,
          "max" : 144615350,
          "mean" : 2480761.888520,
          "stddev" : 2055413.321324,
          "N" : 1537145,
          "percentile" : {
            "1.000000" : 1003520,
            "5.000000" : 1204224,
            "10.000000" : 1318912,
            "20.000000" : 1482752,
            "30.000000" : 1662976,
            "40.000000" : 1859584,
            "50.000000" : 2088960,
            "60.000000" : 2375680,
            "70.000000" : 2736128,
            "80.000000" : 3194880,
            "90.000000" : 3915776,
            "95.000000" : 4620288,
            "99.000000" : 7110656,
            "99.500000" : 10682368,
            "99.900000" : 24772608,
            "99.950000" : 34340864,
            "99.990000" : 65798144
          }
        }
      },
      "job_runtime" : 3840234,
      "usr_cpu" : 0.357426,
      "sys_cpu" : 5.782747,
      "ctx" : 8416587,
      "majf" : 0,
      "minf" : 2341,
      "iodepth_level" : {
        "1" : 199.999935,
        "2" : 0.000000,
        "4" : 0.000000,
        "8" : 0.000000,
        "16" : 0.000000,
        "32" : 0.000000,
        ">=64" : 0.000000
      },
      "iodepth_submit" : {
        "0" : 0.000000,
        "4" : 100.000000,
        "8" : 0.000000,
        "16" : 0.000000,
        "32" : 0.000000,
        "64" : 0.000000,
        ">=64" : 0.000000
      },
      "iodepth_complete" : {
        "0" : 0.000000,
        "4" : 100.000000,
        "8" : 0.000000,
        "16" : 0.000000,
        "32" : 0.000000,
        "64" : 0.000000,
        ">=64" : 0.000000
      },
      "latency_ns" : {
        "2" : 0.000000,
        "4" : 0.000000,
        "10" : 0.000000,
        "20" : 0.000000,
        "50" : 0.000000,
        "100" : 0.000000,
        "250" : 0.000000,
        "500" : 0.000000,
        "750" : 0.000000,
        "1000" : 0.000000
      },
      "latency_us" : {
        "2" : 0.000000,
        "4" : 0.010000,
        "10" : 49.187585,
        "20" : 41.042100,
        "50" : 7.409511,
        "100" : 1.837366,
        "250" : 0.448884,
        "500" : 0.055427,
        "750" : 0.010000,
        "1000" : 0.010000
      },
      "latency_ms" : {
        "2" : 0.010000,
        "4" : 0.010000,
        "10" : 0.000000,
        "20" : 0.000000,
        "50" : 0.000000,
        "100" : 0.000000,
        "250" : 0.000000,
        "500" : 0.000000,
        "750" : 0.000000,
        "1000" : 0.000000,
        "2000" : 0.000000,
        ">=2000" : 0.000000
      },
      "latency_depth" : 1,
      "latency_target" : 0,
      "latency_percentile" : 100.000000,
      "latency_window" : 0
    }
  ]
}
