{
  "fio version" : "fio-3.36",
  "timestamp" : 1733289883,
  "timestamp_ms" : 1733289883983,
  "time" : "Wed Dec  4 05:24:43 2024",
  "jobs" : [
    {
      "jobname" : "ROLLBACCINE_read_direct1_fsync0_threads_32_2e0d",
      "groupid" : 0,
      "job_start" : 1733289823960,
      "error" : 0,
      "eta" : 0,
      "elapsed" : 91,
      "job options" : {
        "name" : "ROLLBACCINE_read_direct1_fsync0_threads_32_2e0d",
        "rw" : "read",
        "direct" : "1",
        "filename" : "/dev/mapper/rollbaccine1",
        "numjobs" : "32",
        "fsync" : "0",
        "bs" : "4k",
        "ramp_time" : "30",
        "runtime" : "60",
        "iodepth" : "1",
        "end_fsync" : "1"
      },
      "read" : {
        "io_bytes" : 17667989504,
        "io_kbytes" : 17253896,
        "bw_bytes" : 294456676,
        "bw" : 287555,
        "iops" : 71888.837039,
        "runtime" : 60002,
        "total_ios" : 4313474,
        "short_ios" : 0,
        "drop_ios" : 0,
        "slat_ns" : {
          "min" : 0,
          "max" : 0,
          "mean" : 0.000000,
          "stddev" : 0.000000,
          "N" : 0
        },
        "clat_ns" : {
          "min" : 115902,
          "max" : 77305943,
          "mean" : 444118.869802,
          "stddev" : 1057378.742046,
          "N" : 4313474,
          "percentile" : {
            "1.000000" : 166912,
            "5.000000" : 183296,
            "10.000000" : 193536,
            "20.000000" : 207872,
            "30.000000" : 220160,
            "40.000000" : 236544,
            "50.000000" : 261120,
            "60.000000" : 378880,
            "70.000000" : 501760,
            "80.000000" : 569344,
            "90.000000" : 634880,
            "95.000000" : 700416,
            "99.000000" : 2473984,
            "99.500000" : 4620288,
            "99.900000" : 17694720,
            "99.950000" : 20578304,
            "99.990000" : 40632320
          }
        },
        "lat_ns" : {
          "min" : 116002,
          "max" : 77306043,
          "mean" : 444212.369548,
          "stddev" : 1057378.025957,
          "N" : 4313474
        },
        "bw_min" : 182256,
        "bw_max" : 365031,
        "bw_agg" : 99.993272,
        "bw_mean" : 287536.882353,
        "bw_dev" : 926.311435,
        "bw_samples" : 3808,
        "iops_min" : 45564,
        "iops_max" : 91254,
        "iops_mean" : 71882.184874,
        "iops_stddev" : 231.567388,
        "iops_samples" : 3808
      },
      "write" : {
        "io_bytes" : 0,
        "io_kbytes" : 0,
        "bw_bytes" : 0,
        "bw" : 0,
        "iops" : 0.000000,
        "runtime" : 0,
        "total_ios" : 0,
        "short_ios" : 0,
        "drop_ios" : 0,
        "slat_ns" : {
          "min" : 0,
          "max" : 0,
          "mean" : 0.000000,
          "stddev" : 0.000000,
          "N" : 0
        },
        "clat_ns" : {
          "min" : 0,
          "max" : 0,
          "mean" : 0.000000,
          "stddev" : 0.000000,
          "N" : 0
        },
        "lat_ns" : {
          "min" : 0,
          "max" : 0,
          "mean" : 0.000000,
          "stddev" : 0.000000,
          "N" : 0
        },
        "bw_min" : 0,
        "bw_max" : 0,
        "bw_agg" : 0.000000,
        "bw_mean" : 0.000000,
        "bw_dev" : 0.000000,
        "bw_samples" : 0,
        "iops_min" : 0,
        "iops_max" : 0,
        "iops_mean" : 0.000000,
        "iops_stddev" : 0.000000,
        "iops_samples" : 0
      },
      "trim" : {
        "io_bytes" : 0,
        "io_kbytes" : 0,
        "bw_bytes" : 0,
        "bw" : 0,
        "iops" : 0.000000,
        "runtime" : 0,
        "total_ios" : 0,
        "short_ios" : 0,
        "drop_ios" : 0,
        "slat_ns" : {
          "min" : 0,
          "max" : 0,
          "mean" : 0.000000,
          "stddev" : 0.000000,
          "N" : 0
        },
        "clat_ns" : {
          "min" : 0,
          "max" : 0,
          "mean" : 0.000000,
          "stddev" : 0.000000,
          "N" : 0
        },
        "lat_ns" : {
          "min" : 0,
          "max" : 0,
          "mean" : 0.000000,
          "stddev" : 0.000000,
          "N" : 0
        },
        "bw_min" : 0,
        "bw_max" : 0,
        "bw_agg" : 0.000000,
        "bw_mean" : 0.000000,
        "bw_dev" : 0.000000,
        "bw_samples" : 0,
        "iops_min" : 0,
        "iops_max" : 0,
        "iops_mean" : 0.000000,
        "iops_stddev" : 0.000000,
        "iops_samples" : 0
      },
      "sync" : {
        "total_ios" : 0,
        "lat_ns" : {
          "min" : 0,
          "max" : 0,
          "mean" : 0.000000,
          "stddev" : 0.000000,
          "N" : 0
        }
      },
      "job_runtime" : 1920012,
      "usr_cpu" : 1.268638,
      "sys_cpu" : 5.680537,
      "ctx" : 4314019,
      "majf" : 0,
      "minf" : 1165,
      "iodepth_level" : {
        "1" : 100.000000,
        "2" : 0.000000,
        "4" : 0.000000,
        "8" : 0.000000,
        "16" : 0.000000,
        "32" : 0.000000,
        ">=64" : 0.000000
      },
      "iodepth_submit" : {
        "0" : 0.000000,
        "4" : 100.000000,
        "8" : 0.000000,
        "16" : 0.000000,
        "32" : 0.000000,
        "64" : 0.000000,
        ">=64" : 0.000000
      },
      "iodepth_complete" : {
        "0" : 0.000000,
        "4" : 100.000000,
        "8" : 0.000000,
        "16" : 0.000000,
        "32" : 0.000000,
        "64" : 0.000000,
        ">=64" : 0.000000
      },
      "latency_ns" : {
        "2" : 0.000000,
        "4" : 0.000000,
        "10" : 0.000000,
        "20" : 0.000000,
        "50" : 0.000000,
        "100" : 0.000000,
        "250" : 0.000000,
        "500" : 0.000000,
        "750" : 0.000000,
        "1000" : 0.000000
      },
      "latency_us" : {
        "2" : 0.000000,
        "4" : 0.000000,
        "10" : 0.000000,
        "20" : 0.000000,
        "50" : 0.000000,
        "100" : 0.000000,
        "250" : 46.526535,
        "500" : 23.116031,
        "750" : 27.063986,
        "1000" : 1.187233
      },
      "latency_ms" : {
        "2" : 0.939359,
        "4" : 0.548676,
        "10" : 0.406934,
        "20" : 0.150830,
        "50" : 0.056196,
        "100" : 0.010000,
        "250" : 0.000000,
        "500" : 0.000000,
        "750" : 0.000000,
        "1000" : 0.000000,
        "2000" : 0.000000,
        ">=2000" : 0.000000
      },
      "latency_depth" : 1,
      "latency_target" : 0,
      "latency_percentile" : 100.000000,
      "latency_window" : 0
    }
  ]
}
