{
  "fio version" : "fio-3.36",
  "timestamp" : 1733291084,
  "timestamp_ms" : 1733291084977,
  "time" : "Wed Dec  4 05:44:44 2024",
  "jobs" : [
    {
      "jobname" : "ROLLBACCINE_write_direct1_fsync1_threads_256_925c",
      "groupid" : 0,
      "job_start" : 1733291024890,
      "error" : 0,
      "eta" : 0,
      "elapsed" : 91,
      "job options" : {
        "name" : "ROLLBACCINE_write_direct1_fsync1_threads_256_925c",
        "rw" : "write",
        "direct" : "1",
        "filename" : "/dev/mapper/rollbaccine1",
        "numjobs" : "256",
        "fsync" : "1",
        "bs" : "4k",
        "ramp_time" : "30",
        "runtime" : "60",
        "iodepth" : "1",
        "end_fsync" : "1"
      },
      "read" : {
        "io_bytes" : 0,
        "io_kbytes" : 0,
        "bw_bytes" : 0,
        "bw" : 0,
        "iops" : 0.000000,
        "runtime" : 0,
        "total_ios" : 0,
        "short_ios" : 0,
        "drop_ios" : 0,
        "slat_ns" : {
          "min" : 0,
          "max" : 0,
          "mean" : 0.000000,
          "stddev" : 0.000000,
          "N" : 0
        },
        "clat_ns" : {
          "min" : 0,
          "max" : 0,
          "mean" : 0.000000,
          "stddev" : 0.000000,
          "N" : 0
        },
        "lat_ns" : {
          "min" : 0,
          "max" : 0,
          "mean" : 0.000000,
          "stddev" : 0.000000,
          "N" : 0
        },
        "bw_min" : 0,
        "bw_max" : 0,
        "bw_agg" : 0.000000,
        "bw_mean" : 0.000000,
        "bw_dev" : 0.000000,
        "bw_samples" : 0,
        "iops_min" : 0,
        "iops_max" : 0,
        "iops_mean" : 0.000000,
        "iops_stddev" : 0.000000,
        "iops_samples" : 0
      },
      "write" : {
        "io_bytes" : 10804236288,
        "io_kbytes" : 10551012,
        "bw_bytes" : 179941646,
        "bw" : 175724,
        "iops" : 43931.066069,
        "runtime" : 60043,
        "total_ios" : 2637753,
        "short_ios" : 0,
        "drop_ios" : 0,
        "slat_ns" : {
          "min" : 0,
          "max" : 0,
          "mean" : 0.000000,
          "stddev" : 0.000000,
          "N" : 0
        },
        "clat_ns" : {
          "min" : 70301,
          "max" : 102623853,
          "mean" : 4296273.083708,
          "stddev" : 6631159.399339,
          "N" : 2637753,
          "percentile" : {
            "1.000000" : 154624,
            "5.000000" : 201728,
            "10.000000" : 240640,
            "20.000000" : 313344,
            "30.000000" : 391168,
            "40.000000" : 489472,
            "50.000000" : 643072,
            "60.000000" : 937984,
            "70.000000" : 1843200,
            "80.000000" : 11599872,
            "90.000000" : 14483456,
            "95.000000" : 16318464,
            "99.000000" : 26083328,
            "99.500000" : 28966912,
            "99.900000" : 40632320,
            "99.950000" : 50593792,
            "99.990000" : 80216064
          }
        },
        "lat_ns" : {
          "min" : 70901,
          "max" : 102624053,
          "mean" : 4296577.272402,
          "stddev" : 6631138.995535,
          "N" : 2637753
        },
        "bw_min" : 114448,
        "bw_max" : 238516,
        "bw_agg" : 100.000000,
        "bw_mean" : 175950.487395,
        "bw_dev" : 91.703019,
        "bw_samples" : 30464,
        "iops_min" : 28599,
        "iops_max" : 59597,
        "iops_mean" : 43953.210084,
        "iops_stddev" : 22.918401,
        "iops_samples" : 30464
      },
      "trim" : {
        "io_bytes" : 0,
        "io_kbytes" : 0,
        "bw_bytes" : 0,
        "bw" : 0,
        "iops" : 0.000000,
        "runtime" : 0,
        "total_ios" : 0,
        "short_ios" : 0,
        "drop_ios" : 0,
        "slat_ns" : {
          "min" : 0,
          "max" : 0,
          "mean" : 0.000000,
          "stddev" : 0.000000,
          "N" : 0
        },
        "clat_ns" : {
          "min" : 0,
          "max" : 0,
          "mean" : 0.000000,
          "stddev" : 0.000000,
          "N" : 0
        },
        "lat_ns" : {
          "min" : 0,
          "max" : 0,
          "mean" : 0.000000,
          "stddev" : 0.000000,
          "N" : 0
        },
        "bw_min" : 0,
        "bw_max" : 0,
        "bw_agg" : 0.000000,
        "bw_mean" : 0.000000,
        "bw_dev" : 0.000000,
        "bw_samples" : 0,
        "iops_min" : 0,
        "iops_max" : 0,
        "iops_mean" : 0.000000,
        "iops_stddev" : 0.000000,
        "iops_samples" : 0
      },
      "sync" : {
        "total_ios" : 2637572,
        "lat_ns" : {
          "min" : 265703,
          "max" : 69786252,
          "mean" : 1524141.984473,
          "stddev" : 2293994.960398,
          "N" : 2637572,
          "percentile" : {
            "1.000000" : 561152,
            "5.000000" : 667648,
            "10.000000" : 733184,
            "20.000000" : 815104,
            "30.000000" : 888832,
            "40.000000" : 954368,
            "50.000000" : 1028096,
            "60.000000" : 1122304,
            "70.000000" : 1220608,
            "80.000000" : 1400832,
            "90.000000" : 1826816,
            "95.000000" : 2834432,
            "99.000000" : 13959168,
            "99.500000" : 15400960,
            "99.900000" : 19529728,
            "99.950000" : 24772608,
            "99.990000" : 44302336
          }
        }
      },
      "job_runtime" : 15362424,
      "usr_cpu" : 0.147731,
      "sys_cpu" : 1.892325,
      "ctx" : 8356490,
      "majf" : 0,
      "minf" : 9448,
      "iodepth_level" : {
        "1" : 199.993138,
        "2" : 0.000000,
        "4" : 0.000000,
        "8" : 0.000000,
        "16" : 0.000000,
        "32" : 0.000000,
        ">=64" : 0.000000
      },
      "iodepth_submit" : {
        "0" : 0.000000,
        "4" : 100.000000,
        "8" : 0.000000,
        "16" : 0.000000,
        "32" : 0.000000,
        "64" : 0.000000,
        ">=64" : 0.000000
      },
      "iodepth_complete" : {
        "0" : 0.000000,
        "4" : 100.000000,
        "8" : 0.000000,
        "16" : 0.000000,
        "32" : 0.000000,
        "64" : 0.000000,
        ">=64" : 0.000000
      },
      "latency_ns" : {
        "2" : 0.000000,
        "4" : 0.000000,
        "10" : 0.000000,
        "20" : 0.000000,
        "50" : 0.000000,
        "100" : 0.000000,
        "250" : 0.000000,
        "500" : 0.000000,
        "750" : 0.000000,
        "1000" : 0.000000
      },
      "latency_us" : {
        "2" : 0.000000,
        "4" : 0.000000,
        "10" : 0.000000,
        "20" : 0.000000,
        "50" : 0.000000,
        "100" : 0.011639,
        "250" : 11.226298,
        "500" : 29.600649,
        "750" : 13.876849,
        "1000" : 6.496931
      },
      "latency_ms" : {
        "2" : 9.459453,
        "4" : 2.030478,
        "10" : 3.927889,
        "20" : 21.053867,
        "50" : 2.264617,
        "100" : 0.050801,
        "250" : 0.010000,
        "500" : 0.000000,
        "750" : 0.000000,
        "1000" : 0.000000,
        "2000" : 0.000000,
        ">=2000" : 0.000000
      },
      "latency_depth" : 1,
      "latency_target" : 0,
      "latency_percentile" : 100.000000,
      "latency_window" : 0
    }
  ]
}
