{
  "fio version" : "fio-3.36",
  "timestamp" : 1733209745,
  "timestamp_ms" : 1733209745860,
  "time" : "Tue Dec  3 07:09:05 2024",
  "jobs" : [
    {
      "jobname" : "seq_write_direct1_fsync1",
      "groupid" : 0,
      "job_start" : 1733209715806,
      "error" : 0,
      "eta" : 0,
      "elapsed" : 91,
      "job options" : {
        "name" : "seq_write_direct1_fsync1",
        "rw" : "write",
        "direct" : "1",
        "bs" : "4k",
        "runtime" : "30",
        "ramp_time" : "60",
        "filename" : "/dev/mapper/rollbaccine1",
        "iodepth" : "1",
        "numjobs" : "8",
        "fsync" : "1",
        "end_fsync" : "1"
      },
      "read" : {
        "io_bytes" : 0,
        "io_kbytes" : 0,
        "bw_bytes" : 0,
        "bw" : 0,
        "iops" : 0.000000,
        "runtime" : 0,
        "total_ios" : 0,
        "short_ios" : 0,
        "drop_ios" : 0,
        "slat_ns" : {
          "min" : 0,
          "max" : 0,
          "mean" : 0.000000,
          "stddev" : 0.000000,
          "N" : 0
        },
        "clat_ns" : {
          "min" : 0,
          "max" : 0,
          "mean" : 0.000000,
          "stddev" : 0.000000,
          "N" : 0
        },
        "lat_ns" : {
          "min" : 0,
          "max" : 0,
          "mean" : 0.000000,
          "stddev" : 0.000000,
          "N" : 0
        },
        "bw_min" : 0,
        "bw_max" : 0,
        "bw_agg" : 0.000000,
        "bw_mean" : 0.000000,
        "bw_dev" : 0.000000,
        "bw_samples" : 0,
        "iops_min" : 0,
        "iops_max" : 0,
        "iops_mean" : 0.000000,
        "iops_stddev" : 0.000000,
        "iops_samples" : 0
      },
      "write" : {
        "io_bytes" : 1230405632,
        "io_kbytes" : 1201568,
        "bw_bytes" : 40954819,
        "bw" : 39994,
        "iops" : 9998.735146,
        "runtime" : 30043,
        "total_ios" : 300392,
        "short_ios" : 0,
        "drop_ios" : 0,
        "slat_ns" : {
          "min" : 0,
          "max" : 0,
          "mean" : 0.000000,
          "stddev" : 0.000000,
          "N" : 0
        },
        "clat_ns" : {
          "min" : 81301,
          "max" : 59034848,
          "mean" : 214862.681170,
          "stddev" : 419854.884949,
          "N" : 300392,
          "percentile" : {
            "1.000000" : 117248,
            "5.000000" : 129536,
            "10.000000" : 138240,
            "20.000000" : 148480,
            "30.000000" : 158720,
            "40.000000" : 168960,
            "50.000000" : 179200,
            "60.000000" : 189440,
            "70.000000" : 205824,
            "80.000000" : 226304,
            "90.000000" : 264192,
            "95.000000" : 309248,
            "99.000000" : 970752,
            "99.500000" : 1449984,
            "99.900000" : 3817472,
            "99.950000" : 4947968,
            "99.990000" : 17956864
          }
        },
        "lat_ns" : {
          "min" : 81501,
          "max" : 59034948,
          "mean" : 215116.597756,
          "stddev" : 419856.190313,
          "N" : 300392
        },
        "bw_min" : 32261,
        "bw_max" : 44744,
        "bw_agg" : 100.000000,
        "bw_mean" : 40075.875424,
        "bw_dev" : 320.392598,
        "bw_samples" : 478,
        "iops_min" : 8063,
        "iops_max" : 11186,
        "iops_mean" : 10018.341243,
        "iops_stddev" : 80.107203,
        "iops_samples" : 478
      },
      "trim" : {
        "io_bytes" : 0,
        "io_kbytes" : 0,
        "bw_bytes" : 0,
        "bw" : 0,
        "iops" : 0.000000,
        "runtime" : 0,
        "total_ios" : 0,
        "short_ios" : 0,
        "drop_ios" : 0,
        "slat_ns" : {
          "min" : 0,
          "max" : 0,
          "mean" : 0.000000,
          "stddev" : 0.000000,
          "N" : 0
        },
        "clat_ns" : {
          "min" : 0,
          "max" : 0,
          "mean" : 0.000000,
          "stddev" : 0.000000,
          "N" : 0
        },
        "lat_ns" : {
          "min" : 0,
          "max" : 0,
          "mean" : 0.000000,
          "stddev" : 0.000000,
          "N" : 0
        },
        "bw_min" : 0,
        "bw_max" : 0,
        "bw_agg" : 0.000000,
        "bw_mean" : 0.000000,
        "bw_dev" : 0.000000,
        "bw_samples" : 0,
        "iops_min" : 0,
        "iops_max" : 0,
        "iops_mean" : 0.000000,
        "iops_stddev" : 0.000000,
        "iops_samples" : 0
      },
      "sync" : {
        "total_ios" : 300389,
        "lat_ns" : {
          "min" : 223202,
          "max" : 7224967,
          "mean" : 581547.256294,
          "stddev" : 303951.751619,
          "N" : 300389,
          "percentile" : {
            "1.000000" : 329728,
            "5.000000" : 374784,
            "10.000000" : 403456,
            "20.000000" : 444416,
            "30.000000" : 477184,
            "40.000000" : 505856,
            "50.000000" : 536576,
            "60.000000" : 561152,
            "70.000000" : 593920,
            "80.000000" : 643072,
            "90.000000" : 724992,
            "95.000000" : 839680,
            "99.000000" : 1777664,
            "99.500000" : 2375680,
            "99.900000" : 4620288,
            "99.950000" : 5079040,
            "99.990000" : 5603328
          }
        }
      },
      "job_runtime" : 240127,
      "usr_cpu" : 1.513366,
      "sys_cpu" : 8.627934,
      "ctx" : 602864,
      "majf" : 0,
      "minf" : 291,
      "iodepth_level" : {
        "1" : 199.999001,
        "2" : 0.000000,
        "4" : 0.000000,
        "8" : 0.000000,
        "16" : 0.000000,
        "32" : 0.000000,
        ">=64" : 0.000000
      },
      "iodepth_submit" : {
        "0" : 0.000000,
        "4" : 100.000000,
        "8" : 0.000000,
        "16" : 0.000000,
        "32" : 0.000000,
        "64" : 0.000000,
        ">=64" : 0.000000
      },
      "iodepth_complete" : {
        "0" : 0.000000,
        "4" : 100.000000,
        "8" : 0.000000,
        "16" : 0.000000,
        "32" : 0.000000,
        "64" : 0.000000,
        ">=64" : 0.000000
      },
      "latency_ns" : {
        "2" : 0.000000,
        "4" : 0.000000,
        "10" : 0.000000,
        "20" : 0.000000,
        "50" : 0.000000,
        "100" : 0.000000,
        "250" : 0.000000,
        "500" : 0.000000,
        "750" : 0.000000,
        "1000" : 0.000000
      },
      "latency_us" : {
        "2" : 0.000000,
        "4" : 0.000000,
        "10" : 0.000000,
        "20" : 0.000000,
        "50" : 0.000000,
        "100" : 0.061253,
        "250" : 87.329889,
        "500" : 10.613132,
        "750" : 0.674785,
        "1000" : 0.349210
      },
      "latency_ms" : {
        "2" : 0.712402,
        "4" : 0.168779,
        "10" : 0.065581,
        "20" : 0.017977,
        "50" : 0.010000,
        "100" : 0.010000,
        "250" : 0.000000,
        "500" : 0.000000,
        "750" : 0.000000,
        "1000" : 0.000000,
        "2000" : 0.000000,
        ">=2000" : 0.000000
      },
      "latency_depth" : 1,
      "latency_target" : 0,
      "latency_percentile" : 100.000000,
      "latency_window" : 0
    }
  ]
}
