{
  "fio version" : "fio-3.36",
  "timestamp" : 1733209475,
  "timestamp_ms" : 1733209475037,
  "time" : "Tue Dec  3 07:04:35 2024",
  "jobs" : [
    {
      "jobname" : "seq_write_direct1_fsync1",
      "groupid" : 0,
      "job_start" : 1733209445023,
      "error" : 0,
      "eta" : 0,
      "elapsed" : 91,
      "job options" : {
        "name" : "seq_write_direct1_fsync1",
        "rw" : "write",
        "direct" : "1",
        "bs" : "4k",
        "runtime" : "30",
        "ramp_time" : "60",
        "filename" : "/dev/mapper/rollbaccine1",
        "iodepth" : "1",
        "numjobs" : "1",
        "fsync" : "1",
        "end_fsync" : "1"
      },
      "read" : {
        "io_bytes" : 0,
        "io_kbytes" : 0,
        "bw_bytes" : 0,
        "bw" : 0,
        "iops" : 0.000000,
        "runtime" : 0,
        "total_ios" : 0,
        "short_ios" : 0,
        "drop_ios" : 0,
        "slat_ns" : {
          "min" : 0,
          "max" : 0,
          "mean" : 0.000000,
          "stddev" : 0.000000,
          "N" : 0
        },
        "clat_ns" : {
          "min" : 0,
          "max" : 0,
          "mean" : 0.000000,
          "stddev" : 0.000000,
          "N" : 0
        },
        "lat_ns" : {
          "min" : 0,
          "max" : 0,
          "mean" : 0.000000,
          "stddev" : 0.000000,
          "N" : 0
        },
        "bw_min" : 0,
        "bw_max" : 0,
        "bw_agg" : 0.000000,
        "bw_mean" : 0.000000,
        "bw_dev" : 0.000000,
        "bw_samples" : 0,
        "iops_min" : 0,
        "iops_max" : 0,
        "iops_mean" : 0.000000,
        "iops_stddev" : 0.000000,
        "iops_samples" : 0
      },
      "write" : {
        "io_bytes" : 193511424,
        "io_kbytes" : 188976,
        "bw_bytes" : 6450165,
        "bw" : 6298,
        "iops" : 1574.747508,
        "runtime" : 30001,
        "total_ios" : 47244,
        "short_ios" : 0,
        "drop_ios" : 0,
        "slat_ns" : {
          "min" : 0,
          "max" : 0,
          "mean" : 0.000000,
          "stddev" : 0.000000,
          "N" : 0
        },
        "clat_ns" : {
          "min" : 87101,
          "max" : 6251357,
          "mean" : 206811.921599,
          "stddev" : 184329.387565,
          "N" : 47244,
          "percentile" : {
            "1.000000" : 115200,
            "5.000000" : 124416,
            "10.000000" : 132096,
            "20.000000" : 144384,
            "30.000000" : 150528,
            "40.000000" : 154624,
            "50.000000" : 160768,
            "60.000000" : 173056,
            "70.000000" : 187392,
            "80.000000" : 216064,
            "90.000000" : 284672,
            "95.000000" : 391168,
            "99.000000" : 1028096,
            "99.500000" : 1384448,
            "99.900000" : 2146304,
            "99.950000" : 2834432,
            "99.990000" : 4947968
          }
        },
        "lat_ns" : {
          "min" : 87201,
          "max" : 6251657,
          "mean" : 206962.434997,
          "stddev" : 184329.628144,
          "N" : 47244
        },
        "bw_min" : 4864,
        "bw_max" : 7494,
        "bw_agg" : 100.000000,
        "bw_mean" : 6300.900000,
        "bw_dev" : 607.044066,
        "bw_samples" : 60,
        "iops_min" : 1216,
        "iops_max" : 1873,
        "iops_mean" : 1575.200000,
        "iops_stddev" : 151.742958,
        "iops_samples" : 60
      },
      "trim" : {
        "io_bytes" : 0,
        "io_kbytes" : 0,
        "bw_bytes" : 0,
        "bw" : 0,
        "iops" : 0.000000,
        "runtime" : 0,
        "total_ios" : 0,
        "short_ios" : 0,
        "drop_ios" : 0,
        "slat_ns" : {
          "min" : 0,
          "max" : 0,
          "mean" : 0.000000,
          "stddev" : 0.000000,
          "N" : 0
        },
        "clat_ns" : {
          "min" : 0,
          "max" : 0,
          "mean" : 0.000000,
          "stddev" : 0.000000,
          "N" : 0
        },
        "lat_ns" : {
          "min" : 0,
          "max" : 0,
          "mean" : 0.000000,
          "stddev" : 0.000000,
          "N" : 0
        },
        "bw_min" : 0,
        "bw_max" : 0,
        "bw_agg" : 0.000000,
        "bw_mean" : 0.000000,
        "bw_dev" : 0.000000,
        "bw_samples" : 0,
        "iops_min" : 0,
        "iops_max" : 0,
        "iops_mean" : 0.000000,
        "iops_stddev" : 0.000000,
        "iops_samples" : 0
      },
      "sync" : {
        "total_ios" : 47243,
        "lat_ns" : {
          "min" : 229502,
          "max" : 5417850,
          "mean" : 426486.467074,
          "stddev" : 245252.464097,
          "N" : 47243,
          "percentile" : {
            "1.000000" : 288768,
            "5.000000" : 309248,
            "10.000000" : 317440,
            "20.000000" : 329728,
            "30.000000" : 337920,
            "40.000000" : 350208,
            "50.000000" : 358400,
            "60.000000" : 370688,
            "70.000000" : 391168,
            "80.000000" : 432128,
            "90.000000" : 561152,
            "95.000000" : 798720,
            "99.000000" : 1531904,
            "99.500000" : 1843200,
            "99.900000" : 3031040,
            "99.950000" : 3981312,
            "99.990000" : 4292608
          }
        }
      },
      "job_runtime" : 30000,
      "usr_cpu" : 1.560000,
      "sys_cpu" : 8.933333,
      "ctx" : 94590,
      "majf" : 0,
      "minf" : 36,
      "iodepth_level" : {
        "1" : 199.997883,
        "2" : 0.000000,
        "4" : 0.000000,
        "8" : 0.000000,
        "16" : 0.000000,
        "32" : 0.000000,
        ">=64" : 0.000000
      },
      "iodepth_submit" : {
        "0" : 0.000000,
        "4" : 100.000000,
        "8" : 0.000000,
        "16" : 0.000000,
        "32" : 0.000000,
        "64" : 0.000000,
        ">=64" : 0.000000
      },
      "iodepth_complete" : {
        "0" : 0.000000,
        "4" : 100.000000,
        "8" : 0.000000,
        "16" : 0.000000,
        "32" : 0.000000,
        "64" : 0.000000,
        ">=64" : 0.000000
      },
      "latency_ns" : {
        "2" : 0.000000,
        "4" : 0.000000,
        "10" : 0.000000,
        "20" : 0.000000,
        "50" : 0.000000,
        "100" : 0.000000,
        "250" : 0.000000,
        "500" : 0.000000,
        "750" : 0.000000,
        "1000" : 0.000000
      },
      "latency_us" : {
        "2" : 0.000000,
        "4" : 0.000000,
        "10" : 0.000000,
        "20" : 0.000000,
        "50" : 0.000000,
        "100" : 0.023283,
        "250" : 86.482940,
        "500" : 9.977987,
        "750" : 1.655237,
        "1000" : 0.804335
      },
      "latency_ms" : {
        "2" : 0.941919,
        "4" : 0.088900,
        "10" : 0.025400,
        "20" : 0.000000,
        "50" : 0.000000,
        "100" : 0.000000,
        "250" : 0.000000,
        "500" : 0.000000,
        "750" : 0.000000,
        "1000" : 0.000000,
        "2000" : 0.000000,
        ">=2000" : 0.000000
      },
      "latency_depth" : 1,
      "latency_target" : 0,
      "latency_percentile" : 100.000000,
      "latency_window" : 0
    }
  ]
}
