{
  "fio version" : "fio-3.36",
  "timestamp" : 1733211826,
  "timestamp_ms" : 1733211826643,
  "time" : "Tue Dec  3 07:43:46 2024",
  "jobs" : [
    {
      "jobname" : "rand_write_direct1_fsync1",
      "groupid" : 0,
      "job_start" : 1733211796578,
      "error" : 0,
      "eta" : 0,
      "elapsed" : 91,
      "job options" : {
        "name" : "rand_write_direct1_fsync1",
        "rw" : "randwrite",
        "direct" : "1",
        "bs" : "4k",
        "runtime" : "30",
        "ramp_time" : "60",
        "filename" : "/dev/mapper/rollbaccine1",
        "iodepth" : "1",
        "numjobs" : "16",
        "fsync" : "1",
        "end_fsync" : "1"
      },
      "read" : {
        "io_bytes" : 0,
        "io_kbytes" : 0,
        "bw_bytes" : 0,
        "bw" : 0,
        "iops" : 0.000000,
        "runtime" : 0,
        "total_ios" : 0,
        "short_ios" : 0,
        "drop_ios" : 0,
        "slat_ns" : {
          "min" : 0,
          "max" : 0,
          "mean" : 0.000000,
          "stddev" : 0.000000,
          "N" : 0
        },
        "clat_ns" : {
          "min" : 0,
          "max" : 0,
          "mean" : 0.000000,
          "stddev" : 0.000000,
          "N" : 0
        },
        "lat_ns" : {
          "min" : 0,
          "max" : 0,
          "mean" : 0.000000,
          "stddev" : 0.000000,
          "N" : 0
        },
        "bw_min" : 0,
        "bw_max" : 0,
        "bw_agg" : 0.000000,
        "bw_mean" : 0.000000,
        "bw_dev" : 0.000000,
        "bw_samples" : 0,
        "iops_min" : 0,
        "iops_max" : 0,
        "iops_mean" : 0.000000,
        "iops_stddev" : 0.000000,
        "iops_samples" : 0
      },
      "write" : {
        "io_bytes" : 2154541056,
        "io_kbytes" : 2104044,
        "bw_bytes" : 71715243,
        "bw" : 70034,
        "iops" : 17508.604334,
        "runtime" : 30043,
        "total_ios" : 526011,
        "short_ios" : 0,
        "drop_ios" : 0,
        "slat_ns" : {
          "min" : 0,
          "max" : 0,
          "mean" : 0.000000,
          "stddev" : 0.000000,
          "N" : 0
        },
        "clat_ns" : {
          "min" : 84200,
          "max" : 87262005,
          "mean" : 270695.868294,
          "stddev" : 696565.706853,
          "N" : 526011,
          "percentile" : {
            "1.000000" : 125440,
            "5.000000" : 142336,
            "10.000000" : 154624,
            "20.000000" : 173056,
            "30.000000" : 189440,
            "40.000000" : 205824,
            "50.000000" : 224256,
            "60.000000" : 242688,
            "70.000000" : 264192,
            "80.000000" : 296960,
            "90.000000" : 354304,
            "95.000000" : 432128,
            "99.000000" : 839680,
            "99.500000" : 1466368,
            "99.900000" : 5079040,
            "99.950000" : 11206656,
            "99.990000" : 28966912
          }
        },
        "lat_ns" : {
          "min" : 84400,
          "max" : 87262105,
          "mean" : 270955.944355,
          "stddev" : 696566.581504,
          "N" : 526011
        },
        "bw_min" : 55130,
        "bw_max" : 74698,
        "bw_agg" : 100.000000,
        "bw_mean" : 70269.422034,
        "bw_dev" : 212.415837,
        "bw_samples" : 946,
        "iops_min" : 13781,
        "iops_max" : 18674,
        "iops_mean" : 17567.030226,
        "iops_stddev" : 53.117275,
        "iops_samples" : 946
      },
      "trim" : {
        "io_bytes" : 0,
        "io_kbytes" : 0,
        "bw_bytes" : 0,
        "bw" : 0,
        "iops" : 0.000000,
        "runtime" : 0,
        "total_ios" : 0,
        "short_ios" : 0,
        "drop_ios" : 0,
        "slat_ns" : {
          "min" : 0,
          "max" : 0,
          "mean" : 0.000000,
          "stddev" : 0.000000,
          "N" : 0
        },
        "clat_ns" : {
          "min" : 0,
          "max" : 0,
          "mean" : 0.000000,
          "stddev" : 0.000000,
          "N" : 0
        },
        "lat_ns" : {
          "min" : 0,
          "max" : 0,
          "mean" : 0.000000,
          "stddev" : 0.000000,
          "N" : 0
        },
        "bw_min" : 0,
        "bw_max" : 0,
        "bw_agg" : 0.000000,
        "bw_mean" : 0.000000,
        "bw_dev" : 0.000000,
        "bw_samples" : 0,
        "iops_min" : 0,
        "iops_max" : 0,
        "iops_mean" : 0.000000,
        "iops_stddev" : 0.000000,
        "iops_samples" : 0
      },
      "sync" : {
        "total_ios" : 526007,
        "lat_ns" : {
          "min" : 264102,
          "max" : 6517360,
          "mean" : 638307.083649,
          "stddev" : 262302.042318,
          "N" : 526007,
          "percentile" : {
            "1.000000" : 391168,
            "5.000000" : 444416,
            "10.000000" : 473088,
            "20.000000" : 518144,
            "30.000000" : 544768,
            "40.000000" : 577536,
            "50.000000" : 602112,
            "60.000000" : 634880,
            "70.000000" : 659456,
            "80.000000" : 700416,
            "90.000000" : 774144,
            "95.000000" : 847872,
            "99.000000" : 1744896,
            "99.500000" : 2113536,
            "99.900000" : 4227072,
            "99.950000" : 4685824,
            "99.990000" : 5472256
          }
        }
      },
      "job_runtime" : 480046,
      "usr_cpu" : 1.317999,
      "sys_cpu" : 8.872900,
      "ctx" : 1063634,
      "majf" : 0,
      "minf" : 584,
      "iodepth_level" : {
        "1" : 199.999240,
        "2" : 0.000000,
        "4" : 0.000000,
        "8" : 0.000000,
        "16" : 0.000000,
        "32" : 0.000000,
        ">=64" : 0.000000
      },
      "iodepth_submit" : {
        "0" : 0.000000,
        "4" : 100.000000,
        "8" : 0.000000,
        "16" : 0.000000,
        "32" : 0.000000,
        "64" : 0.000000,
        ">=64" : 0.000000
      },
      "iodepth_complete" : {
        "0" : 0.000000,
        "4" : 100.000000,
        "8" : 0.000000,
        "16" : 0.000000,
        "32" : 0.000000,
        "64" : 0.000000,
        ">=64" : 0.000000
      },
      "latency_ns" : {
        "2" : 0.000000,
        "4" : 0.000000,
        "10" : 0.000000,
        "20" : 0.000000,
        "50" : 0.000000,
        "100" : 0.000000,
        "250" : 0.000000,
        "500" : 0.000000,
        "750" : 0.000000,
        "1000" : 0.000000
      },
      "latency_us" : {
        "2" : 0.000000,
        "4" : 0.000000,
        "10" : 0.000000,
        "20" : 0.000000,
        "50" : 0.000000,
        "100" : 0.018441,
        "250" : 63.527569,
        "500" : 33.400822,
        "750" : 1.895398,
        "1000" : 0.307978
      },
      "latency_ms" : {
        "2" : 0.536110,
        "4" : 0.167297,
        "10" : 0.089732,
        "20" : 0.033079,
        "50" : 0.019771,
        "100" : 0.010000,
        "250" : 0.000000,
        "500" : 0.000000,
        "750" : 0.000000,
        "1000" : 0.000000,
        "2000" : 0.000000,
        ">=2000" : 0.000000
      },
      "latency_depth" : 1,
      "latency_target" : 0,
      "latency_percentile" : 100.000000,
      "latency_window" : 0
    }
  ]
}
