{
  "fio version" : "fio-3.36",
  "timestamp" : 1733290899,
  "timestamp_ms" : 1733290899320,
  "time" : "Wed Dec  4 05:41:39 2024",
  "jobs" : [
    {
      "jobname" : "ROLLBACCINE_randwrite_direct1_fsync1_threads_64_caed",
      "groupid" : 0,
      "job_start" : 1733290839237,
      "error" : 0,
      "eta" : 0,
      "elapsed" : 91,
      "job options" : {
        "name" : "ROLLBACCINE_randwrite_direct1_fsync1_threads_64_caed",
        "rw" : "randwrite",
        "direct" : "1",
        "filename" : "/dev/mapper/rollbaccine1",
        "numjobs" : "64",
        "fsync" : "1",
        "bs" : "4k",
        "ramp_time" : "30",
        "runtime" : "60",
        "iodepth" : "1",
        "end_fsync" : "1"
      },
      "read" : {
        "io_bytes" : 0,
        "io_kbytes" : 0,
        "bw_bytes" : 0,
        "bw" : 0,
        "iops" : 0.000000,
        "runtime" : 0,
        "total_ios" : 0,
        "short_ios" : 0,
        "drop_ios" : 0,
        "slat_ns" : {
          "min" : 0,
          "max" : 0,
          "mean" : 0.000000,
          "stddev" : 0.000000,
          "N" : 0
        },
        "clat_ns" : {
          "min" : 0,
          "max" : 0,
          "mean" : 0.000000,
          "stddev" : 0.000000,
          "N" : 0
        },
        "lat_ns" : {
          "min" : 0,
          "max" : 0,
          "mean" : 0.000000,
          "stddev" : 0.000000,
          "N" : 0
        },
        "bw_min" : 0,
        "bw_max" : 0,
        "bw_agg" : 0.000000,
        "bw_mean" : 0.000000,
        "bw_dev" : 0.000000,
        "bw_samples" : 0,
        "iops_min" : 0,
        "iops_max" : 0,
        "iops_mean" : 0.000000,
        "iops_stddev" : 0.000000,
        "iops_samples" : 0
      },
      "write" : {
        "io_bytes" : 9346539520,
        "io_kbytes" : 9127480,
        "bw_bytes" : 155664099,
        "bw" : 152015,
        "iops" : 38003.930516,
        "runtime" : 60043,
        "total_ios" : 2281870,
        "short_ios" : 0,
        "drop_ios" : 0,
        "slat_ns" : {
          "min" : 0,
          "max" : 0,
          "mean" : 0.000000,
          "stddev" : 0.000000,
          "N" : 0
        },
        "clat_ns" : {
          "min" : 65801,
          "max" : 64751698,
          "mean" : 735637.148436,
          "stddev" : 1108810.337963,
          "N" : 2281870,
          "percentile" : {
            "1.000000" : 152576,
            "5.000000" : 193536,
            "10.000000" : 228352,
            "20.000000" : 284672,
            "30.000000" : 342016,
            "40.000000" : 399360,
            "50.000000" : 473088,
            "60.000000" : 569344,
            "70.000000" : 716800,
            "80.000000" : 1011712,
            "90.000000" : 1482752,
            "95.000000" : 2007040,
            "99.000000" : 3457024,
            "99.500000" : 4423680,
            "99.900000" : 13172736,
            "99.950000" : 22937600,
            "99.990000" : 39583744
          }
        },
        "lat_ns" : {
          "min" : 65901,
          "max" : 64751798,
          "mean" : 735907.660415,
          "stddev" : 1108813.749234,
          "N" : 2281870
        },
        "bw_min" : 115451,
        "bw_max" : 171972,
        "bw_agg" : 100.000000,
        "bw_mean" : 152174.882353,
        "bw_dev" : 167.876708,
        "bw_samples" : 7616,
        "iops_min" : 28862,
        "iops_max" : 42990,
        "iops_mean" : 38038.966387,
        "iops_stddev" : 41.963134,
        "iops_samples" : 7616
      },
      "trim" : {
        "io_bytes" : 0,
        "io_kbytes" : 0,
        "bw_bytes" : 0,
        "bw" : 0,
        "iops" : 0.000000,
        "runtime" : 0,
        "total_ios" : 0,
        "short_ios" : 0,
        "drop_ios" : 0,
        "slat_ns" : {
          "min" : 0,
          "max" : 0,
          "mean" : 0.000000,
          "stddev" : 0.000000,
          "N" : 0
        },
        "clat_ns" : {
          "min" : 0,
          "max" : 0,
          "mean" : 0.000000,
          "stddev" : 0.000000,
          "N" : 0
        },
        "lat_ns" : {
          "min" : 0,
          "max" : 0,
          "mean" : 0.000000,
          "stddev" : 0.000000,
          "N" : 0
        },
        "bw_min" : 0,
        "bw_max" : 0,
        "bw_agg" : 0.000000,
        "bw_mean" : 0.000000,
        "bw_dev" : 0.000000,
        "bw_samples" : 0,
        "iops_min" : 0,
        "iops_max" : 0,
        "iops_mean" : 0.000000,
        "iops_stddev" : 0.000000,
        "iops_samples" : 0
      },
      "sync" : {
        "total_ios" : 2281848,
        "lat_ns" : {
          "min" : 262904,
          "max" : 51062526,
          "mean" : 943400.027491,
          "stddev" : 666275.250018,
          "N" : 2281848,
          "percentile" : {
            "1.000000" : 518144,
            "5.000000" : 618496,
            "10.000000" : 667648,
            "20.000000" : 733184,
            "30.000000" : 790528,
            "40.000000" : 831488,
            "50.000000" : 872448,
            "60.000000" : 921600,
            "70.000000" : 970752,
            "80.000000" : 1036288,
            "90.000000" : 1155072,
            "95.000000" : 1335296,
            "99.000000" : 2605056,
            "99.500000" : 3653632,
            "99.900000" : 5341184,
            "99.950000" : 6193152,
            "99.990000" : 32636928
          }
        }
      },
      "job_runtime" : 3840069,
      "usr_cpu" : 0.567308,
      "sys_cpu" : 6.235383,
      "ctx" : 6253541,
      "majf" : 0,
      "minf" : 2336,
      "iodepth_level" : {
        "1" : 199.999036,
        "2" : 0.000000,
        "4" : 0.000000,
        "8" : 0.000000,
        "16" : 0.000000,
        "32" : 0.000000,
        ">=64" : 0.000000
      },
      "iodepth_submit" : {
        "0" : 0.000000,
        "4" : 100.000000,
        "8" : 0.000000,
        "16" : 0.000000,
        "32" : 0.000000,
        "64" : 0.000000,
        ">=64" : 0.000000
      },
      "iodepth_complete" : {
        "0" : 0.000000,
        "4" : 100.000000,
        "8" : 0.000000,
        "16" : 0.000000,
        "32" : 0.000000,
        "64" : 0.000000,
        ">=64" : 0.000000
      },
      "latency_ns" : {
        "2" : 0.000000,
        "4" : 0.000000,
        "10" : 0.000000,
        "20" : 0.000000,
        "50" : 0.000000,
        "100" : 0.000000,
        "250" : 0.000000,
        "500" : 0.000000,
        "750" : 0.000000,
        "1000" : 0.000000
      },
      "latency_us" : {
        "2" : 0.000000,
        "4" : 0.000000,
        "10" : 0.000000,
        "20" : 0.000000,
        "50" : 0.000000,
        "100" : 0.010000,
        "250" : 13.595998,
        "500" : 39.828474,
        "750" : 18.040160,
        "1000" : 8.245343
      },
      "latency_ms" : {
        "2" : 15.269932,
        "4" : 4.354411,
        "10" : 0.510108,
        "20" : 0.090627,
        "50" : 0.055744,
        "100" : 0.010000,
        "250" : 0.000000,
        "500" : 0.000000,
        "750" : 0.000000,
        "1000" : 0.000000,
        "2000" : 0.000000,
        ">=2000" : 0.000000
      },
      "latency_depth" : 1,
      "latency_target" : 0,
      "latency_percentile" : 100.000000,
      "latency_window" : 0
    }
  ]
}
