{
  "fio version" : "fio-3.36",
  "timestamp" : 1733215096,
  "timestamp_ms" : 1733215096403,
  "time" : "Tue Dec  3 08:38:16 2024",
  "jobs" : [
    {
      "jobname" : "rand_read_direct0_fsync0",
      "groupid" : 0,
      "job_start" : 1733215063783,
      "error" : 0,
      "eta" : 0,
      "elapsed" : 93,
      "job options" : {
        "name" : "rand_read_direct0_fsync0",
        "rw" : "randread",
        "direct" : "0",
        "bs" : "4k",
        "runtime" : "30",
        "ramp_time" : "60",
        "filename" : "/dev/mapper/rollbaccine1",
        "iodepth" : "1",
        "numjobs" : "4",
        "end_fsync" : "1"
      },
      "read" : {
        "io_bytes" : 2158907392,
        "io_kbytes" : 2108308,
        "bw_bytes" : 71961181,
        "bw" : 70274,
        "iops" : 17568.647712,
        "runtime" : 30001,
        "total_ios" : 527077,
        "short_ios" : 0,
        "drop_ios" : 0,
        "slat_ns" : {
          "min" : 0,
          "max" : 0,
          "mean" : 0.000000,
          "stddev" : 0.000000,
          "N" : 0
        },
        "clat_ns" : {
          "min" : 1400,
          "max" : 63869105,
          "mean" : 226826.383860,
          "stddev" : 424695.524088,
          "N" : 527077,
          "percentile" : {
            "1.000000" : 156672,
            "5.000000" : 171008,
            "10.000000" : 177152,
            "20.000000" : 185344,
            "30.000000" : 191488,
            "40.000000" : 197632,
            "50.000000" : 203776,
            "60.000000" : 209920,
            "70.000000" : 218112,
            "80.000000" : 230400,
            "90.000000" : 252928,
            "95.000000" : 280576,
            "99.000000" : 585728,
            "99.500000" : 1036288,
            "99.900000" : 2736128,
            "99.950000" : 4489216,
            "99.990000" : 19791872
          }
        },
        "lat_ns" : {
          "min" : 1500,
          "max" : 63869105,
          "mean" : 226891.298080,
          "stddev" : 424696.203473,
          "N" : 527077
        },
        "bw_min" : 54216,
        "bw_max" : 79744,
        "bw_agg" : 99.965008,
        "bw_mean" : 70250.728814,
        "bw_dev" : 1309.342176,
        "bw_samples" : 236,
        "iops_min" : 13554,
        "iops_max" : 19936,
        "iops_mean" : 17562.559322,
        "iops_stddev" : 327.338382,
        "iops_samples" : 236
      },
      "write" : {
        "io_bytes" : 0,
        "io_kbytes" : 0,
        "bw_bytes" : 0,
        "bw" : 0,
        "iops" : 0.000000,
        "runtime" : 0,
        "total_ios" : 0,
        "short_ios" : 0,
        "drop_ios" : 0,
        "slat_ns" : {
          "min" : 0,
          "max" : 0,
          "mean" : 0.000000,
          "stddev" : 0.000000,
          "N" : 0
        },
        "clat_ns" : {
          "min" : 0,
          "max" : 0,
          "mean" : 0.000000,
          "stddev" : 0.000000,
          "N" : 0
        },
        "lat_ns" : {
          "min" : 0,
          "max" : 0,
          "mean" : 0.000000,
          "stddev" : 0.000000,
          "N" : 0
        },
        "bw_min" : 0,
        "bw_max" : 0,
        "bw_agg" : 0.000000,
        "bw_mean" : 0.000000,
        "bw_dev" : 0.000000,
        "bw_samples" : 0,
        "iops_min" : 0,
        "iops_max" : 0,
        "iops_mean" : 0.000000,
        "iops_stddev" : 0.000000,
        "iops_samples" : 0
      },
      "trim" : {
        "io_bytes" : 0,
        "io_kbytes" : 0,
        "bw_bytes" : 0,
        "bw" : 0,
        "iops" : 0.000000,
        "runtime" : 0,
        "total_ios" : 0,
        "short_ios" : 0,
        "drop_ios" : 0,
        "slat_ns" : {
          "min" : 0,
          "max" : 0,
          "mean" : 0.000000,
          "stddev" : 0.000000,
          "N" : 0
        },
        "clat_ns" : {
          "min" : 0,
          "max" : 0,
          "mean" : 0.000000,
          "stddev" : 0.000000,
          "N" : 0
        },
        "lat_ns" : {
          "min" : 0,
          "max" : 0,
          "mean" : 0.000000,
          "stddev" : 0.000000,
          "N" : 0
        },
        "bw_min" : 0,
        "bw_max" : 0,
        "bw_agg" : 0.000000,
        "bw_mean" : 0.000000,
        "bw_dev" : 0.000000,
        "bw_samples" : 0,
        "iops_min" : 0,
        "iops_max" : 0,
        "iops_mean" : 0.000000,
        "iops_stddev" : 0.000000,
        "iops_samples" : 0
      },
      "sync" : {
        "total_ios" : 0,
        "lat_ns" : {
          "min" : 0,
          "max" : 0,
          "mean" : 0.000000,
          "stddev" : 0.000000,
          "N" : 0
        }
      },
      "job_runtime" : 120000,
      "usr_cpu" : 1.545000,
      "sys_cpu" : 10.948333,
      "ctx" : 523776,
      "majf" : 0,
      "minf" : 146,
      "iodepth_level" : {
        "1" : 100.000000,
        "2" : 0.000000,
        "4" : 0.000000,
        "8" : 0.000000,
        "16" : 0.000000,
        "32" : 0.000000,
        ">=64" : 0.000000
      },
      "iodepth_submit" : {
        "0" : 0.000000,
        "4" : 100.000000,
        "8" : 0.000000,
        "16" : 0.000000,
        "32" : 0.000000,
        "64" : 0.000000,
        ">=64" : 0.000000
      },
      "iodepth_complete" : {
        "0" : 0.000000,
        "4" : 100.000000,
        "8" : 0.000000,
        "16" : 0.000000,
        "32" : 0.000000,
        "64" : 0.000000,
        ">=64" : 0.000000
      },
      "latency_ns" : {
        "2" : 0.000000,
        "4" : 0.000000,
        "10" : 0.000000,
        "20" : 0.000000,
        "50" : 0.000000,
        "100" : 0.000000,
        "250" : 0.000000,
        "500" : 0.000000,
        "750" : 0.000000,
        "1000" : 0.000000
      },
      "latency_us" : {
        "2" : 0.010000,
        "4" : 0.601999,
        "10" : 0.016127,
        "20" : 0.000000,
        "50" : 0.010000,
        "100" : 0.010000,
        "250" : 88.432430,
        "500" : 9.660448,
        "750" : 0.581888,
        "1000" : 0.179480
      },
      "latency_ms" : {
        "2" : 0.364653,
        "4" : 0.085187,
        "10" : 0.041170,
        "20" : 0.016506,
        "50" : 0.010000,
        "100" : 0.010000,
        "250" : 0.000000,
        "500" : 0.000000,
        "750" : 0.000000,
        "1000" : 0.000000,
        "2000" : 0.000000,
        ">=2000" : 0.000000
      },
      "latency_depth" : 1,
      "latency_target" : 0,
      "latency_percentile" : 100.000000,
      "latency_window" : 0
    }
  ]
}
