{
  "fio version" : "fio-3.36",
  "timestamp" : 1733291989,
  "timestamp_ms" : 1733291989299,
  "time" : "Wed Dec  4 05:59:49 2024",
  "jobs" : [
    {
      "jobname" : "ROLLBACCINE_write_direct0_fsync1_threads_1024_6ba9",
      "groupid" : 0,
      "job_start" : 1733291929028,
      "error" : 0,
      "eta" : 0,
      "elapsed" : 93,
      "job options" : {
        "name" : "ROLLBACCINE_write_direct0_fsync1_threads_1024_6ba9",
        "rw" : "write",
        "direct" : "0",
        "filename" : "/dev/mapper/rollbaccine1",
        "numjobs" : "1024",
        "fsync" : "1",
        "bs" : "4k",
        "ramp_time" : "30",
        "runtime" : "60",
        "iodepth" : "1",
        "end_fsync" : "1"
      },
      "read" : {
        "io_bytes" : 0,
        "io_kbytes" : 0,
        "bw_bytes" : 0,
        "bw" : 0,
        "iops" : 0.000000,
        "runtime" : 0,
        "total_ios" : 0,
        "short_ios" : 0,
        "drop_ios" : 0,
        "slat_ns" : {
          "min" : 0,
          "max" : 0,
          "mean" : 0.000000,
          "stddev" : 0.000000,
          "N" : 0
        },
        "clat_ns" : {
          "min" : 0,
          "max" : 0,
          "mean" : 0.000000,
          "stddev" : 0.000000,
          "N" : 0
        },
        "lat_ns" : {
          "min" : 0,
          "max" : 0,
          "mean" : 0.000000,
          "stddev" : 0.000000,
          "N" : 0
        },
        "bw_min" : 0,
        "bw_max" : 0,
        "bw_agg" : 0.000000,
        "bw_mean" : 0.000000,
        "bw_dev" : 0.000000,
        "bw_samples" : 0,
        "iops_min" : 0,
        "iops_max" : 0,
        "iops_mean" : 0.000000,
        "iops_stddev" : 0.000000,
        "iops_samples" : 0
      },
      "write" : {
        "io_bytes" : 6439030784,
        "io_kbytes" : 6288116,
        "bw_bytes" : 106964197,
        "bw" : 104457,
        "iops" : 26114.306123,
        "runtime" : 60198,
        "total_ios" : 1572029,
        "short_ios" : 0,
        "drop_ios" : 0,
        "slat_ns" : {
          "min" : 0,
          "max" : 0,
          "mean" : 0.000000,
          "stddev" : 0.000000,
          "N" : 0
        },
        "clat_ns" : {
          "min" : 1600,
          "max" : 109877737,
          "mean" : 776324.682427,
          "stddev" : 2677675.085263,
          "N" : 1572029,
          "percentile" : {
            "1.000000" : 2512,
            "5.000000" : 2992,
            "10.000000" : 3312,
            "20.000000" : 3792,
            "30.000000" : 4320,
            "40.000000" : 4832,
            "50.000000" : 5408,
            "60.000000" : 6112,
            "70.000000" : 7584,
            "80.000000" : 20096,
            "90.000000" : 2441216,
            "95.000000" : 5603328,
            "99.000000" : 12386304,
            "99.500000" : 15794176,
            "99.900000" : 26345472,
            "99.950000" : 32112640,
            "99.990000" : 55312384
          }
        },
        "lat_ns" : {
          "min" : 1700,
          "max" : 109877937,
          "mean" : 776747.936406,
          "stddev" : 2677679.387876,
          "N" : 1572029
        },
        "bw_min" : 66934,
        "bw_max" : 146241,
        "bw_agg" : 100.000000,
        "bw_mean" : 104550.851891,
        "bw_dev" : 14.978294,
        "bw_samples" : 121902,
        "iops_min" : 16145,
        "iops_max" : 36263,
        "iops_mean" : 25708.805812,
        "iops_stddev" : 3.786534,
        "iops_samples" : 121902
      },
      "trim" : {
        "io_bytes" : 0,
        "io_kbytes" : 0,
        "bw_bytes" : 0,
        "bw" : 0,
        "iops" : 0.000000,
        "runtime" : 0,
        "total_ios" : 0,
        "short_ios" : 0,
        "drop_ios" : 0,
        "slat_ns" : {
          "min" : 0,
          "max" : 0,
          "mean" : 0.000000,
          "stddev" : 0.000000,
          "N" : 0
        },
        "clat_ns" : {
          "min" : 0,
          "max" : 0,
          "mean" : 0.000000,
          "stddev" : 0.000000,
          "N" : 0
        },
        "lat_ns" : {
          "min" : 0,
          "max" : 0,
          "mean" : 0.000000,
          "stddev" : 0.000000,
          "N" : 0
        },
        "bw_min" : 0,
        "bw_max" : 0,
        "bw_agg" : 0.000000,
        "bw_mean" : 0.000000,
        "bw_dev" : 0.000000,
        "bw_samples" : 0,
        "iops_min" : 0,
        "iops_max" : 0,
        "iops_mean" : 0.000000,
        "iops_stddev" : 0.000000,
        "iops_samples" : 0
      },
      "sync" : {
        "total_ios" : 1571950,
        "lat_ns" : {
          "min" : 893711,
          "max" : 225471243,
          "mean" : 38353692.849634,
          "stddev" : 19111456.597872,
          "N" : 1571950,
          "percentile" : {
            "1.000000" : 7503872,
            "5.000000" : 13041664,
            "10.000000" : 16908288,
            "20.000000" : 22413312,
            "30.000000" : 26869760,
            "40.000000" : 31326208,
            "50.000000" : 35389440,
            "60.000000" : 40108032,
            "70.000000" : 45350912,
            "80.000000" : 52166656,
            "90.000000" : 62652416,
            "95.000000" : 72876032,
            "99.000000" : 96993280,
            "99.500000" : 110624768,
            "99.900000" : 141557760,
            "99.950000" : 152043520,
            "99.990000" : 175112192
          }
        }
      },
      "job_runtime" : 61527464,
      "usr_cpu" : 0.025407,
      "sys_cpu" : 0.772996,
      "ctx" : 23016304,
      "majf" : 0,
      "minf" : 38184,
      "iodepth_level" : {
        "1" : 199.994975,
        "2" : 0.000000,
        "4" : 0.000000,
        "8" : 0.000000,
        "16" : 0.000000,
        "32" : 0.000000,
        ">=64" : 0.000000
      },
      "iodepth_submit" : {
        "0" : 0.000000,
        "4" : 100.000000,
        "8" : 0.000000,
        "16" : 0.000000,
        "32" : 0.000000,
        "64" : 0.000000,
        ">=64" : 0.000000
      },
      "iodepth_complete" : {
        "0" : 0.000000,
        "4" : 100.000000,
        "8" : 0.000000,
        "16" : 0.000000,
        "32" : 0.000000,
        "64" : 0.000000,
        ">=64" : 0.000000
      },
      "latency_ns" : {
        "2" : 0.000000,
        "4" : 0.000000,
        "10" : 0.000000,
        "20" : 0.000000,
        "50" : 0.000000,
        "100" : 0.000000,
        "250" : 0.000000,
        "500" : 0.000000,
        "750" : 0.000000,
        "1000" : 0.000000
      },
      "latency_us" : {
        "2" : 0.015331,
        "4" : 23.181188,
        "10" : 53.777761,
        "20" : 3.011204,
        "50" : 2.811907,
        "100" : 1.162701,
        "250" : 0.903800,
        "500" : 0.737200,
        "750" : 0.599289,
        "1000" : 0.598399
      },
      "latency_ms" : {
        "2" : 2.260009,
        "4" : 3.765516,
        "10" : 5.407852,
        "20" : 1.524654,
        "50" : 0.230085,
        "100" : 0.012850,
        "250" : 0.010000,
        "500" : 0.000000,
        "750" : 0.000000,
        "1000" : 0.000000,
        "2000" : 0.000000,
        ">=2000" : 0.000000
      },
      "latency_depth" : 1,
      "latency_target" : 0,
      "latency_percentile" : 100.000000,
      "latency_window" : 0
    }
  ]
}
