{
  "fio version" : "fio-3.36",
  "timestamp" : 1733210984,
  "timestamp_ms" : 1733210984518,
  "time" : "Tue Dec  3 07:29:44 2024",
  "jobs" : [
    {
      "jobname" : "seq_write_direct0_fsync0",
      "groupid" : 0,
      "job_start" : 1733210919251,
      "error" : 0,
      "eta" : 0,
      "elapsed" : 126,
      "job options" : {
        "name" : "seq_write_direct0_fsync0",
        "rw" : "write",
        "direct" : "0",
        "bs" : "4k",
        "runtime" : "30",
        "ramp_time" : "60",
        "filename" : "/dev/mapper/rollbaccine1",
        "iodepth" : "1",
        "numjobs" : "2",
        "end_fsync" : "1"
      },
      "read" : {
        "io_bytes" : 0,
        "io_kbytes" : 0,
        "bw_bytes" : 0,
        "bw" : 0,
        "iops" : 0.000000,
        "runtime" : 0,
        "total_ios" : 0,
        "short_ios" : 0,
        "drop_ios" : 0,
        "slat_ns" : {
          "min" : 0,
          "max" : 0,
          "mean" : 0.000000,
          "stddev" : 0.000000,
          "N" : 0
        },
        "clat_ns" : {
          "min" : 0,
          "max" : 0,
          "mean" : 0.000000,
          "stddev" : 0.000000,
          "N" : 0
        },
        "lat_ns" : {
          "min" : 0,
          "max" : 0,
          "mean" : 0.000000,
          "stddev" : 0.000000,
          "N" : 0
        },
        "bw_min" : 0,
        "bw_max" : 0,
        "bw_agg" : 0.000000,
        "bw_mean" : 0.000000,
        "bw_dev" : 0.000000,
        "bw_samples" : 0,
        "iops_min" : 0,
        "iops_max" : 0,
        "iops_mean" : 0.000000,
        "iops_stddev" : 0.000000,
        "iops_samples" : 0
      },
      "write" : {
        "io_bytes" : 30093479936,
        "io_kbytes" : 29388164,
        "bw_bytes" : 528243078,
        "bw" : 515862,
        "iops" : 128965.595324,
        "runtime" : 56969,
        "total_ios" : 7347041,
        "short_ios" : 0,
        "drop_ios" : 0,
        "slat_ns" : {
          "min" : 0,
          "max" : 0,
          "mean" : 0.000000,
          "stddev" : 0.000000,
          "N" : 0
        },
        "clat_ns" : {
          "min" : 1100,
          "max" : 24829430,
          "mean" : 7889.485402,
          "stddev" : 269980.691798,
          "N" : 7347041,
          "percentile" : {
            "1.000000" : 1208,
            "5.000000" : 1208,
            "10.000000" : 1304,
            "20.000000" : 1304,
            "30.000000" : 1400,
            "40.000000" : 1496,
            "50.000000" : 2512,
            "60.000000" : 2608,
            "70.000000" : 2704,
            "80.000000" : 2704,
            "90.000000" : 2992,
            "95.000000" : 4192,
            "99.000000" : 5984,
            "99.500000" : 14144,
            "99.900000" : 48384,
            "99.950000" : 82432,
            "99.990000" : 13303808
          }
        },
        "lat_ns" : {
          "min" : 1100,
          "max" : 24829530,
          "mean" : 7943.388137,
          "stddev" : 269981.017115,
          "N" : 7347041
        },
        "bw_min" : 961408,
        "bw_max" : 1008280,
        "bw_agg" : 100.000000,
        "bw_mean" : 980001.050847,
        "bw_dev" : 6420.021320,
        "bw_samples" : 118,
        "iops_min" : 240352,
        "iops_max" : 252070,
        "iops_mean" : 245000.186441,
        "iops_stddev" : 1605.017036,
        "iops_samples" : 118
      },
      "trim" : {
        "io_bytes" : 0,
        "io_kbytes" : 0,
        "bw_bytes" : 0,
        "bw" : 0,
        "iops" : 0.000000,
        "runtime" : 0,
        "total_ios" : 0,
        "short_ios" : 0,
        "drop_ios" : 0,
        "slat_ns" : {
          "min" : 0,
          "max" : 0,
          "mean" : 0.000000,
          "stddev" : 0.000000,
          "N" : 0
        },
        "clat_ns" : {
          "min" : 0,
          "max" : 0,
          "mean" : 0.000000,
          "stddev" : 0.000000,
          "N" : 0
        },
        "lat_ns" : {
          "min" : 0,
          "max" : 0,
          "mean" : 0.000000,
          "stddev" : 0.000000,
          "N" : 0
        },
        "bw_min" : 0,
        "bw_max" : 0,
        "bw_agg" : 0.000000,
        "bw_mean" : 0.000000,
        "bw_dev" : 0.000000,
        "bw_samples" : 0,
        "iops_min" : 0,
        "iops_max" : 0,
        "iops_mean" : 0.000000,
        "iops_stddev" : 0.000000,
        "iops_samples" : 0
      },
      "sync" : {
        "total_ios" : 0,
        "lat_ns" : {
          "min" : 0,
          "max" : 0,
          "mean" : 0.000000,
          "stddev" : 0.000000,
          "N" : 0
        }
      },
      "job_runtime" : 113926,
      "usr_cpu" : 3.229289,
      "sys_cpu" : 36.382389,
      "ctx" : 1053869,
      "majf" : 0,
      "minf" : 73,
      "iodepth_level" : {
        "1" : 100.000000,
        "2" : 0.000000,
        "4" : 0.000000,
        "8" : 0.000000,
        "16" : 0.000000,
        "32" : 0.000000,
        ">=64" : 0.000000
      },
      "iodepth_submit" : {
        "0" : 0.000000,
        "4" : 100.000000,
        "8" : 0.000000,
        "16" : 0.000000,
        "32" : 0.000000,
        "64" : 0.000000,
        ">=64" : 0.000000
      },
      "iodepth_complete" : {
        "0" : 0.000000,
        "4" : 100.000000,
        "8" : 0.000000,
        "16" : 0.000000,
        "32" : 0.000000,
        "64" : 0.000000,
        ">=64" : 0.000000
      },
      "latency_ns" : {
        "2" : 0.000000,
        "4" : 0.000000,
        "10" : 0.000000,
        "20" : 0.000000,
        "50" : 0.000000,
        "100" : 0.000000,
        "250" : 0.000000,
        "500" : 0.000000,
        "750" : 0.000000,
        "1000" : 0.000000
      },
      "latency_us" : {
        "2" : 48.623698,
        "4" : 45.579370,
        "10" : 5.258498,
        "20" : 0.124581,
        "50" : 0.320306,
        "100" : 0.046971,
        "250" : 0.010000,
        "500" : 0.010000,
        "750" : 0.010000,
        "1000" : 0.010000
      },
      "latency_ms" : {
        "2" : 0.010000,
        "4" : 0.010000,
        "10" : 0.010000,
        "20" : 0.042316,
        "50" : 0.010000,
        "100" : 0.000000,
        "250" : 0.000000,
        "500" : 0.000000,
        "750" : 0.000000,
        "1000" : 0.000000,
        "2000" : 0.000000,
        ">=2000" : 0.000000
      },
      "latency_depth" : 1,
      "latency_target" : 0,
      "latency_percentile" : 100.000000,
      "latency_window" : 0
    }
  ]
}
