{
  "fio version" : "fio-3.36",
  "timestamp" : 1733213307,
  "timestamp_ms" : 1733213307689,
  "time" : "Tue Dec  3 08:08:27 2024",
  "jobs" : [
    {
      "jobname" : "rand_write_direct0_fsync0",
      "groupid" : 0,
      "job_start" : 1733213226298,
      "error" : 0,
      "eta" : 0,
      "elapsed" : 142,
      "job options" : {
        "name" : "rand_write_direct0_fsync0",
        "rw" : "randwrite",
        "direct" : "0",
        "bs" : "4k",
        "runtime" : "30",
        "ramp_time" : "60",
        "filename" : "/dev/mapper/rollbaccine1",
        "iodepth" : "1",
        "numjobs" : "8",
        "end_fsync" : "1"
      },
      "read" : {
        "io_bytes" : 0,
        "io_kbytes" : 0,
        "bw_bytes" : 0,
        "bw" : 0,
        "iops" : 0.000000,
        "runtime" : 0,
        "total_ios" : 0,
        "short_ios" : 0,
        "drop_ios" : 0,
        "slat_ns" : {
          "min" : 0,
          "max" : 0,
          "mean" : 0.000000,
          "stddev" : 0.000000,
          "N" : 0
        },
        "clat_ns" : {
          "min" : 0,
          "max" : 0,
          "mean" : 0.000000,
          "stddev" : 0.000000,
          "N" : 0
        },
        "lat_ns" : {
          "min" : 0,
          "max" : 0,
          "mean" : 0.000000,
          "stddev" : 0.000000,
          "N" : 0
        },
        "bw_min" : 0,
        "bw_max" : 0,
        "bw_agg" : 0.000000,
        "bw_mean" : 0.000000,
        "bw_dev" : 0.000000,
        "bw_samples" : 0,
        "iops_min" : 0,
        "iops_max" : 0,
        "iops_mean" : 0.000000,
        "iops_stddev" : 0.000000,
        "iops_samples" : 0
      },
      "write" : {
        "io_bytes" : 9617760256,
        "io_kbytes" : 9392344,
        "bw_bytes" : 143219469,
        "bw" : 139862,
        "iops" : 34965.690800,
        "runtime" : 67154,
        "total_ios" : 2348086,
        "short_ios" : 0,
        "drop_ios" : 0,
        "slat_ns" : {
          "min" : 0,
          "max" : 0,
          "mean" : 0.000000,
          "stddev" : 0.000000,
          "N" : 0
        },
        "clat_ns" : {
          "min" : 1400,
          "max" : 49132465,
          "mean" : 101740.259116,
          "stddev" : 1920723.410650,
          "N" : 2348086,
          "percentile" : {
            "1.000000" : 2608,
            "5.000000" : 2992,
            "10.000000" : 3088,
            "20.000000" : 3216,
            "30.000000" : 3216,
            "40.000000" : 3312,
            "50.000000" : 3408,
            "60.000000" : 3504,
            "70.000000" : 3792,
            "80.000000" : 4192,
            "90.000000" : 4896,
            "95.000000" : 5792,
            "99.000000" : 10560,
            "99.500000" : 34560,
            "99.900000" : 38010880,
            "99.950000" : 38535168,
            "99.990000" : 39059456
          }
        },
        "lat_ns" : {
          "min" : 1500,
          "max" : 49132465,
          "mean" : 101797.107588,
          "stddev" : 1920723.172697,
          "N" : 2348086
        },
        "bw_min" : 295456,
        "bw_max" : 322824,
        "bw_agg" : 100.000000,
        "bw_mean" : 313393.000000,
        "bw_dev" : 1429.273564,
        "bw_samples" : 472,
        "iops_min" : 73864,
        "iops_max" : 80706,
        "iops_mean" : 78348.203390,
        "iops_stddev" : 357.326472,
        "iops_samples" : 472
      },
      "trim" : {
        "io_bytes" : 0,
        "io_kbytes" : 0,
        "bw_bytes" : 0,
        "bw" : 0,
        "iops" : 0.000000,
        "runtime" : 0,
        "total_ios" : 0,
        "short_ios" : 0,
        "drop_ios" : 0,
        "slat_ns" : {
          "min" : 0,
          "max" : 0,
          "mean" : 0.000000,
          "stddev" : 0.000000,
          "N" : 0
        },
        "clat_ns" : {
          "min" : 0,
          "max" : 0,
          "mean" : 0.000000,
          "stddev" : 0.000000,
          "N" : 0
        },
        "lat_ns" : {
          "min" : 0,
          "max" : 0,
          "mean" : 0.000000,
          "stddev" : 0.000000,
          "N" : 0
        },
        "bw_min" : 0,
        "bw_max" : 0,
        "bw_agg" : 0.000000,
        "bw_mean" : 0.000000,
        "bw_dev" : 0.000000,
        "bw_samples" : 0,
        "iops_min" : 0,
        "iops_max" : 0,
        "iops_mean" : 0.000000,
        "iops_stddev" : 0.000000,
        "iops_samples" : 0
      },
      "sync" : {
        "total_ios" : 0,
        "lat_ns" : {
          "min" : 0,
          "max" : 0,
          "mean" : 0.000000,
          "stddev" : 0.000000,
          "N" : 0
        }
      },
      "job_runtime" : 537096,
      "usr_cpu" : 0.399929,
      "sys_cpu" : 22.656843,
      "ctx" : 2509318,
      "majf" : 0,
      "minf" : 291,
      "iodepth_level" : {
        "1" : 100.000000,
        "2" : 0.000000,
        "4" : 0.000000,
        "8" : 0.000000,
        "16" : 0.000000,
        "32" : 0.000000,
        ">=64" : 0.000000
      },
      "iodepth_submit" : {
        "0" : 0.000000,
        "4" : 100.000000,
        "8" : 0.000000,
        "16" : 0.000000,
        "32" : 0.000000,
        "64" : 0.000000,
        ">=64" : 0.000000
      },
      "iodepth_complete" : {
        "0" : 0.000000,
        "4" : 100.000000,
        "8" : 0.000000,
        "16" : 0.000000,
        "32" : 0.000000,
        "64" : 0.000000,
        ">=64" : 0.000000
      },
      "latency_ns" : {
        "2" : 0.000000,
        "4" : 0.000000,
        "10" : 0.000000,
        "20" : 0.000000,
        "50" : 0.000000,
        "100" : 0.000000,
        "250" : 0.000000,
        "500" : 0.000000,
        "750" : 0.000000,
        "1000" : 0.000000
      },
      "latency_us" : {
        "2" : 0.010000,
        "4" : 75.643694,
        "10" : 23.264991,
        "20" : 0.436398,
        "50" : 0.311062,
        "100" : 0.079597,
        "250" : 0.010000,
        "500" : 0.010000,
        "750" : 0.010000,
        "1000" : 0.000000
      },
      "latency_ms" : {
        "2" : 0.000000,
        "4" : 0.000000,
        "10" : 0.000000,
        "20" : 0.000000,
        "50" : 0.258934,
        "100" : 0.000000,
        "250" : 0.000000,
        "500" : 0.000000,
        "750" : 0.000000,
        "1000" : 0.000000,
        "2000" : 0.000000,
        ">=2000" : 0.000000
      },
      "latency_depth" : 1,
      "latency_target" : 0,
      "latency_percentile" : 100.000000,
      "latency_window" : 0
    }
  ]
}
