{
  "fio version" : "fio-3.36",
  "timestamp" : 1733210648,
  "timestamp_ms" : 1733210648770,
  "time" : "Tue Dec  3 07:24:08 2024",
  "jobs" : [
    {
      "jobname" : "seq_write_direct0_fsync1",
      "groupid" : 0,
      "job_start" : 1733210618635,
      "error" : 0,
      "eta" : 0,
      "elapsed" : 91,
      "job options" : {
        "name" : "seq_write_direct0_fsync1",
        "rw" : "write",
        "direct" : "0",
        "bs" : "4k",
        "runtime" : "30",
        "ramp_time" : "60",
        "filename" : "/dev/mapper/rollbaccine1",
        "iodepth" : "1",
        "numjobs" : "8",
        "fsync" : "1",
        "end_fsync" : "1"
      },
      "read" : {
        "io_bytes" : 0,
        "io_kbytes" : 0,
        "bw_bytes" : 0,
        "bw" : 0,
        "iops" : 0.000000,
        "runtime" : 0,
        "total_ios" : 0,
        "short_ios" : 0,
        "drop_ios" : 0,
        "slat_ns" : {
          "min" : 0,
          "max" : 0,
          "mean" : 0.000000,
          "stddev" : 0.000000,
          "N" : 0
        },
        "clat_ns" : {
          "min" : 0,
          "max" : 0,
          "mean" : 0.000000,
          "stddev" : 0.000000,
          "N" : 0
        },
        "lat_ns" : {
          "min" : 0,
          "max" : 0,
          "mean" : 0.000000,
          "stddev" : 0.000000,
          "N" : 0
        },
        "bw_min" : 0,
        "bw_max" : 0,
        "bw_agg" : 0.000000,
        "bw_mean" : 0.000000,
        "bw_dev" : 0.000000,
        "bw_samples" : 0,
        "iops_min" : 0,
        "iops_max" : 0,
        "iops_mean" : 0.000000,
        "iops_stddev" : 0.000000,
        "iops_samples" : 0
      },
      "write" : {
        "io_bytes" : 1184210944,
        "io_kbytes" : 1156456,
        "bw_bytes" : 39418512,
        "bw" : 38494,
        "iops" : 9623.660209,
        "runtime" : 30042,
        "total_ios" : 289114,
        "short_ios" : 0,
        "drop_ios" : 0,
        "slat_ns" : {
          "min" : 0,
          "max" : 0,
          "mean" : 0.000000,
          "stddev" : 0.000000,
          "N" : 0
        },
        "clat_ns" : {
          "min" : 1900,
          "max" : 5104247,
          "mean" : 5993.419067,
          "stddev" : 17879.187756,
          "N" : 289114,
          "percentile" : {
            "1.000000" : 2992,
            "5.000000" : 3408,
            "10.000000" : 3600,
            "20.000000" : 3792,
            "30.000000" : 4016,
            "40.000000" : 4320,
            "50.000000" : 4576,
            "60.000000" : 5088,
            "70.000000" : 5792,
            "80.000000" : 6688,
            "90.000000" : 7904,
            "95.000000" : 9536,
            "99.000000" : 37632,
            "99.500000" : 47872,
            "99.900000" : 83456,
            "99.950000" : 114176,
            "99.990000" : 280576
          }
        },
        "lat_ns" : {
          "min" : 2000,
          "max" : 5104647,
          "mean" : 6225.490595,
          "stddev" : 17900.515097,
          "N" : 289114
        },
        "bw_min" : 32560,
        "bw_max" : 42496,
        "bw_agg" : 100.000000,
        "bw_mean" : 38558.266667,
        "bw_dev" : 237.002909,
        "bw_samples" : 480,
        "iops_min" : 8140,
        "iops_max" : 10624,
        "iops_mean" : 9639.300000,
        "iops_stddev" : 59.237912,
        "iops_samples" : 480
      },
      "trim" : {
        "io_bytes" : 0,
        "io_kbytes" : 0,
        "bw_bytes" : 0,
        "bw" : 0,
        "iops" : 0.000000,
        "runtime" : 0,
        "total_ios" : 0,
        "short_ios" : 0,
        "drop_ios" : 0,
        "slat_ns" : {
          "min" : 0,
          "max" : 0,
          "mean" : 0.000000,
          "stddev" : 0.000000,
          "N" : 0
        },
        "clat_ns" : {
          "min" : 0,
          "max" : 0,
          "mean" : 0.000000,
          "stddev" : 0.000000,
          "N" : 0
        },
        "lat_ns" : {
          "min" : 0,
          "max" : 0,
          "mean" : 0.000000,
          "stddev" : 0.000000,
          "N" : 0
        },
        "bw_min" : 0,
        "bw_max" : 0,
        "bw_agg" : 0.000000,
        "bw_mean" : 0.000000,
        "bw_dev" : 0.000000,
        "bw_samples" : 0,
        "iops_min" : 0,
        "iops_max" : 0,
        "iops_mean" : 0.000000,
        "iops_stddev" : 0.000000,
        "iops_samples" : 0
      },
      "sync" : {
        "total_ios" : 289113,
        "lat_ns" : {
          "min" : 354303,
          "max" : 82450560,
          "mean" : 822128.444677,
          "stddev" : 899388.087723,
          "N" : 289113,
          "percentile" : {
            "1.000000" : 505856,
            "5.000000" : 561152,
            "10.000000" : 593920,
            "20.000000" : 634880,
            "30.000000" : 667648,
            "40.000000" : 700416,
            "50.000000" : 733184,
            "60.000000" : 774144,
            "70.000000" : 815104,
            "80.000000" : 880640,
            "90.000000" : 987136,
            "95.000000" : 1171456,
            "99.000000" : 2310144,
            "99.500000" : 3653632,
            "99.900000" : 5996544,
            "99.950000" : 11468800,
            "99.990000" : 35913728
          }
        }
      },
      "job_runtime" : 240082,
      "usr_cpu" : 1.177514,
      "sys_cpu" : 9.918694,
      "ctx" : 697046,
      "majf" : 0,
      "minf" : 291,
      "iodepth_level" : {
        "1" : 199.999654,
        "2" : 0.000000,
        "4" : 0.000000,
        "8" : 0.000000,
        "16" : 0.000000,
        "32" : 0.000000,
        ">=64" : 0.000000
      },
      "iodepth_submit" : {
        "0" : 0.000000,
        "4" : 100.000000,
        "8" : 0.000000,
        "16" : 0.000000,
        "32" : 0.000000,
        "64" : 0.000000,
        ">=64" : 0.000000
      },
      "iodepth_complete" : {
        "0" : 0.000000,
        "4" : 100.000000,
        "8" : 0.000000,
        "16" : 0.000000,
        "32" : 0.000000,
        "64" : 0.000000,
        ">=64" : 0.000000
      },
      "latency_ns" : {
        "2" : 0.000000,
        "4" : 0.000000,
        "10" : 0.000000,
        "20" : 0.000000,
        "50" : 0.000000,
        "100" : 0.000000,
        "250" : 0.000000,
        "500" : 0.000000,
        "750" : 0.000000,
        "1000" : 0.000000
      },
      "latency_us" : {
        "2" : 0.010000,
        "4" : 27.202073,
        "10" : 68.493397,
        "20" : 2.720726,
        "50" : 1.137268,
        "100" : 0.381856,
        "250" : 0.048424,
        "500" : 0.013144,
        "750" : 0.000000,
        "1000" : 0.000000
      },
      "latency_ms" : {
        "2" : 0.010000,
        "4" : 0.010000,
        "10" : 0.010000,
        "20" : 0.000000,
        "50" : 0.000000,
        "100" : 0.000000,
        "250" : 0.000000,
        "500" : 0.000000,
        "750" : 0.000000,
        "1000" : 0.000000,
        "2000" : 0.000000,
        ">=2000" : 0.000000
      },
      "latency_depth" : 1,
      "latency_target" : 0,
      "latency_percentile" : 100.000000,
      "latency_window" : 0
    }
  ]
}
