{
  "fio version" : "fio-3.36",
  "timestamp" : 1733209565,
  "timestamp_ms" : 1733209565308,
  "time" : "Tue Dec  3 07:06:05 2024",
  "jobs" : [
    {
      "jobname" : "seq_write_direct1_fsync1",
      "groupid" : 0,
      "job_start" : 1733209535259,
      "error" : 0,
      "eta" : 0,
      "elapsed" : 91,
      "job options" : {
        "name" : "seq_write_direct1_fsync1",
        "rw" : "write",
        "direct" : "1",
        "bs" : "4k",
        "runtime" : "30",
        "ramp_time" : "60",
        "filename" : "/dev/mapper/rollbaccine1",
        "iodepth" : "1",
        "numjobs" : "2",
        "fsync" : "1",
        "end_fsync" : "1"
      },
      "read" : {
        "io_bytes" : 0,
        "io_kbytes" : 0,
        "bw_bytes" : 0,
        "bw" : 0,
        "iops" : 0.000000,
        "runtime" : 0,
        "total_ios" : 0,
        "short_ios" : 0,
        "drop_ios" : 0,
        "slat_ns" : {
          "min" : 0,
          "max" : 0,
          "mean" : 0.000000,
          "stddev" : 0.000000,
          "N" : 0
        },
        "clat_ns" : {
          "min" : 0,
          "max" : 0,
          "mean" : 0.000000,
          "stddev" : 0.000000,
          "N" : 0
        },
        "lat_ns" : {
          "min" : 0,
          "max" : 0,
          "mean" : 0.000000,
          "stddev" : 0.000000,
          "N" : 0
        },
        "bw_min" : 0,
        "bw_max" : 0,
        "bw_agg" : 0.000000,
        "bw_mean" : 0.000000,
        "bw_dev" : 0.000000,
        "bw_samples" : 0,
        "iops_min" : 0,
        "iops_max" : 0,
        "iops_mean" : 0.000000,
        "iops_stddev" : 0.000000,
        "iops_samples" : 0
      },
      "write" : {
        "io_bytes" : 334815232,
        "io_kbytes" : 326968,
        "bw_bytes" : 11146760,
        "bw" : 10885,
        "iops" : 2721.376968,
        "runtime" : 30037,
        "total_ios" : 81742,
        "short_ios" : 0,
        "drop_ios" : 0,
        "slat_ns" : {
          "min" : 0,
          "max" : 0,
          "mean" : 0.000000,
          "stddev" : 0.000000,
          "N" : 0
        },
        "clat_ns" : {
          "min" : 78101,
          "max" : 33109803,
          "mean" : 208108.731668,
          "stddev" : 240559.084929,
          "N" : 81742,
          "percentile" : {
            "1.000000" : 111104,
            "5.000000" : 121344,
            "10.000000" : 128512,
            "20.000000" : 140288,
            "30.000000" : 148480,
            "40.000000" : 154624,
            "50.000000" : 160768,
            "60.000000" : 171008,
            "70.000000" : 187392,
            "80.000000" : 214016,
            "90.000000" : 284672,
            "95.000000" : 415744,
            "99.000000" : 1036288,
            "99.500000" : 1351680,
            "99.900000" : 2179072,
            "99.950000" : 3784704,
            "99.990000" : 8028160
          }
        },
        "lat_ns" : {
          "min" : 78201,
          "max" : 33110003,
          "mean" : 208281.085305,
          "stddev" : 240562.473226,
          "N" : 81742
        },
        "bw_min" : 7608,
        "bw_max" : 12920,
        "bw_agg" : 100.000000,
        "bw_mean" : 10923.203390,
        "bw_dev" : 519.093477,
        "bw_samples" : 118,
        "iops_min" : 1902,
        "iops_max" : 3230,
        "iops_mean" : 2730.694915,
        "iops_stddev" : 129.764195,
        "iops_samples" : 118
      },
      "trim" : {
        "io_bytes" : 0,
        "io_kbytes" : 0,
        "bw_bytes" : 0,
        "bw" : 0,
        "iops" : 0.000000,
        "runtime" : 0,
        "total_ios" : 0,
        "short_ios" : 0,
        "drop_ios" : 0,
        "slat_ns" : {
          "min" : 0,
          "max" : 0,
          "mean" : 0.000000,
          "stddev" : 0.000000,
          "N" : 0
        },
        "clat_ns" : {
          "min" : 0,
          "max" : 0,
          "mean" : 0.000000,
          "stddev" : 0.000000,
          "N" : 0
        },
        "lat_ns" : {
          "min" : 0,
          "max" : 0,
          "mean" : 0.000000,
          "stddev" : 0.000000,
          "N" : 0
        },
        "bw_min" : 0,
        "bw_max" : 0,
        "bw_agg" : 0.000000,
        "bw_mean" : 0.000000,
        "bw_dev" : 0.000000,
        "bw_samples" : 0,
        "iops_min" : 0,
        "iops_max" : 0,
        "iops_mean" : 0.000000,
        "iops_stddev" : 0.000000,
        "iops_samples" : 0
      },
      "sync" : {
        "total_ios" : 81742,
        "lat_ns" : {
          "min" : 247303,
          "max" : 41131477,
          "mean" : 524585.340498,
          "stddev" : 305825.460832,
          "N" : 81742,
          "percentile" : {
            "1.000000" : 321536,
            "5.000000" : 354304,
            "10.000000" : 370688,
            "20.000000" : 395264,
            "30.000000" : 415744,
            "40.000000" : 432128,
            "50.000000" : 456704,
            "60.000000" : 481280,
            "70.000000" : 518144,
            "80.000000" : 569344,
            "90.000000" : 692224,
            "95.000000" : 937984,
            "99.000000" : 1679360,
            "99.500000" : 1974272,
            "99.900000" : 3948544,
            "99.950000" : 4358144,
            "99.990000" : 4816896
          }
        }
      },
      "job_runtime" : 60036,
      "usr_cpu" : 1.185955,
      "sys_cpu" : 7.976881,
      "ctx" : 163522,
      "majf" : 0,
      "minf" : 73,
      "iodepth_level" : {
        "1" : 200.000000,
        "2" : 0.000000,
        "4" : 0.000000,
        "8" : 0.000000,
        "16" : 0.000000,
        "32" : 0.000000,
        ">=64" : 0.000000
      },
      "iodepth_submit" : {
        "0" : 0.000000,
        "4" : 100.000000,
        "8" : 0.000000,
        "16" : 0.000000,
        "32" : 0.000000,
        "64" : 0.000000,
        ">=64" : 0.000000
      },
      "iodepth_complete" : {
        "0" : 0.000000,
        "4" : 100.000000,
        "8" : 0.000000,
        "16" : 0.000000,
        "32" : 0.000000,
        "64" : 0.000000,
        ">=64" : 0.000000
      },
      "latency_ns" : {
        "2" : 0.000000,
        "4" : 0.000000,
        "10" : 0.000000,
        "20" : 0.000000,
        "50" : 0.000000,
        "100" : 0.000000,
        "250" : 0.000000,
        "500" : 0.000000,
        "750" : 0.000000,
        "1000" : 0.000000
      },
      "latency_us" : {
        "2" : 0.000000,
        "4" : 0.000000,
        "10" : 0.000000,
        "20" : 0.000000,
        "50" : 0.000000,
        "100" : 0.133346,
        "250" : 85.911771,
        "500" : 10.167356,
        "750" : 1.814245,
        "1000" : 0.893054
      },
      "latency_ms" : {
        "2" : 0.956669,
        "4" : 0.088082,
        "10" : 0.031807,
        "20" : 0.010000,
        "50" : 0.010000,
        "100" : 0.000000,
        "250" : 0.000000,
        "500" : 0.000000,
        "750" : 0.000000,
        "1000" : 0.000000,
        "2000" : 0.000000,
        ">=2000" : 0.000000
      },
      "latency_depth" : 1,
      "latency_target" : 0,
      "latency_percentile" : 100.000000,
      "latency_window" : 0
    }
  ]
}
