{
  "fio version" : "fio-3.36",
  "timestamp" : 1733210859,
  "timestamp_ms" : 1733210859021,
  "time" : "Tue Dec  3 07:27:39 2024",
  "jobs" : [
    {
      "jobname" : "seq_write_direct0_fsync0",
      "groupid" : 0,
      "job_start" : 1733210799329,
      "error" : 0,
      "eta" : 0,
      "elapsed" : 120,
      "job options" : {
        "name" : "seq_write_direct0_fsync0",
        "rw" : "write",
        "direct" : "0",
        "bs" : "4k",
        "runtime" : "30",
        "ramp_time" : "60",
        "filename" : "/dev/mapper/rollbaccine1",
        "iodepth" : "1",
        "numjobs" : "1",
        "end_fsync" : "1"
      },
      "read" : {
        "io_bytes" : 0,
        "io_kbytes" : 0,
        "bw_bytes" : 0,
        "bw" : 0,
        "iops" : 0.000000,
        "runtime" : 0,
        "total_ios" : 0,
        "short_ios" : 0,
        "drop_ios" : 0,
        "slat_ns" : {
          "min" : 0,
          "max" : 0,
          "mean" : 0.000000,
          "stddev" : 0.000000,
          "N" : 0
        },
        "clat_ns" : {
          "min" : 0,
          "max" : 0,
          "mean" : 0.000000,
          "stddev" : 0.000000,
          "N" : 0
        },
        "lat_ns" : {
          "min" : 0,
          "max" : 0,
          "mean" : 0.000000,
          "stddev" : 0.000000,
          "N" : 0
        },
        "bw_min" : 0,
        "bw_max" : 0,
        "bw_agg" : 0.000000,
        "bw_mean" : 0.000000,
        "bw_dev" : 0.000000,
        "bw_samples" : 0,
        "iops_min" : 0,
        "iops_max" : 0,
        "iops_mean" : 0.000000,
        "iops_stddev" : 0.000000,
        "iops_samples" : 0
      },
      "write" : {
        "io_bytes" : 15393476608,
        "io_kbytes" : 15032692,
        "bw_bytes" : 300383963,
        "bw" : 293343,
        "iops" : 73335.928658,
        "runtime" : 51246,
        "total_ios" : 3758173,
        "short_ios" : 0,
        "drop_ios" : 0,
        "slat_ns" : {
          "min" : 0,
          "max" : 0,
          "mean" : 0.000000,
          "stddev" : 0.000000,
          "N" : 0
        },
        "clat_ns" : {
          "min" : 2400,
          "max" : 11812608,
          "mean" : 7692.165822,
          "stddev" : 214730.777792,
          "N" : 3758173,
          "percentile" : {
            "1.000000" : 2512,
            "5.000000" : 2608,
            "10.000000" : 2608,
            "20.000000" : 2608,
            "30.000000" : 2608,
            "40.000000" : 2608,
            "50.000000" : 2704,
            "60.000000" : 2704,
            "70.000000" : 2800,
            "80.000000" : 3088,
            "90.000000" : 4128,
            "95.000000" : 4320,
            "99.000000" : 7328,
            "99.500000" : 28288,
            "99.900000" : 54528,
            "99.950000" : 95744,
            "99.990000" : 10682368
          }
        },
        "lat_ns" : {
          "min" : 2500,
          "max" : 11812708,
          "mean" : 7746.714117,
          "stddev" : 214731.096746,
          "N" : 3758173
        },
        "bw_min" : 492480,
        "bw_max" : 506981,
        "bw_agg" : 100.000000,
        "bw_mean" : 501255.616667,
        "bw_dev" : 4069.026520,
        "bw_samples" : 60,
        "iops_min" : 123120,
        "iops_max" : 126745,
        "iops_mean" : 125313.950000,
        "iops_stddev" : 1017.262052,
        "iops_samples" : 60
      },
      "trim" : {
        "io_bytes" : 0,
        "io_kbytes" : 0,
        "bw_bytes" : 0,
        "bw" : 0,
        "iops" : 0.000000,
        "runtime" : 0,
        "total_ios" : 0,
        "short_ios" : 0,
        "drop_ios" : 0,
        "slat_ns" : {
          "min" : 0,
          "max" : 0,
          "mean" : 0.000000,
          "stddev" : 0.000000,
          "N" : 0
        },
        "clat_ns" : {
          "min" : 0,
          "max" : 0,
          "mean" : 0.000000,
          "stddev" : 0.000000,
          "N" : 0
        },
        "lat_ns" : {
          "min" : 0,
          "max" : 0,
          "mean" : 0.000000,
          "stddev" : 0.000000,
          "N" : 0
        },
        "bw_min" : 0,
        "bw_max" : 0,
        "bw_agg" : 0.000000,
        "bw_mean" : 0.000000,
        "bw_dev" : 0.000000,
        "bw_samples" : 0,
        "iops_min" : 0,
        "iops_max" : 0,
        "iops_mean" : 0.000000,
        "iops_stddev" : 0.000000,
        "iops_samples" : 0
      },
      "sync" : {
        "total_ios" : 0,
        "lat_ns" : {
          "min" : 0,
          "max" : 0,
          "mean" : 0.000000,
          "stddev" : 0.000000,
          "N" : 0
        }
      },
      "job_runtime" : 51245,
      "usr_cpu" : 3.707679,
      "sys_cpu" : 47.860279,
      "ctx" : 311270,
      "majf" : 0,
      "minf" : 36,
      "iodepth_level" : {
        "1" : 100.000000,
        "2" : 0.000000,
        "4" : 0.000000,
        "8" : 0.000000,
        "16" : 0.000000,
        "32" : 0.000000,
        ">=64" : 0.000000
      },
      "iodepth_submit" : {
        "0" : 0.000000,
        "4" : 100.000000,
        "8" : 0.000000,
        "16" : 0.000000,
        "32" : 0.000000,
        "64" : 0.000000,
        ">=64" : 0.000000
      },
      "iodepth_complete" : {
        "0" : 0.000000,
        "4" : 100.000000,
        "8" : 0.000000,
        "16" : 0.000000,
        "32" : 0.000000,
        "64" : 0.000000,
        ">=64" : 0.000000
      },
      "latency_ns" : {
        "2" : 0.000000,
        "4" : 0.000000,
        "10" : 0.000000,
        "20" : 0.000000,
        "50" : 0.000000,
        "100" : 0.000000,
        "250" : 0.000000,
        "500" : 0.000000,
        "750" : 0.000000,
        "1000" : 0.000000
      },
      "latency_us" : {
        "2" : 0.000000,
        "4" : 88.715794,
        "10" : 10.550153,
        "20" : 0.146294,
        "50" : 0.471293,
        "100" : 0.067107,
        "250" : 0.010000,
        "500" : 0.010000,
        "750" : 0.010000,
        "1000" : 0.010000
      },
      "latency_ms" : {
        "2" : 0.000000,
        "4" : 0.010000,
        "10" : 0.016684,
        "20" : 0.027673,
        "50" : 0.000000,
        "100" : 0.000000,
        "250" : 0.000000,
        "500" : 0.000000,
        "750" : 0.000000,
        "1000" : 0.000000,
        "2000" : 0.000000,
        ">=2000" : 0.000000
      },
      "latency_depth" : 1,
      "latency_target" : 0,
      "latency_percentile" : 100.000000,
      "latency_window" : 0
    }
  ]
}
