{
  "fio version" : "fio-3.36",
  "timestamp" : 1733210739,
  "timestamp_ms" : 1733210739113,
  "time" : "Tue Dec  3 07:25:39 2024",
  "jobs" : [
    {
      "jobname" : "seq_write_direct0_fsync1",
      "groupid" : 0,
      "job_start" : 1733210708999,
      "error" : 0,
      "eta" : 0,
      "elapsed" : 91,
      "job options" : {
        "name" : "seq_write_direct0_fsync1",
        "rw" : "write",
        "direct" : "0",
        "bs" : "4k",
        "runtime" : "30",
        "ramp_time" : "60",
        "filename" : "/dev/mapper/rollbaccine1",
        "iodepth" : "1",
        "numjobs" : "16",
        "fsync" : "1",
        "end_fsync" : "1"
      },
      "read" : {
        "io_bytes" : 0,
        "io_kbytes" : 0,
        "bw_bytes" : 0,
        "bw" : 0,
        "iops" : 0.000000,
        "runtime" : 0,
        "total_ios" : 0,
        "short_ios" : 0,
        "drop_ios" : 0,
        "slat_ns" : {
          "min" : 0,
          "max" : 0,
          "mean" : 0.000000,
          "stddev" : 0.000000,
          "N" : 0
        },
        "clat_ns" : {
          "min" : 0,
          "max" : 0,
          "mean" : 0.000000,
          "stddev" : 0.000000,
          "N" : 0
        },
        "lat_ns" : {
          "min" : 0,
          "max" : 0,
          "mean" : 0.000000,
          "stddev" : 0.000000,
          "N" : 0
        },
        "bw_min" : 0,
        "bw_max" : 0,
        "bw_agg" : 0.000000,
        "bw_mean" : 0.000000,
        "bw_dev" : 0.000000,
        "bw_samples" : 0,
        "iops_min" : 0,
        "iops_max" : 0,
        "iops_mean" : 0.000000,
        "iops_stddev" : 0.000000,
        "iops_samples" : 0
      },
      "write" : {
        "io_bytes" : 1916874752,
        "io_kbytes" : 1871948,
        "bw_bytes" : 63808619,
        "bw" : 62313,
        "iops" : 15578.276356,
        "runtime" : 30041,
        "total_ios" : 467987,
        "short_ios" : 0,
        "drop_ios" : 0,
        "slat_ns" : {
          "min" : 0,
          "max" : 0,
          "mean" : 0.000000,
          "stddev" : 0.000000,
          "N" : 0
        },
        "clat_ns" : {
          "min" : 1500,
          "max" : 13615626,
          "mean" : 7749.223788,
          "stddev" : 29969.013110,
          "N" : 467987,
          "percentile" : {
            "1.000000" : 2896,
            "5.000000" : 3408,
            "10.000000" : 3696,
            "20.000000" : 4016,
            "30.000000" : 4320,
            "40.000000" : 4576,
            "50.000000" : 5024,
            "60.000000" : 5600,
            "70.000000" : 6496,
            "80.000000" : 7392,
            "90.000000" : 8640,
            "95.000000" : 11712,
            "99.000000" : 61696,
            "99.500000" : 96768,
            "99.900000" : 292864,
            "99.950000" : 382976,
            "99.990000" : 651264
          }
        },
        "lat_ns" : {
          "min" : 1600,
          "max" : 13616026,
          "mean" : 8093.508591,
          "stddev" : 30007.042632,
          "N" : 467987
        },
        "bw_min" : 56552,
        "bw_max" : 67656,
        "bw_agg" : 100.000000,
        "bw_mean" : 62415.214124,
        "bw_dev" : 156.909014,
        "bw_samples" : 958,
        "iops_min" : 14138,
        "iops_max" : 16914,
        "iops_mean" : 15602.488701,
        "iops_stddev" : 39.252755,
        "iops_samples" : 958
      },
      "trim" : {
        "io_bytes" : 0,
        "io_kbytes" : 0,
        "bw_bytes" : 0,
        "bw" : 0,
        "iops" : 0.000000,
        "runtime" : 0,
        "total_ios" : 0,
        "short_ios" : 0,
        "drop_ios" : 0,
        "slat_ns" : {
          "min" : 0,
          "max" : 0,
          "mean" : 0.000000,
          "stddev" : 0.000000,
          "N" : 0
        },
        "clat_ns" : {
          "min" : 0,
          "max" : 0,
          "mean" : 0.000000,
          "stddev" : 0.000000,
          "N" : 0
        },
        "lat_ns" : {
          "min" : 0,
          "max" : 0,
          "mean" : 0.000000,
          "stddev" : 0.000000,
          "N" : 0
        },
        "bw_min" : 0,
        "bw_max" : 0,
        "bw_agg" : 0.000000,
        "bw_mean" : 0.000000,
        "bw_dev" : 0.000000,
        "bw_samples" : 0,
        "iops_min" : 0,
        "iops_max" : 0,
        "iops_mean" : 0.000000,
        "iops_stddev" : 0.000000,
        "iops_samples" : 0
      },
      "sync" : {
        "total_ios" : 467987,
        "lat_ns" : {
          "min" : 419404,
          "max" : 47872439,
          "mean" : 1015177.953984,
          "stddev" : 736703.275649,
          "N" : 467987,
          "percentile" : {
            "1.000000" : 593920,
            "5.000000" : 667648,
            "10.000000" : 708608,
            "20.000000" : 774144,
            "30.000000" : 823296,
            "40.000000" : 864256,
            "50.000000" : 913408,
            "60.000000" : 970752,
            "70.000000" : 1028096,
            "80.000000" : 1122304,
            "90.000000" : 1269760,
            "95.000000" : 1499136,
            "99.000000" : 2998272,
            "99.500000" : 4423680,
            "99.900000" : 8093696,
            "99.950000" : 12779520,
            "99.990000" : 31850496
          }
        }
      },
      "job_runtime" : 480040,
      "usr_cpu" : 1.041372,
      "sys_cpu" : 10.592659,
      "ctx" : 1363477,
      "majf" : 0,
      "minf" : 592,
      "iodepth_level" : {
        "1" : 200.000000,
        "2" : 0.000000,
        "4" : 0.000000,
        "8" : 0.000000,
        "16" : 0.000000,
        "32" : 0.000000,
        ">=64" : 0.000000
      },
      "iodepth_submit" : {
        "0" : 0.000000,
        "4" : 100.000000,
        "8" : 0.000000,
        "16" : 0.000000,
        "32" : 0.000000,
        "64" : 0.000000,
        ">=64" : 0.000000
      },
      "iodepth_complete" : {
        "0" : 0.000000,
        "4" : 100.000000,
        "8" : 0.000000,
        "16" : 0.000000,
        "32" : 0.000000,
        "64" : 0.000000,
        ">=64" : 0.000000
      },
      "latency_ns" : {
        "2" : 0.000000,
        "4" : 0.000000,
        "10" : 0.000000,
        "20" : 0.000000,
        "50" : 0.000000,
        "100" : 0.000000,
        "250" : 0.000000,
        "500" : 0.000000,
        "750" : 0.000000,
        "1000" : 0.000000
      },
      "latency_us" : {
        "2" : 0.010000,
        "4" : 16.763286,
        "10" : 76.357677,
        "20" : 3.663350,
        "50" : 1.869496,
        "100" : 0.867118,
        "250" : 0.342745,
        "500" : 0.114747,
        "750" : 0.010684,
        "1000" : 0.010000
      },
      "latency_ms" : {
        "2" : 0.010000,
        "4" : 0.010000,
        "10" : 0.010000,
        "20" : 0.010000,
        "50" : 0.000000,
        "100" : 0.000000,
        "250" : 0.000000,
        "500" : 0.000000,
        "750" : 0.000000,
        "1000" : 0.000000,
        "2000" : 0.000000,
        ">=2000" : 0.000000
      },
      "latency_depth" : 1,
      "latency_target" : 0,
      "latency_percentile" : 100.000000,
      "latency_window" : 0
    }
  ]
}
