{
  "fio version" : "fio-3.36",
  "timestamp" : 1733214369,
  "timestamp_ms" : 1733214369870,
  "time" : "Tue Dec  3 08:26:09 2024",
  "jobs" : [
    {
      "jobname" : "seq_read_direct0_fsync0",
      "groupid" : 0,
      "job_start" : 1733214339467,
      "error" : 0,
      "eta" : 0,
      "elapsed" : 91,
      "job options" : {
        "name" : "seq_read_direct0_fsync0",
        "rw" : "read",
        "direct" : "0",
        "bs" : "4k",
        "runtime" : "30",
        "ramp_time" : "60",
        "filename" : "/dev/mapper/rollbaccine1",
        "iodepth" : "1",
        "numjobs" : "16",
        "end_fsync" : "1"
      },
      "read" : {
        "io_bytes" : 20833591296,
        "io_kbytes" : 20345304,
        "bw_bytes" : 694429895,
        "bw" : 678154,
        "iops" : 169538.548715,
        "runtime" : 30001,
        "total_ios" : 5086326,
        "short_ios" : 0,
        "drop_ios" : 0,
        "slat_ns" : {
          "min" : 0,
          "max" : 0,
          "mean" : 0.000000,
          "stddev" : 0.000000,
          "N" : 0
        },
        "clat_ns" : {
          "min" : 700,
          "max" : 9878591,
          "mean" : 93931.143012,
          "stddev" : 113059.596220,
          "N" : 5086326,
          "percentile" : {
            "1.000000" : 700,
            "5.000000" : 804,
            "10.000000" : 804,
            "20.000000" : 900,
            "30.000000" : 1004,
            "40.000000" : 1096,
            "50.000000" : 1896,
            "60.000000" : 160768,
            "70.000000" : 185344,
            "80.000000" : 193536,
            "90.000000" : 211968,
            "95.000000" : 226304,
            "99.000000" : 333824,
            "99.500000" : 489472,
            "99.900000" : 700416,
            "99.950000" : 831488,
            "99.990000" : 1957888
          }
        },
        "lat_ns" : {
          "min" : 700,
          "max" : 9878591,
          "mean" : 93995.560072,
          "stddev" : 113063.719387,
          "N" : 5086326
        },
        "bw_min" : 596320,
        "bw_max" : 754808,
        "bw_agg" : 100.000000,
        "bw_mean" : 678372.200000,
        "bw_dev" : 2298.772127,
        "bw_samples" : 960,
        "iops_min" : 149080,
        "iops_max" : 188702,
        "iops_mean" : 169591.866667,
        "iops_stddev" : 574.655654,
        "iops_samples" : 960
      },
      "write" : {
        "io_bytes" : 0,
        "io_kbytes" : 0,
        "bw_bytes" : 0,
        "bw" : 0,
        "iops" : 0.000000,
        "runtime" : 0,
        "total_ios" : 0,
        "short_ios" : 0,
        "drop_ios" : 0,
        "slat_ns" : {
          "min" : 0,
          "max" : 0,
          "mean" : 0.000000,
          "stddev" : 0.000000,
          "N" : 0
        },
        "clat_ns" : {
          "min" : 0,
          "max" : 0,
          "mean" : 0.000000,
          "stddev" : 0.000000,
          "N" : 0
        },
        "lat_ns" : {
          "min" : 0,
          "max" : 0,
          "mean" : 0.000000,
          "stddev" : 0.000000,
          "N" : 0
        },
        "bw_min" : 0,
        "bw_max" : 0,
        "bw_agg" : 0.000000,
        "bw_mean" : 0.000000,
        "bw_dev" : 0.000000,
        "bw_samples" : 0,
        "iops_min" : 0,
        "iops_max" : 0,
        "iops_mean" : 0.000000,
        "iops_stddev" : 0.000000,
        "iops_samples" : 0
      },
      "trim" : {
        "io_bytes" : 0,
        "io_kbytes" : 0,
        "bw_bytes" : 0,
        "bw" : 0,
        "iops" : 0.000000,
        "runtime" : 0,
        "total_ios" : 0,
        "short_ios" : 0,
        "drop_ios" : 0,
        "slat_ns" : {
          "min" : 0,
          "max" : 0,
          "mean" : 0.000000,
          "stddev" : 0.000000,
          "N" : 0
        },
        "clat_ns" : {
          "min" : 0,
          "max" : 0,
          "mean" : 0.000000,
          "stddev" : 0.000000,
          "N" : 0
        },
        "lat_ns" : {
          "min" : 0,
          "max" : 0,
          "mean" : 0.000000,
          "stddev" : 0.000000,
          "N" : 0
        },
        "bw_min" : 0,
        "bw_max" : 0,
        "bw_agg" : 0.000000,
        "bw_mean" : 0.000000,
        "bw_dev" : 0.000000,
        "bw_samples" : 0,
        "iops_min" : 0,
        "iops_max" : 0,
        "iops_mean" : 0.000000,
        "iops_stddev" : 0.000000,
        "iops_samples" : 0
      },
      "sync" : {
        "total_ios" : 0,
        "lat_ns" : {
          "min" : 0,
          "max" : 0,
          "mean" : 0.000000,
          "stddev" : 0.000000,
          "N" : 0
        }
      },
      "job_runtime" : 480000,
      "usr_cpu" : 3.215833,
      "sys_cpu" : 7.985833,
      "ctx" : 2378798,
      "majf" : 0,
      "minf" : 582,
      "iodepth_level" : {
        "1" : 100.000000,
        "2" : 0.000000,
        "4" : 0.000000,
        "8" : 0.000000,
        "16" : 0.000000,
        "32" : 0.000000,
        ">=64" : 0.000000
      },
      "iodepth_submit" : {
        "0" : 0.000000,
        "4" : 100.000000,
        "8" : 0.000000,
        "16" : 0.000000,
        "32" : 0.000000,
        "64" : 0.000000,
        ">=64" : 0.000000
      },
      "iodepth_complete" : {
        "0" : 0.000000,
        "4" : 100.000000,
        "8" : 0.000000,
        "16" : 0.000000,
        "32" : 0.000000,
        "64" : 0.000000,
        ">=64" : 0.000000
      },
      "latency_ns" : {
        "2" : 0.000000,
        "4" : 0.000000,
        "10" : 0.000000,
        "20" : 0.000000,
        "50" : 0.000000,
        "100" : 0.000000,
        "250" : 0.000000,
        "500" : 0.000000,
        "750" : 4.907157,
        "1000" : 18.273858
      },
      "latency_us" : {
        "2" : 26.946680,
        "4" : 2.925334,
        "10" : 0.018835,
        "20" : 0.010000,
        "50" : 0.082751,
        "100" : 0.070994,
        "250" : 44.542996,
        "500" : 1.754272,
        "750" : 0.404044,
        "1000" : 0.037748
      },
      "latency_ms" : {
        "2" : 0.024458,
        "4" : 0.010000,
        "10" : 0.010000,
        "20" : 0.000000,
        "50" : 0.000000,
        "100" : 0.000000,
        "250" : 0.000000,
        "500" : 0.000000,
        "750" : 0.000000,
        "1000" : 0.000000,
        "2000" : 0.000000,
        ">=2000" : 0.000000
      },
      "latency_depth" : 1,
      "latency_target" : 0,
      "latency_percentile" : 100.000000,
      "latency_window" : 0
    }
  ]
}
