{
  "fio version" : "fio-3.36",
  "timestamp" : 1733291708,
  "timestamp_ms" : 1733291708620,
  "time" : "Wed Dec  4 05:55:08 2024",
  "jobs" : [
    {
      "jobname" : "ROLLBACCINE_randwrite_direct1_fsync1_threads_128_d037",
      "groupid" : 0,
      "job_start" : 1733291648551,
      "error" : 0,
      "eta" : 0,
      "elapsed" : 91,
      "job options" : {
        "name" : "ROLLBACCINE_randwrite_direct1_fsync1_threads_128_d037",
        "rw" : "randwrite",
        "direct" : "1",
        "filename" : "/dev/mapper/rollbaccine1",
        "numjobs" : "128",
        "fsync" : "1",
        "bs" : "4k",
        "ramp_time" : "30",
        "runtime" : "60",
        "iodepth" : "1",
        "end_fsync" : "1"
      },
      "read" : {
        "io_bytes" : 0,
        "io_kbytes" : 0,
        "bw_bytes" : 0,
        "bw" : 0,
        "iops" : 0.000000,
        "runtime" : 0,
        "total_ios" : 0,
        "short_ios" : 0,
        "drop_ios" : 0,
        "slat_ns" : {
          "min" : 0,
          "max" : 0,
          "mean" : 0.000000,
          "stddev" : 0.000000,
          "N" : 0
        },
        "clat_ns" : {
          "min" : 0,
          "max" : 0,
          "mean" : 0.000000,
          "stddev" : 0.000000,
          "N" : 0
        },
        "lat_ns" : {
          "min" : 0,
          "max" : 0,
          "mean" : 0.000000,
          "stddev" : 0.000000,
          "N" : 0
        },
        "bw_min" : 0,
        "bw_max" : 0,
        "bw_agg" : 0.000000,
        "bw_mean" : 0.000000,
        "bw_dev" : 0.000000,
        "bw_samples" : 0,
        "iops_min" : 0,
        "iops_max" : 0,
        "iops_mean" : 0.000000,
        "iops_stddev" : 0.000000,
        "iops_samples" : 0
      },
      "write" : {
        "io_bytes" : 10677067776,
        "io_kbytes" : 10426824,
        "bw_bytes" : 177868124,
        "bw" : 173699,
        "iops" : 43424.835077,
        "runtime" : 60028,
        "total_ios" : 2606706,
        "short_ios" : 0,
        "drop_ios" : 0,
        "slat_ns" : {
          "min" : 0,
          "max" : 0,
          "mean" : 0.000000,
          "stddev" : 0.000000,
          "N" : 0
        },
        "clat_ns" : {
          "min" : 67601,
          "max" : 73438569,
          "mean" : 1749936.213129,
          "stddev" : 2421710.074025,
          "N" : 2606706,
          "percentile" : {
            "1.000000" : 160768,
            "5.000000" : 209920,
            "10.000000" : 252928,
            "20.000000" : 333824,
            "30.000000" : 419840,
            "40.000000" : 528384,
            "50.000000" : 692224,
            "60.000000" : 987136,
            "70.000000" : 1548288,
            "80.000000" : 2801664,
            "90.000000" : 5275648,
            "95.000000" : 6717440,
            "99.000000" : 9502720,
            "99.500000" : 11337728,
            "99.900000" : 18743296,
            "99.950000" : 26869760,
            "99.990000" : 46923776
          }
        },
        "lat_ns" : {
          "min" : 67701,
          "max" : 73438769,
          "mean" : 1750180.069703,
          "stddev" : 2421701.591677,
          "N" : 2606706
        },
        "bw_min" : 128382,
        "bw_max" : 206870,
        "bw_agg" : 100.000000,
        "bw_mean" : 173848.882353,
        "bw_dev" : 109.484921,
        "bw_samples" : 15232,
        "iops_min" : 32090,
        "iops_max" : 51716,
        "iops_mean" : 43457.159664,
        "iops_stddev" : 27.374223,
        "iops_samples" : 15232
      },
      "trim" : {
        "io_bytes" : 0,
        "io_kbytes" : 0,
        "bw_bytes" : 0,
        "bw" : 0,
        "iops" : 0.000000,
        "runtime" : 0,
        "total_ios" : 0,
        "short_ios" : 0,
        "drop_ios" : 0,
        "slat_ns" : {
          "min" : 0,
          "max" : 0,
          "mean" : 0.000000,
          "stddev" : 0.000000,
          "N" : 0
        },
        "clat_ns" : {
          "min" : 0,
          "max" : 0,
          "mean" : 0.000000,
          "stddev" : 0.000000,
          "N" : 0
        },
        "lat_ns" : {
          "min" : 0,
          "max" : 0,
          "mean" : 0.000000,
          "stddev" : 0.000000,
          "N" : 0
        },
        "bw_min" : 0,
        "bw_max" : 0,
        "bw_agg" : 0.000000,
        "bw_mean" : 0.000000,
        "bw_dev" : 0.000000,
        "bw_samples" : 0,
        "iops_min" : 0,
        "iops_max" : 0,
        "iops_mean" : 0.000000,
        "iops_stddev" : 0.000000,
        "iops_samples" : 0
      },
      "sync" : {
        "total_ios" : 2606660,
        "lat_ns" : {
          "min" : 264003,
          "max" : 76298707,
          "mean" : 1192366.152459,
          "stddev" : 1182402.581721,
          "N" : 2606660,
          "percentile" : {
            "1.000000" : 552960,
            "5.000000" : 667648,
            "10.000000" : 724992,
            "20.000000" : 815104,
            "30.000000" : 880640,
            "40.000000" : 954368,
            "50.000000" : 1019904,
            "60.000000" : 1105920,
            "70.000000" : 1187840,
            "80.000000" : 1318912,
            "90.000000" : 1581056,
            "95.000000" : 1990656,
            "99.000000" : 5079040,
            "99.500000" : 5931008,
            "99.900000" : 8093696,
            "99.950000" : 10158080,
            "99.990000" : 61603840
          }
        }
      },
      "job_runtime" : 7680138,
      "usr_cpu" : 0.301453,
      "sys_cpu" : 3.709621,
      "ctx" : 8213717,
      "majf" : 0,
      "minf" : 4703,
      "iodepth_level" : {
        "1" : 199.998235,
        "2" : 0.000000,
        "4" : 0.000000,
        "8" : 0.000000,
        "16" : 0.000000,
        "32" : 0.000000,
        ">=64" : 0.000000
      },
      "iodepth_submit" : {
        "0" : 0.000000,
        "4" : 100.000000,
        "8" : 0.000000,
        "16" : 0.000000,
        "32" : 0.000000,
        "64" : 0.000000,
        ">=64" : 0.000000
      },
      "iodepth_complete" : {
        "0" : 0.000000,
        "4" : 100.000000,
        "8" : 0.000000,
        "16" : 0.000000,
        "32" : 0.000000,
        "64" : 0.000000,
        ">=64" : 0.000000
      },
      "latency_ns" : {
        "2" : 0.000000,
        "4" : 0.000000,
        "10" : 0.000000,
        "20" : 0.000000,
        "50" : 0.000000,
        "100" : 0.000000,
        "250" : 0.000000,
        "500" : 0.000000,
        "750" : 0.000000,
        "1000" : 0.000000
      },
      "latency_us" : {
        "2" : 0.000000,
        "4" : 0.000000,
        "10" : 0.000000,
        "20" : 0.000000,
        "50" : 0.000000,
        "100" : 0.010000,
        "250" : 9.522017,
        "500" : 28.280021,
        "750" : 14.792807,
        "1000" : 7.801033
      },
      "latency_ms" : {
        "2" : 14.647221,
        "4" : 9.796540,
        "10" : 14.322329,
        "20" : 0.739899,
        "50" : 0.081942,
        "100" : 0.010000,
        "250" : 0.000000,
        "500" : 0.000000,
        "750" : 0.000000,
        "1000" : 0.000000,
        "2000" : 0.000000,
        ">=2000" : 0.000000
      },
      "latency_depth" : 1,
      "latency_target" : 0,
      "latency_percentile" : 100.000000,
      "latency_window" : 0
    }
  ]
}
