{
  "fio version" : "fio-3.36",
  "timestamp" : 1733212459,
  "timestamp_ms" : 1733212459372,
  "time" : "Tue Dec  3 07:54:19 2024",
  "jobs" : [
    {
      "jobname" : "rand_write_direct0_fsync1",
      "groupid" : 0,
      "job_start" : 1733212428767,
      "error" : 0,
      "eta" : 0,
      "elapsed" : 91,
      "job options" : {
        "name" : "rand_write_direct0_fsync1",
        "rw" : "randwrite",
        "direct" : "0",
        "bs" : "4k",
        "runtime" : "30",
        "ramp_time" : "60",
        "filename" : "/dev/mapper/rollbaccine1",
        "iodepth" : "1",
        "numjobs" : "2",
        "fsync" : "1",
        "end_fsync" : "1"
      },
      "read" : {
        "io_bytes" : 0,
        "io_kbytes" : 0,
        "bw_bytes" : 0,
        "bw" : 0,
        "iops" : 0.000000,
        "runtime" : 0,
        "total_ios" : 0,
        "short_ios" : 0,
        "drop_ios" : 0,
        "slat_ns" : {
          "min" : 0,
          "max" : 0,
          "mean" : 0.000000,
          "stddev" : 0.000000,
          "N" : 0
        },
        "clat_ns" : {
          "min" : 0,
          "max" : 0,
          "mean" : 0.000000,
          "stddev" : 0.000000,
          "N" : 0
        },
        "lat_ns" : {
          "min" : 0,
          "max" : 0,
          "mean" : 0.000000,
          "stddev" : 0.000000,
          "N" : 0
        },
        "bw_min" : 0,
        "bw_max" : 0,
        "bw_agg" : 0.000000,
        "bw_mean" : 0.000000,
        "bw_dev" : 0.000000,
        "bw_samples" : 0,
        "iops_min" : 0,
        "iops_max" : 0,
        "iops_mean" : 0.000000,
        "iops_stddev" : 0.000000,
        "iops_samples" : 0
      },
      "write" : {
        "io_bytes" : 325771264,
        "io_kbytes" : 318136,
        "bw_bytes" : 10858680,
        "bw" : 10604,
        "iops" : 2651.044965,
        "runtime" : 30001,
        "total_ios" : 79534,
        "short_ios" : 0,
        "drop_ios" : 0,
        "slat_ns" : {
          "min" : 0,
          "max" : 0,
          "mean" : 0.000000,
          "stddev" : 0.000000,
          "N" : 0
        },
        "clat_ns" : {
          "min" : 4400,
          "max" : 408503,
          "mean" : 7475.932193,
          "stddev" : 4128.762913,
          "N" : 79534,
          "percentile" : {
            "1.000000" : 5920,
            "5.000000" : 6112,
            "10.000000" : 6304,
            "20.000000" : 6432,
            "30.000000" : 6496,
            "40.000000" : 6624,
            "50.000000" : 6816,
            "60.000000" : 6880,
            "70.000000" : 7072,
            "80.000000" : 7392,
            "90.000000" : 8640,
            "95.000000" : 10560,
            "99.000000" : 17792,
            "99.500000" : 43264,
            "99.900000" : 50944,
            "99.950000" : 58112,
            "99.990000" : 82432
          }
        },
        "lat_ns" : {
          "min" : 4600,
          "max" : 408903,
          "mean" : 7694.848241,
          "stddev" : 4199.351713,
          "N" : 79534
        },
        "bw_min" : 8160,
        "bw_max" : 12760,
        "bw_agg" : 100.000000,
        "bw_mean" : 10607.383333,
        "bw_dev" : 383.901020,
        "bw_samples" : 120,
        "iops_min" : 2040,
        "iops_max" : 3190,
        "iops_mean" : 2651.700000,
        "iops_stddev" : 95.971328,
        "iops_samples" : 120
      },
      "trim" : {
        "io_bytes" : 0,
        "io_kbytes" : 0,
        "bw_bytes" : 0,
        "bw" : 0,
        "iops" : 0.000000,
        "runtime" : 0,
        "total_ios" : 0,
        "short_ios" : 0,
        "drop_ios" : 0,
        "slat_ns" : {
          "min" : 0,
          "max" : 0,
          "mean" : 0.000000,
          "stddev" : 0.000000,
          "N" : 0
        },
        "clat_ns" : {
          "min" : 0,
          "max" : 0,
          "mean" : 0.000000,
          "stddev" : 0.000000,
          "N" : 0
        },
        "lat_ns" : {
          "min" : 0,
          "max" : 0,
          "mean" : 0.000000,
          "stddev" : 0.000000,
          "N" : 0
        },
        "bw_min" : 0,
        "bw_max" : 0,
        "bw_agg" : 0.000000,
        "bw_mean" : 0.000000,
        "bw_dev" : 0.000000,
        "bw_samples" : 0,
        "iops_min" : 0,
        "iops_max" : 0,
        "iops_mean" : 0.000000,
        "iops_stddev" : 0.000000,
        "iops_samples" : 0
      },
      "sync" : {
        "total_ios" : 79534,
        "lat_ns" : {
          "min" : 360403,
          "max" : 17846269,
          "mean" : 744600.084643,
          "stddev" : 366021.144016,
          "N" : 79534,
          "percentile" : {
            "1.000000" : 493568,
            "5.000000" : 528384,
            "10.000000" : 552960,
            "20.000000" : 577536,
            "30.000000" : 602112,
            "40.000000" : 626688,
            "50.000000" : 651264,
            "60.000000" : 684032,
            "70.000000" : 724992,
            "80.000000" : 790528,
            "90.000000" : 978944,
            "95.000000" : 1318912,
            "99.000000" : 2179072,
            "99.500000" : 2768896,
            "99.900000" : 4620288,
            "99.950000" : 5013504,
            "99.990000" : 6389760
          }
        }
      },
      "job_runtime" : 60000,
      "usr_cpu" : 1.181667,
      "sys_cpu" : 9.171667,
      "ctx" : 159931,
      "majf" : 0,
      "minf" : 73,
      "iodepth_level" : {
        "1" : 200.000000,
        "2" : 0.000000,
        "4" : 0.000000,
        "8" : 0.000000,
        "16" : 0.000000,
        "32" : 0.000000,
        ">=64" : 0.000000
      },
      "iodepth_submit" : {
        "0" : 0.000000,
        "4" : 100.000000,
        "8" : 0.000000,
        "16" : 0.000000,
        "32" : 0.000000,
        "64" : 0.000000,
        ">=64" : 0.000000
      },
      "iodepth_complete" : {
        "0" : 0.000000,
        "4" : 100.000000,
        "8" : 0.000000,
        "16" : 0.000000,
        "32" : 0.000000,
        "64" : 0.000000,
        ">=64" : 0.000000
      },
      "latency_ns" : {
        "2" : 0.000000,
        "4" : 0.000000,
        "10" : 0.000000,
        "20" : 0.000000,
        "50" : 0.000000,
        "100" : 0.000000,
        "250" : 0.000000,
        "500" : 0.000000,
        "750" : 0.000000,
        "1000" : 0.000000
      },
      "latency_us" : {
        "2" : 0.000000,
        "4" : 0.000000,
        "10" : 93.136269,
        "20" : 6.008751,
        "50" : 0.746850,
        "100" : 0.103101,
        "250" : 0.010000,
        "500" : 0.010000,
        "750" : 0.000000,
        "1000" : 0.000000
      },
      "latency_ms" : {
        "2" : 0.000000,
        "4" : 0.000000,
        "10" : 0.000000,
        "20" : 0.000000,
        "50" : 0.000000,
        "100" : 0.000000,
        "250" : 0.000000,
        "500" : 0.000000,
        "750" : 0.000000,
        "1000" : 0.000000,
        "2000" : 0.000000,
        ">=2000" : 0.000000
      },
      "latency_depth" : 1,
      "latency_target" : 0,
      "latency_percentile" : 100.000000,
      "latency_window" : 0
    }
  ]
}
