{
  "fio version" : "fio-3.36",
  "timestamp" : 1733290808,
  "timestamp_ms" : 1733290808845,
  "time" : "Wed Dec  4 05:40:08 2024",
  "jobs" : [
    {
      "jobname" : "ROLLBACCINE_read_direct1_fsync0_threads_64_e0a7",
      "groupid" : 0,
      "job_start" : 1733290748818,
      "error" : 0,
      "eta" : 0,
      "elapsed" : 91,
      "job options" : {
        "name" : "ROLLBACCINE_read_direct1_fsync0_threads_64_e0a7",
        "rw" : "read",
        "direct" : "1",
        "filename" : "/dev/mapper/rollbaccine1",
        "numjobs" : "64",
        "fsync" : "0",
        "bs" : "4k",
        "ramp_time" : "30",
        "runtime" : "60",
        "iodepth" : "1",
        "end_fsync" : "1"
      },
      "read" : {
        "io_bytes" : 18006388736,
        "io_kbytes" : 17584364,
        "bw_bytes" : 300086473,
        "bw" : 293053,
        "iops" : 73263.299113,
        "runtime" : 60004,
        "total_ios" : 4396091,
        "short_ios" : 0,
        "drop_ios" : 0,
        "slat_ns" : {
          "min" : 0,
          "max" : 0,
          "mean" : 0.000000,
          "stddev" : 0.000000,
          "N" : 0
        },
        "clat_ns" : {
          "min" : 114901,
          "max" : 79749873,
          "mean" : 872485.949395,
          "stddev" : 1601627.974068,
          "N" : 4396091,
          "percentile" : {
            "1.000000" : 168960,
            "5.000000" : 187392,
            "10.000000" : 197632,
            "20.000000" : 214016,
            "30.000000" : 228352,
            "40.000000" : 248832,
            "50.000000" : 292864,
            "60.000000" : 1003520,
            "70.000000" : 1269760,
            "80.000000" : 1368064,
            "90.000000" : 1499136,
            "95.000000" : 1646592,
            "99.000000" : 5799936,
            "99.500000" : 9109504,
            "99.900000" : 22151168,
            "99.950000" : 25559040,
            "99.990000" : 48496640
          }
        },
        "lat_ns" : {
          "min" : 114901,
          "max" : 79749973,
          "mean" : 872582.905164,
          "stddev" : 1601626.167077,
          "N" : 4396091
        },
        "bw_min" : 148854,
        "bw_max" : 433867,
        "bw_agg" : 100.000000,
        "bw_mean" : 293154.135924,
        "bw_dev" : 717.366446,
        "bw_samples" : 7667,
        "iops_min" : 37213,
        "iops_max" : 108464,
        "iops_mean" : 73284.548389,
        "iops_stddev" : 179.340498,
        "iops_samples" : 7667
      },
      "write" : {
        "io_bytes" : 0,
        "io_kbytes" : 0,
        "bw_bytes" : 0,
        "bw" : 0,
        "iops" : 0.000000,
        "runtime" : 0,
        "total_ios" : 0,
        "short_ios" : 0,
        "drop_ios" : 0,
        "slat_ns" : {
          "min" : 0,
          "max" : 0,
          "mean" : 0.000000,
          "stddev" : 0.000000,
          "N" : 0
        },
        "clat_ns" : {
          "min" : 0,
          "max" : 0,
          "mean" : 0.000000,
          "stddev" : 0.000000,
          "N" : 0
        },
        "lat_ns" : {
          "min" : 0,
          "max" : 0,
          "mean" : 0.000000,
          "stddev" : 0.000000,
          "N" : 0
        },
        "bw_min" : 0,
        "bw_max" : 0,
        "bw_agg" : 0.000000,
        "bw_mean" : 0.000000,
        "bw_dev" : 0.000000,
        "bw_samples" : 0,
        "iops_min" : 0,
        "iops_max" : 0,
        "iops_mean" : 0.000000,
        "iops_stddev" : 0.000000,
        "iops_samples" : 0
      },
      "trim" : {
        "io_bytes" : 0,
        "io_kbytes" : 0,
        "bw_bytes" : 0,
        "bw" : 0,
        "iops" : 0.000000,
        "runtime" : 0,
        "total_ios" : 0,
        "short_ios" : 0,
        "drop_ios" : 0,
        "slat_ns" : {
          "min" : 0,
          "max" : 0,
          "mean" : 0.000000,
          "stddev" : 0.000000,
          "N" : 0
        },
        "clat_ns" : {
          "min" : 0,
          "max" : 0,
          "mean" : 0.000000,
          "stddev" : 0.000000,
          "N" : 0
        },
        "lat_ns" : {
          "min" : 0,
          "max" : 0,
          "mean" : 0.000000,
          "stddev" : 0.000000,
          "N" : 0
        },
        "bw_min" : 0,
        "bw_max" : 0,
        "bw_agg" : 0.000000,
        "bw_mean" : 0.000000,
        "bw_dev" : 0.000000,
        "bw_samples" : 0,
        "iops_min" : 0,
        "iops_max" : 0,
        "iops_mean" : 0.000000,
        "iops_stddev" : 0.000000,
        "iops_samples" : 0
      },
      "sync" : {
        "total_ios" : 0,
        "lat_ns" : {
          "min" : 0,
          "max" : 0,
          "mean" : 0.000000,
          "stddev" : 0.000000,
          "N" : 0
        }
      },
      "job_runtime" : 3840057,
      "usr_cpu" : 0.684651,
      "sys_cpu" : 2.901780,
      "ctx" : 4396831,
      "majf" : 0,
      "minf" : 2342,
      "iodepth_level" : {
        "1" : 100.000000,
        "2" : 0.000000,
        "4" : 0.000000,
        "8" : 0.000000,
        "16" : 0.000000,
        "32" : 0.000000,
        ">=64" : 0.000000
      },
      "iodepth_submit" : {
        "0" : 0.000000,
        "4" : 100.000000,
        "8" : 0.000000,
        "16" : 0.000000,
        "32" : 0.000000,
        "64" : 0.000000,
        ">=64" : 0.000000
      },
      "iodepth_complete" : {
        "0" : 0.000000,
        "4" : 100.000000,
        "8" : 0.000000,
        "16" : 0.000000,
        "32" : 0.000000,
        "64" : 0.000000,
        ">=64" : 0.000000
      },
      "latency_ns" : {
        "2" : 0.000000,
        "4" : 0.000000,
        "10" : 0.000000,
        "20" : 0.000000,
        "50" : 0.000000,
        "100" : 0.000000,
        "250" : 0.000000,
        "500" : 0.000000,
        "750" : 0.000000,
        "1000" : 0.000000
      },
      "latency_us" : {
        "2" : 0.000000,
        "4" : 0.000000,
        "10" : 0.000000,
        "20" : 0.000000,
        "50" : 0.000000,
        "100" : 0.000000,
        "250" : 40.452484,
        "500" : 14.555909,
        "750" : 1.935492,
        "1000" : 2.948915
      },
      "latency_ms" : {
        "2" : 36.322542,
        "4" : 2.181688,
        "10" : 1.161418,
        "20" : 0.271901,
        "50" : 0.160870,
        "100" : 0.010000,
        "250" : 0.000000,
        "500" : 0.000000,
        "750" : 0.000000,
        "1000" : 0.000000,
        "2000" : 0.000000,
        ">=2000" : 0.000000
      },
      "latency_depth" : 1,
      "latency_target" : 0,
      "latency_percentile" : 100.000000,
      "latency_window" : 0
    }
  ]
}
