{
  "fio version" : "fio-3.36",
  "timestamp" : 1733172310,
  "timestamp_ms" : 1733172310705,
  "time" : "Mon Dec  2 20:45:10 2024",
  "jobs" : [
    {
      "jobname" : "seq_write_direct0_fsync0",
      "groupid" : 0,
      "job_start" : 1733172266599,
      "error" : 0,
      "eta" : 0,
      "elapsed" : 105,
      "job options" : {
        "name" : "seq_write_direct0_fsync0",
        "rw" : "write",
        "direct" : "0",
        "bs" : "4k",
        "runtime" : "30",
        "ramp_time" : "60",
        "filename" : "/dev/sdb1",
        "iodepth" : "1",
        "numjobs" : "8"
      },
      "read" : {
        "io_bytes" : 0,
        "io_kbytes" : 0,
        "bw_bytes" : 0,
        "bw" : 0,
        "iops" : 0.000000,
        "runtime" : 0,
        "total_ios" : 0,
        "short_ios" : 0,
        "drop_ios" : 0,
        "slat_ns" : {
          "min" : 0,
          "max" : 0,
          "mean" : 0.000000,
          "stddev" : 0.000000,
          "N" : 0
        },
        "clat_ns" : {
          "min" : 0,
          "max" : 0,
          "mean" : 0.000000,
          "stddev" : 0.000000,
          "N" : 0
        },
        "lat_ns" : {
          "min" : 0,
          "max" : 0,
          "mean" : 0.000000,
          "stddev" : 0.000000,
          "N" : 0
        },
        "bw_min" : 0,
        "bw_max" : 0,
        "bw_agg" : 0.000000,
        "bw_mean" : 0.000000,
        "bw_dev" : 0.000000,
        "bw_samples" : 0,
        "iops_min" : 0,
        "iops_max" : 0,
        "iops_mean" : 0.000000,
        "iops_stddev" : 0.000000,
        "iops_samples" : 0
      },
      "write" : {
        "io_bytes" : 206154272768,
        "io_kbytes" : 201322532,
        "bw_bytes" : 6871580039,
        "bw" : 6710527,
        "iops" : 1677631.845605,
        "runtime" : 30001,
        "total_ios" : 50330633,
        "short_ios" : 0,
        "drop_ios" : 0,
        "slat_ns" : {
          "min" : 0,
          "max" : 0,
          "mean" : 0.000000,
          "stddev" : 0.000000,
          "N" : 0
        },
        "clat_ns" : {
          "min" : 1100,
          "max" : 5081148,
          "mean" : 4442.718311,
          "stddev" : 9692.066867,
          "N" : 50330633,
          "percentile" : {
            "1.000000" : 1096,
            "5.000000" : 1208,
            "10.000000" : 1208,
            "20.000000" : 1208,
            "30.000000" : 1208,
            "40.000000" : 1304,
            "50.000000" : 1496,
            "60.000000" : 1704,
            "70.000000" : 2192,
            "80.000000" : 3408,
            "90.000000" : 7520,
            "95.000000" : 26240,
            "99.000000" : 48384,
            "99.500000" : 57600,
            "99.900000" : 77312,
            "99.950000" : 87552,
            "99.990000" : 120320
          }
        },
        "lat_ns" : {
          "min" : 1100,
          "max" : 5081148,
          "mean" : 4504.750330,
          "stddev" : 9698.751753,
          "N" : 50330633
        },
        "bw_min" : 4473448,
        "bw_max" : 7724052,
        "bw_agg" : 100.000000,
        "bw_mean" : 6714925.176554,
        "bw_dev" : 88873.997477,
        "bw_samples" : 479,
        "iops_min" : 1118362,
        "iops_max" : 1931008,
        "iops_mean" : 1678730.279944,
        "iops_stddev" : 22218.519942,
        "iops_samples" : 479
      },
      "trim" : {
        "io_bytes" : 0,
        "io_kbytes" : 0,
        "bw_bytes" : 0,
        "bw" : 0,
        "iops" : 0.000000,
        "runtime" : 0,
        "total_ios" : 0,
        "short_ios" : 0,
        "drop_ios" : 0,
        "slat_ns" : {
          "min" : 0,
          "max" : 0,
          "mean" : 0.000000,
          "stddev" : 0.000000,
          "N" : 0
        },
        "clat_ns" : {
          "min" : 0,
          "max" : 0,
          "mean" : 0.000000,
          "stddev" : 0.000000,
          "N" : 0
        },
        "lat_ns" : {
          "min" : 0,
          "max" : 0,
          "mean" : 0.000000,
          "stddev" : 0.000000,
          "N" : 0
        },
        "bw_min" : 0,
        "bw_max" : 0,
        "bw_agg" : 0.000000,
        "bw_mean" : 0.000000,
        "bw_dev" : 0.000000,
        "bw_samples" : 0,
        "iops_min" : 0,
        "iops_max" : 0,
        "iops_mean" : 0.000000,
        "iops_stddev" : 0.000000,
        "iops_samples" : 0
      },
      "sync" : {
        "total_ios" : 0,
        "lat_ns" : {
          "min" : 0,
          "max" : 0,
          "mean" : 0.000000,
          "stddev" : 0.000000,
          "N" : 0
        }
      },
      "job_runtime" : 240000,
      "usr_cpu" : 12.593750,
      "sys_cpu" : 53.125000,
      "ctx" : 4018273,
      "majf" : 0,
      "minf" : 296,
      "iodepth_level" : {
        "1" : 100.000000,
        "2" : 0.000000,
        "4" : 0.000000,
        "8" : 0.000000,
        "16" : 0.000000,
        "32" : 0.000000,
        ">=64" : 0.000000
      },
      "iodepth_submit" : {
        "0" : 0.000000,
        "4" : 100.000000,
        "8" : 0.000000,
        "16" : 0.000000,
        "32" : 0.000000,
        "64" : 0.000000,
        ">=64" : 0.000000
      },
      "iodepth_complete" : {
        "0" : 0.000000,
        "4" : 100.000000,
        "8" : 0.000000,
        "16" : 0.000000,
        "32" : 0.000000,
        "64" : 0.000000,
        ">=64" : 0.000000
      },
      "latency_ns" : {
        "2" : 0.000000,
        "4" : 0.000000,
        "10" : 0.000000,
        "20" : 0.000000,
        "50" : 0.000000,
        "100" : 0.000000,
        "250" : 0.000000,
        "500" : 0.000000,
        "750" : 0.000000,
        "1000" : 0.000000
      },
      "latency_us" : {
        "2" : 68.174301,
        "4" : 14.818778,
        "10" : 8.895322,
        "20" : 2.281380,
        "50" : 4.954609,
        "100" : 0.851539,
        "250" : 0.022310,
        "500" : 0.010000,
        "750" : 0.010000,
        "1000" : 0.010000
      },
      "latency_ms" : {
        "2" : 0.010000,
        "4" : 0.010000,
        "10" : 0.010000,
        "20" : 0.000000,
        "50" : 0.000000,
        "100" : 0.000000,
        "250" : 0.000000,
        "500" : 0.000000,
        "750" : 0.000000,
        "1000" : 0.000000,
        "2000" : 0.000000,
        ">=2000" : 0.000000
      },
      "latency_depth" : 1,
      "latency_target" : 0,
      "latency_percentile" : 100.000000,
      "latency_window" : 0
    }
  ],
  "disk_util" : [
    {
      "name" : "sdb",
      "read_ios" : 59,
      "write_ios" : 293236,
      "read_sectors" : 4168,
      "write_sectors" : 147783992,
      "read_merges" : 0,
      "write_merges" : 18179763,
      "read_ticks" : 11,
      "write_ticks" : 4274855,
      "in_queue" : 4274866,
      "util" : 25.093304
    }
  ]
}
