{
  "fio version" : "fio-3.36",
  "timestamp" : 1733277981,
  "timestamp_ms" : 1733277981911,
  "time" : "Wed Dec  4 02:06:21 2024",
  "jobs" : [
    {
      "jobname" : "write_direct0_fsync0_threads_4_c3ba",
      "groupid" : 0,
      "job_start" : 1733277906829,
      "error" : 0,
      "eta" : 0,
      "elapsed" : 106,
      "job options" : {
        "name" : "write_direct0_fsync0_threads_4_c3ba",
        "rw" : "write",
        "direct" : "0",
        "filename" : "/dev/sdb1",
        "numjobs" : "4",
        "fsync" : "0",
        "bs" : "4k",
        "ramp_time" : "30",
        "runtime" : "60",
        "iodepth" : "1",
        "end_fsync" : "1"
      },
      "read" : {
        "io_bytes" : 0,
        "io_kbytes" : 0,
        "bw_bytes" : 0,
        "bw" : 0,
        "iops" : 0.000000,
        "runtime" : 0,
        "total_ios" : 0,
        "short_ios" : 0,
        "drop_ios" : 0,
        "slat_ns" : {
          "min" : 0,
          "max" : 0,
          "mean" : 0.000000,
          "stddev" : 0.000000,
          "N" : 0
        },
        "clat_ns" : {
          "min" : 0,
          "max" : 0,
          "mean" : 0.000000,
          "stddev" : 0.000000,
          "N" : 0
        },
        "lat_ns" : {
          "min" : 0,
          "max" : 0,
          "mean" : 0.000000,
          "stddev" : 0.000000,
          "N" : 0
        },
        "bw_min" : 0,
        "bw_max" : 0,
        "bw_agg" : 0.000000,
        "bw_mean" : 0.000000,
        "bw_dev" : 0.000000,
        "bw_samples" : 0,
        "iops_min" : 0,
        "iops_max" : 0,
        "iops_mean" : 0.000000,
        "iops_stddev" : 0.000000,
        "iops_samples" : 0
      },
      "write" : {
        "io_bytes" : 235855511552,
        "io_kbytes" : 230327648,
        "bw_bytes" : 3698707976,
        "bw" : 3612019,
        "iops" : 903004.877131,
        "runtime" : 63767,
        "total_ios" : 57581912,
        "short_ios" : 0,
        "drop_ios" : 0,
        "slat_ns" : {
          "min" : 0,
          "max" : 0,
          "mean" : 0.000000,
          "stddev" : 0.000000,
          "N" : 0
        },
        "clat_ns" : {
          "min" : 1100,
          "max" : 4085823,
          "mean" : 3906.186064,
          "stddev" : 8224.756625,
          "N" : 57581912,
          "percentile" : {
            "1.000000" : 1096,
            "5.000000" : 1096,
            "10.000000" : 1208,
            "20.000000" : 1208,
            "30.000000" : 1208,
            "40.000000" : 1208,
            "50.000000" : 1304,
            "60.000000" : 1608,
            "70.000000" : 2704,
            "80.000000" : 2992,
            "90.000000" : 5280,
            "95.000000" : 18304,
            "99.000000" : 43264,
            "99.500000" : 48896,
            "99.900000" : 67072,
            "99.950000" : 74240,
            "99.990000" : 96768
          }
        },
        "lat_ns" : {
          "min" : 1100,
          "max" : 4085823,
          "mean" : 3957.968943,
          "stddev" : 8229.945048,
          "N" : 57581912
        },
        "bw_min" : 2790732,
        "bw_max" : 4197808,
        "bw_agg" : 100.000000,
        "bw_mean" : 3841901.841667,
        "bw_dev" : 58276.230245,
        "bw_samples" : 480,
        "iops_min" : 697680,
        "iops_max" : 1049450,
        "iops_mean" : 960475.016667,
        "iops_stddev" : 14569.067534,
        "iops_samples" : 480
      },
      "trim" : {
        "io_bytes" : 0,
        "io_kbytes" : 0,
        "bw_bytes" : 0,
        "bw" : 0,
        "iops" : 0.000000,
        "runtime" : 0,
        "total_ios" : 0,
        "short_ios" : 0,
        "drop_ios" : 0,
        "slat_ns" : {
          "min" : 0,
          "max" : 0,
          "mean" : 0.000000,
          "stddev" : 0.000000,
          "N" : 0
        },
        "clat_ns" : {
          "min" : 0,
          "max" : 0,
          "mean" : 0.000000,
          "stddev" : 0.000000,
          "N" : 0
        },
        "lat_ns" : {
          "min" : 0,
          "max" : 0,
          "mean" : 0.000000,
          "stddev" : 0.000000,
          "N" : 0
        },
        "bw_min" : 0,
        "bw_max" : 0,
        "bw_agg" : 0.000000,
        "bw_mean" : 0.000000,
        "bw_dev" : 0.000000,
        "bw_samples" : 0,
        "iops_min" : 0,
        "iops_max" : 0,
        "iops_mean" : 0.000000,
        "iops_stddev" : 0.000000,
        "iops_samples" : 0
      },
      "sync" : {
        "total_ios" : 0,
        "lat_ns" : {
          "min" : 0,
          "max" : 0,
          "mean" : 0.000000,
          "stddev" : 0.000000,
          "N" : 0
        }
      },
      "job_runtime" : 255061,
      "usr_cpu" : 11.332975,
      "sys_cpu" : 54.948424,
      "ctx" : 4148114,
      "majf" : 0,
      "minf" : 146,
      "iodepth_level" : {
        "1" : 100.000000,
        "2" : 0.000000,
        "4" : 0.000000,
        "8" : 0.000000,
        "16" : 0.000000,
        "32" : 0.000000,
        ">=64" : 0.000000
      },
      "iodepth_submit" : {
        "0" : 0.000000,
        "4" : 100.000000,
        "8" : 0.000000,
        "16" : 0.000000,
        "32" : 0.000000,
        "64" : 0.000000,
        ">=64" : 0.000000
      },
      "iodepth_complete" : {
        "0" : 0.000000,
        "4" : 100.000000,
        "8" : 0.000000,
        "16" : 0.000000,
        "32" : 0.000000,
        "64" : 0.000000,
        ">=64" : 0.000000
      },
      "latency_ns" : {
        "2" : 0.000000,
        "4" : 0.000000,
        "10" : 0.000000,
        "20" : 0.000000,
        "50" : 0.000000,
        "100" : 0.000000,
        "250" : 0.000000,
        "500" : 0.000000,
        "750" : 0.000000,
        "1000" : 0.000000
      },
      "latency_us" : {
        "2" : 64.194695,
        "4" : 20.375496,
        "10" : 9.084030,
        "20" : 1.360709,
        "50" : 4.520470,
        "100" : 0.456980,
        "250" : 0.010000,
        "500" : 0.010000,
        "750" : 0.010000,
        "1000" : 0.010000
      },
      "latency_ms" : {
        "2" : 0.010000,
        "4" : 0.010000,
        "10" : 0.010000,
        "20" : 0.000000,
        "50" : 0.000000,
        "100" : 0.000000,
        "250" : 0.000000,
        "500" : 0.000000,
        "750" : 0.000000,
        "1000" : 0.000000,
        "2000" : 0.000000,
        ">=2000" : 0.000000
      },
      "latency_depth" : 1,
      "latency_target" : 0,
      "latency_percentile" : 100.000000,
      "latency_window" : 0
    }
  ],
  "disk_util" : [
    {
      "name" : "sdb",
      "read_ios" : 59,
      "write_ios" : 444973,
      "read_sectors" : 4168,
      "write_sectors" : 175749760,
      "read_merges" : 0,
      "write_merges" : 21524502,
      "read_ticks" : 17,
      "write_ticks" : 6489363,
      "in_queue" : 6489379,
      "util" : 28.477280
    }
  ]
}
