{
  "fio version" : "fio-3.36",
  "timestamp" : 1733280824,
  "timestamp_ms" : 1733280824588,
  "time" : "Wed Dec  4 02:53:44 2024",
  "jobs" : [
    {
      "jobname" : "randwrite_direct1_fsync1_threads_16_db8f",
      "groupid" : 0,
      "job_start" : 1733280764555,
      "error" : 0,
      "eta" : 0,
      "elapsed" : 91,
      "job options" : {
        "name" : "randwrite_direct1_fsync1_threads_16_db8f",
        "rw" : "randwrite",
        "direct" : "1",
        "filename" : "/dev/sdb1",
        "numjobs" : "16",
        "fsync" : "1",
        "bs" : "4k",
        "ramp_time" : "30",
        "runtime" : "60",
        "iodepth" : "1",
        "end_fsync" : "1"
      },
      "read" : {
        "io_bytes" : 0,
        "io_kbytes" : 0,
        "bw_bytes" : 0,
        "bw" : 0,
        "iops" : 0.000000,
        "runtime" : 0,
        "total_ios" : 0,
        "short_ios" : 0,
        "drop_ios" : 0,
        "slat_ns" : {
          "min" : 0,
          "max" : 0,
          "mean" : 0.000000,
          "stddev" : 0.000000,
          "N" : 0
        },
        "clat_ns" : {
          "min" : 0,
          "max" : 0,
          "mean" : 0.000000,
          "stddev" : 0.000000,
          "N" : 0
        },
        "lat_ns" : {
          "min" : 0,
          "max" : 0,
          "mean" : 0.000000,
          "stddev" : 0.000000,
          "N" : 0
        },
        "bw_min" : 0,
        "bw_max" : 0,
        "bw_agg" : 0.000000,
        "bw_mean" : 0.000000,
        "bw_dev" : 0.000000,
        "bw_samples" : 0,
        "iops_min" : 0,
        "iops_max" : 0,
        "iops_mean" : 0.000000,
        "iops_stddev" : 0.000000,
        "iops_samples" : 0
      },
      "write" : {
        "io_bytes" : 17937862656,
        "io_kbytes" : 17517444,
        "bw_bytes" : 298834882,
        "bw" : 291830,
        "iops" : 72957.734982,
        "runtime" : 60026,
        "total_ios" : 4379361,
        "short_ios" : 0,
        "drop_ios" : 0,
        "slat_ns" : {
          "min" : 0,
          "max" : 0,
          "mean" : 0.000000,
          "stddev" : 0.000000,
          "N" : 0
        },
        "clat_ns" : {
          "min" : 41300,
          "max" : 127565706,
          "mean" : 215107.750026,
          "stddev" : 1076752.096659,
          "N" : 4379361,
          "percentile" : {
            "1.000000" : 83456,
            "5.000000" : 93696,
            "10.000000" : 99840,
            "20.000000" : 109056,
            "30.000000" : 116224,
            "40.000000" : 123392,
            "50.000000" : 130560,
            "60.000000" : 140288,
            "70.000000" : 150528,
            "80.000000" : 168960,
            "90.000000" : 205824,
            "95.000000" : 254976,
            "99.000000" : 774144,
            "99.500000" : 3883008,
            "99.900000" : 14352384,
            "99.950000" : 24772608,
            "99.990000" : 32112640
          }
        },
        "lat_ns" : {
          "min" : 41400,
          "max" : 127565806,
          "mean" : 215264.575352,
          "stddev" : 1076757.206713,
          "N" : 4379361
        },
        "bw_min" : 161120,
        "bw_max" : 375791,
        "bw_agg" : 100.000000,
        "bw_mean" : 292168.332423,
        "bw_dev" : 2472.528915,
        "bw_samples" : 1905,
        "iops_min" : 40280,
        "iops_max" : 93947,
        "iops_mean" : 73041.781723,
        "iops_stddev" : 618.126856,
        "iops_samples" : 1905
      },
      "trim" : {
        "io_bytes" : 0,
        "io_kbytes" : 0,
        "bw_bytes" : 0,
        "bw" : 0,
        "iops" : 0.000000,
        "runtime" : 0,
        "total_ios" : 0,
        "short_ios" : 0,
        "drop_ios" : 0,
        "slat_ns" : {
          "min" : 0,
          "max" : 0,
          "mean" : 0.000000,
          "stddev" : 0.000000,
          "N" : 0
        },
        "clat_ns" : {
          "min" : 0,
          "max" : 0,
          "mean" : 0.000000,
          "stddev" : 0.000000,
          "N" : 0
        },
        "lat_ns" : {
          "min" : 0,
          "max" : 0,
          "mean" : 0.000000,
          "stddev" : 0.000000,
          "N" : 0
        },
        "bw_min" : 0,
        "bw_max" : 0,
        "bw_agg" : 0.000000,
        "bw_mean" : 0.000000,
        "bw_dev" : 0.000000,
        "bw_samples" : 0,
        "iops_min" : 0,
        "iops_max" : 0,
        "iops_mean" : 0.000000,
        "iops_stddev" : 0.000000,
        "iops_samples" : 0
      },
      "sync" : {
        "total_ios" : 4379345,
        "lat_ns" : {
          "min" : 700,
          "max" : 4706227,
          "mean" : 1738.024056,
          "stddev" : 6933.000926,
          "N" : 4379345,
          "percentile" : {
            "1.000000" : 804,
            "5.000000" : 804,
            "10.000000" : 900,
            "20.000000" : 900,
            "30.000000" : 900,
            "40.000000" : 1004,
            "50.000000" : 1096,
            "60.000000" : 1208,
            "70.000000" : 1400,
            "80.000000" : 1608,
            "90.000000" : 2512,
            "95.000000" : 2704,
            "99.000000" : 3312,
            "99.500000" : 36096,
            "99.900000" : 104960,
            "99.950000" : 121344,
            "99.990000" : 181248
          }
        }
      },
      "job_runtime" : 960216,
      "usr_cpu" : 3.344143,
      "sys_cpu" : 15.846226,
      "ctx" : 4373513,
      "majf" : 0,
      "minf" : 583,
      "iodepth_level" : {
        "1" : 199.999635,
        "2" : 0.000000,
        "4" : 0.000000,
        "8" : 0.000000,
        "16" : 0.000000,
        "32" : 0.000000,
        ">=64" : 0.000000
      },
      "iodepth_submit" : {
        "0" : 0.000000,
        "4" : 100.000000,
        "8" : 0.000000,
        "16" : 0.000000,
        "32" : 0.000000,
        "64" : 0.000000,
        ">=64" : 0.000000
      },
      "iodepth_complete" : {
        "0" : 0.000000,
        "4" : 100.000000,
        "8" : 0.000000,
        "16" : 0.000000,
        "32" : 0.000000,
        "64" : 0.000000,
        ">=64" : 0.000000
      },
      "latency_ns" : {
        "2" : 0.000000,
        "4" : 0.000000,
        "10" : 0.000000,
        "20" : 0.000000,
        "50" : 0.000000,
        "100" : 0.000000,
        "250" : 0.000000,
        "500" : 0.000000,
        "750" : 0.000000,
        "1000" : 0.000000
      },
      "latency_us" : {
        "2" : 0.000000,
        "4" : 0.000000,
        "10" : 0.000000,
        "20" : 0.000000,
        "50" : 0.010000,
        "100" : 9.648006,
        "250" : 85.072343,
        "500" : 3.995651,
        "750" : 0.273487,
        "1000" : 0.098804
      },
      "latency_ms" : {
        "2" : 0.275405,
        "4" : 0.141459,
        "10" : 0.184525,
        "20" : 0.242273,
        "50" : 0.065146,
        "100" : 0.010000,
        "250" : 0.010000,
        "500" : 0.000000,
        "750" : 0.000000,
        "1000" : 0.000000,
        "2000" : 0.000000,
        ">=2000" : 0.000000
      },
      "latency_depth" : 1,
      "latency_target" : 0,
      "latency_percentile" : 100.000000,
      "latency_window" : 0
    }
  ],
  "disk_util" : [
    {
      "name" : "sdb",
      "read_ios" : 124,
      "write_ios" : 6597335,
      "read_sectors" : 8384,
      "write_sectors" : 52778680,
      "read_merges" : 0,
      "write_merges" : 0,
      "read_ticks" : 36,
      "write_ticks" : 1159229,
      "in_queue" : 1159265,
      "util" : 86.880295
    }
  ]
}
