{
  "fio version" : "fio-3.36",
  "timestamp" : 1733173404,
  "timestamp_ms" : 1733173404880,
  "time" : "Mon Dec  2 21:03:24 2024",
  "jobs" : [
    {
      "jobname" : "rand_write_direct0_fsync1",
      "groupid" : 0,
      "job_start" : 1733173373629,
      "error" : 0,
      "eta" : 0,
      "elapsed" : 92,
      "job options" : {
        "name" : "rand_write_direct0_fsync1",
        "rw" : "randwrite",
        "direct" : "0",
        "bs" : "4k",
        "runtime" : "30",
        "ramp_time" : "60",
        "filename" : "/dev/sdb1",
        "iodepth" : "1",
        "numjobs" : "1",
        "fsync" : "1"
      },
      "read" : {
        "io_bytes" : 0,
        "io_kbytes" : 0,
        "bw_bytes" : 0,
        "bw" : 0,
        "iops" : 0.000000,
        "runtime" : 0,
        "total_ios" : 0,
        "short_ios" : 0,
        "drop_ios" : 0,
        "slat_ns" : {
          "min" : 0,
          "max" : 0,
          "mean" : 0.000000,
          "stddev" : 0.000000,
          "N" : 0
        },
        "clat_ns" : {
          "min" : 0,
          "max" : 0,
          "mean" : 0.000000,
          "stddev" : 0.000000,
          "N" : 0
        },
        "lat_ns" : {
          "min" : 0,
          "max" : 0,
          "mean" : 0.000000,
          "stddev" : 0.000000,
          "N" : 0
        },
        "bw_min" : 0,
        "bw_max" : 0,
        "bw_agg" : 0.000000,
        "bw_mean" : 0.000000,
        "bw_dev" : 0.000000,
        "bw_samples" : 0,
        "iops_min" : 0,
        "iops_max" : 0,
        "iops_mean" : 0.000000,
        "iops_stddev" : 0.000000,
        "iops_samples" : 0
      },
      "write" : {
        "io_bytes" : 701227008,
        "io_kbytes" : 684792,
        "bw_bytes" : 23373454,
        "bw" : 22825,
        "iops" : 5706.409786,
        "runtime" : 30001,
        "total_ios" : 171198,
        "short_ios" : 0,
        "drop_ios" : 0,
        "slat_ns" : {
          "min" : 0,
          "max" : 0,
          "mean" : 0.000000,
          "stddev" : 0.000000,
          "N" : 0
        },
        "clat_ns" : {
          "min" : 3900,
          "max" : 74701,
          "mean" : 5165.686229,
          "stddev" : 2921.903187,
          "N" : 171198,
          "percentile" : {
            "1.000000" : 4320,
            "5.000000" : 4384,
            "10.000000" : 4384,
            "20.000000" : 4512,
            "30.000000" : 4576,
            "40.000000" : 4576,
            "50.000000" : 4704,
            "60.000000" : 4832,
            "70.000000" : 4832,
            "80.000000" : 5024,
            "90.000000" : 5472,
            "95.000000" : 6880,
            "99.000000" : 12736,
            "99.500000" : 39168,
            "99.900000" : 42240,
            "99.950000" : 44288,
            "99.990000" : 54528
          }
        },
        "lat_ns" : {
          "min" : 3900,
          "max" : 74901,
          "mean" : 5322.831412,
          "stddev" : 2957.242742,
          "N" : 171198
        },
        "bw_min" : 14672,
        "bw_max" : 33330,
        "bw_agg" : 100.000000,
        "bw_mean" : 22840.050000,
        "bw_dev" : 4652.123439,
        "bw_samples" : 60,
        "iops_min" : 3668,
        "iops_max" : 8332,
        "iops_mean" : 5709.866667,
        "iops_stddev" : 1163.074075,
        "iops_samples" : 60
      },
      "trim" : {
        "io_bytes" : 0,
        "io_kbytes" : 0,
        "bw_bytes" : 0,
        "bw" : 0,
        "iops" : 0.000000,
        "runtime" : 0,
        "total_ios" : 0,
        "short_ios" : 0,
        "drop_ios" : 0,
        "slat_ns" : {
          "min" : 0,
          "max" : 0,
          "mean" : 0.000000,
          "stddev" : 0.000000,
          "N" : 0
        },
        "clat_ns" : {
          "min" : 0,
          "max" : 0,
          "mean" : 0.000000,
          "stddev" : 0.000000,
          "N" : 0
        },
        "lat_ns" : {
          "min" : 0,
          "max" : 0,
          "mean" : 0.000000,
          "stddev" : 0.000000,
          "N" : 0
        },
        "bw_min" : 0,
        "bw_max" : 0,
        "bw_agg" : 0.000000,
        "bw_mean" : 0.000000,
        "bw_dev" : 0.000000,
        "bw_samples" : 0,
        "iops_min" : 0,
        "iops_max" : 0,
        "iops_mean" : 0.000000,
        "iops_stddev" : 0.000000,
        "iops_samples" : 0
      },
      "sync" : {
        "total_ios" : 171198,
        "lat_ns" : {
          "min" : 70401,
          "max" : 32751607,
          "mean" : 168954.020362,
          "stddev" : 214729.827925,
          "N" : 171198,
          "percentile" : {
            "1.000000" : 87552,
            "5.000000" : 96768,
            "10.000000" : 100864,
            "20.000000" : 107008,
            "30.000000" : 110080,
            "40.000000" : 112128,
            "50.000000" : 116224,
            "60.000000" : 122368,
            "70.000000" : 134144,
            "80.000000" : 158720,
            "90.000000" : 246784,
            "95.000000" : 432128,
            "99.000000" : 1056768,
            "99.500000" : 1318912,
            "99.900000" : 1908736,
            "99.950000" : 2277376,
            "99.990000" : 4145152
          }
        }
      },
      "job_runtime" : 30000,
      "usr_cpu" : 2.556667,
      "sys_cpu" : 17.283333,
      "ctx" : 171200,
      "majf" : 0,
      "minf" : 36,
      "iodepth_level" : {
        "1" : 200.000000,
        "2" : 0.000000,
        "4" : 0.000000,
        "8" : 0.000000,
        "16" : 0.000000,
        "32" : 0.000000,
        ">=64" : 0.000000
      },
      "iodepth_submit" : {
        "0" : 0.000000,
        "4" : 100.000000,
        "8" : 0.000000,
        "16" : 0.000000,
        "32" : 0.000000,
        "64" : 0.000000,
        ">=64" : 0.000000
      },
      "iodepth_complete" : {
        "0" : 0.000000,
        "4" : 100.000000,
        "8" : 0.000000,
        "16" : 0.000000,
        "32" : 0.000000,
        "64" : 0.000000,
        ">=64" : 0.000000
      },
      "latency_ns" : {
        "2" : 0.000000,
        "4" : 0.000000,
        "10" : 0.000000,
        "20" : 0.000000,
        "50" : 0.000000,
        "100" : 0.000000,
        "250" : 0.000000,
        "500" : 0.000000,
        "750" : 0.000000,
        "1000" : 0.000000
      },
      "latency_us" : {
        "2" : 0.000000,
        "4" : 0.010000,
        "10" : 98.571245,
        "20" : 0.844636,
        "50" : 0.549656,
        "100" : 0.028038,
        "250" : 0.000000,
        "500" : 0.000000,
        "750" : 0.000000,
        "1000" : 0.000000
      },
      "latency_ms" : {
        "2" : 0.000000,
        "4" : 0.000000,
        "10" : 0.000000,
        "20" : 0.000000,
        "50" : 0.000000,
        "100" : 0.000000,
        "250" : 0.000000,
        "500" : 0.000000,
        "750" : 0.000000,
        "1000" : 0.000000,
        "2000" : 0.000000,
        ">=2000" : 0.000000
      },
      "latency_depth" : 1,
      "latency_target" : 0,
      "latency_percentile" : 100.000000,
      "latency_window" : 0
    }
  ],
  "disk_util" : [
    {
      "name" : "sdb",
      "read_ios" : 59,
      "write_ios" : 528509,
      "read_sectors" : 4168,
      "write_sectors" : 4228072,
      "read_merges" : 0,
      "write_merges" : 0,
      "read_ticks" : 13,
      "write_ticks" : 72191,
      "in_queue" : 72204,
      "util" : 71.889611
    }
  ]
}
