{
  "fio version" : "fio-3.36",
  "timestamp" : 1733278177,
  "timestamp_ms" : 1733278177927,
  "time" : "Wed Dec  4 02:09:37 2024",
  "jobs" : [
    {
      "jobname" : "write_direct0_fsync1_threads_32_906b",
      "groupid" : 0,
      "job_start" : 1733278117847,
      "error" : 0,
      "eta" : 0,
      "elapsed" : 91,
      "job options" : {
        "name" : "write_direct0_fsync1_threads_32_906b",
        "rw" : "write",
        "direct" : "0",
        "filename" : "/dev/sdb1",
        "numjobs" : "32",
        "fsync" : "1",
        "bs" : "4k",
        "ramp_time" : "30",
        "runtime" : "60",
        "iodepth" : "1",
        "end_fsync" : "1"
      },
      "read" : {
        "io_bytes" : 0,
        "io_kbytes" : 0,
        "bw_bytes" : 0,
        "bw" : 0,
        "iops" : 0.000000,
        "runtime" : 0,
        "total_ios" : 0,
        "short_ios" : 0,
        "drop_ios" : 0,
        "slat_ns" : {
          "min" : 0,
          "max" : 0,
          "mean" : 0.000000,
          "stddev" : 0.000000,
          "N" : 0
        },
        "clat_ns" : {
          "min" : 0,
          "max" : 0,
          "mean" : 0.000000,
          "stddev" : 0.000000,
          "N" : 0
        },
        "lat_ns" : {
          "min" : 0,
          "max" : 0,
          "mean" : 0.000000,
          "stddev" : 0.000000,
          "N" : 0
        },
        "bw_min" : 0,
        "bw_max" : 0,
        "bw_agg" : 0.000000,
        "bw_mean" : 0.000000,
        "bw_dev" : 0.000000,
        "bw_samples" : 0,
        "iops_min" : 0,
        "iops_max" : 0,
        "iops_mean" : 0.000000,
        "iops_stddev" : 0.000000,
        "iops_samples" : 0
      },
      "write" : {
        "io_bytes" : 7828316160,
        "io_kbytes" : 7644840,
        "bw_bytes" : 130465412,
        "bw" : 127407,
        "iops" : 31851.907405,
        "runtime" : 60003,
        "total_ios" : 1911210,
        "short_ios" : 0,
        "drop_ios" : 0,
        "slat_ns" : {
          "min" : 0,
          "max" : 0,
          "mean" : 0.000000,
          "stddev" : 0.000000,
          "N" : 0
        },
        "clat_ns" : {
          "min" : 1500,
          "max" : 3830823,
          "mean" : 5164.106311,
          "stddev" : 23848.123140,
          "N" : 1911210,
          "percentile" : {
            "1.000000" : 2288,
            "5.000000" : 2512,
            "10.000000" : 2704,
            "20.000000" : 2896,
            "30.000000" : 3088,
            "40.000000" : 3312,
            "50.000000" : 3600,
            "60.000000" : 4128,
            "70.000000" : 5024,
            "80.000000" : 5728,
            "90.000000" : 6688,
            "95.000000" : 7712,
            "99.000000" : 25728,
            "99.500000" : 44800,
            "99.900000" : 138240,
            "99.950000" : 226304,
            "99.990000" : 921600
          }
        },
        "lat_ns" : {
          "min" : 1600,
          "max" : 3831123,
          "mean" : 5401.732303,
          "stddev" : 24189.582183,
          "N" : 1911210
        },
        "bw_min" : 80808,
        "bw_max" : 155659,
        "bw_agg" : 100.000000,
        "bw_mean" : 127505.689496,
        "bw_dev" : 445.227945,
        "bw_samples" : 3812,
        "iops_min" : 20202,
        "iops_max" : 38914,
        "iops_mean" : 31872.248529,
        "iops_stddev" : 111.374047,
        "iops_samples" : 3812
      },
      "trim" : {
        "io_bytes" : 0,
        "io_kbytes" : 0,
        "bw_bytes" : 0,
        "bw" : 0,
        "iops" : 0.000000,
        "runtime" : 0,
        "total_ios" : 0,
        "short_ios" : 0,
        "drop_ios" : 0,
        "slat_ns" : {
          "min" : 0,
          "max" : 0,
          "mean" : 0.000000,
          "stddev" : 0.000000,
          "N" : 0
        },
        "clat_ns" : {
          "min" : 0,
          "max" : 0,
          "mean" : 0.000000,
          "stddev" : 0.000000,
          "N" : 0
        },
        "lat_ns" : {
          "min" : 0,
          "max" : 0,
          "mean" : 0.000000,
          "stddev" : 0.000000,
          "N" : 0
        },
        "bw_min" : 0,
        "bw_max" : 0,
        "bw_agg" : 0.000000,
        "bw_mean" : 0.000000,
        "bw_dev" : 0.000000,
        "bw_samples" : 0,
        "iops_min" : 0,
        "iops_max" : 0,
        "iops_mean" : 0.000000,
        "iops_stddev" : 0.000000,
        "iops_samples" : 0
      },
      "sync" : {
        "total_ios" : 1911210,
        "lat_ns" : {
          "min" : 52301,
          "max" : 111100153,
          "mean" : 997455.372415,
          "stddev" : 1730314.895302,
          "N" : 1911210,
          "percentile" : {
            "1.000000" : 146432,
            "5.000000" : 234496,
            "10.000000" : 325632,
            "20.000000" : 468992,
            "30.000000" : 602112,
            "40.000000" : 708608,
            "50.000000" : 806912,
            "60.000000" : 905216,
            "70.000000" : 1028096,
            "80.000000" : 1187840,
            "90.000000" : 1531904,
            "95.000000" : 1941504,
            "99.000000" : 4816896,
            "99.500000" : 7438336,
            "99.900000" : 25296896,
            "99.950000" : 32112640,
            "99.990000" : 61079552
          }
        }
      },
      "job_runtime" : 1920013,
      "usr_cpu" : 0.937650,
      "sys_cpu" : 8.057081,
      "ctx" : 5565524,
      "majf" : 0,
      "minf" : 1164,
      "iodepth_level" : {
        "1" : 200.000000,
        "2" : 0.000000,
        "4" : 0.000000,
        "8" : 0.000000,
        "16" : 0.000000,
        "32" : 0.000000,
        ">=64" : 0.000000
      },
      "iodepth_submit" : {
        "0" : 0.000000,
        "4" : 100.000000,
        "8" : 0.000000,
        "16" : 0.000000,
        "32" : 0.000000,
        "64" : 0.000000,
        ">=64" : 0.000000
      },
      "iodepth_complete" : {
        "0" : 0.000000,
        "4" : 100.000000,
        "8" : 0.000000,
        "16" : 0.000000,
        "32" : 0.000000,
        "64" : 0.000000,
        ">=64" : 0.000000
      },
      "latency_ns" : {
        "2" : 0.000000,
        "4" : 0.000000,
        "10" : 0.000000,
        "20" : 0.000000,
        "50" : 0.000000,
        "100" : 0.000000,
        "250" : 0.000000,
        "500" : 0.000000,
        "750" : 0.000000,
        "1000" : 0.000000
      },
      "latency_us" : {
        "2" : 0.031865,
        "4" : 56.699107,
        "10" : 40.811685,
        "20" : 1.266894,
        "50" : 0.802371,
        "100" : 0.237232,
        "250" : 0.106896,
        "500" : 0.022342,
        "750" : 0.010000,
        "1000" : 0.010000
      },
      "latency_ms" : {
        "2" : 0.010000,
        "4" : 0.010000,
        "10" : 0.000000,
        "20" : 0.000000,
        "50" : 0.000000,
        "100" : 0.000000,
        "250" : 0.000000,
        "500" : 0.000000,
        "750" : 0.000000,
        "1000" : 0.000000,
        "2000" : 0.000000,
        ">=2000" : 0.000000
      },
      "latency_depth" : 1,
      "latency_target" : 0,
      "latency_percentile" : 100.000000,
      "latency_window" : 0
    }
  ],
  "disk_util" : [
    {
      "name" : "sdb",
      "read_ios" : 177,
      "write_ios" : 2942278,
      "read_sectors" : 12504,
      "write_sectors" : 23689528,
      "read_merges" : 0,
      "write_merges" : 18913,
      "read_ticks" : 57,
      "write_ticks" : 894510,
      "in_queue" : 894567,
      "util" : 67.376627
    }
  ]
}
