{
  "fio version" : "fio-3.36",
  "timestamp" : 1733281005,
  "timestamp_ms" : 1733281005070,
  "time" : "Wed Dec  4 02:56:45 2024",
  "jobs" : [
    {
      "jobname" : "randwrite_direct1_fsync1_threads_4_0f7f",
      "groupid" : 0,
      "job_start" : 1733280945047,
      "error" : 0,
      "eta" : 0,
      "elapsed" : 91,
      "job options" : {
        "name" : "randwrite_direct1_fsync1_threads_4_0f7f",
        "rw" : "randwrite",
        "direct" : "1",
        "filename" : "/dev/sdb1",
        "numjobs" : "4",
        "fsync" : "1",
        "bs" : "4k",
        "ramp_time" : "30",
        "runtime" : "60",
        "iodepth" : "1",
        "end_fsync" : "1"
      },
      "read" : {
        "io_bytes" : 0,
        "io_kbytes" : 0,
        "bw_bytes" : 0,
        "bw" : 0,
        "iops" : 0.000000,
        "runtime" : 0,
        "total_ios" : 0,
        "short_ios" : 0,
        "drop_ios" : 0,
        "slat_ns" : {
          "min" : 0,
          "max" : 0,
          "mean" : 0.000000,
          "stddev" : 0.000000,
          "N" : 0
        },
        "clat_ns" : {
          "min" : 0,
          "max" : 0,
          "mean" : 0.000000,
          "stddev" : 0.000000,
          "N" : 0
        },
        "lat_ns" : {
          "min" : 0,
          "max" : 0,
          "mean" : 0.000000,
          "stddev" : 0.000000,
          "N" : 0
        },
        "bw_min" : 0,
        "bw_max" : 0,
        "bw_agg" : 0.000000,
        "bw_mean" : 0.000000,
        "bw_dev" : 0.000000,
        "bw_samples" : 0,
        "iops_min" : 0,
        "iops_max" : 0,
        "iops_mean" : 0.000000,
        "iops_stddev" : 0.000000,
        "iops_samples" : 0
      },
      "write" : {
        "io_bytes" : 7208919040,
        "io_kbytes" : 7039960,
        "bw_bytes" : 120132632,
        "bw" : 117317,
        "iops" : 29329.256099,
        "runtime" : 60008,
        "total_ios" : 1759990,
        "short_ios" : 0,
        "drop_ios" : 0,
        "slat_ns" : {
          "min" : 0,
          "max" : 0,
          "mean" : 0.000000,
          "stddev" : 0.000000,
          "N" : 0
        },
        "clat_ns" : {
          "min" : 48900,
          "max" : 78956233,
          "mean" : 134183.237243,
          "stddev" : 319168.575162,
          "N" : 1759990,
          "percentile" : {
            "1.000000" : 78336,
            "5.000000" : 86528,
            "10.000000" : 91648,
            "20.000000" : 97792,
            "30.000000" : 102912,
            "40.000000" : 107008,
            "50.000000" : 111104,
            "60.000000" : 116224,
            "70.000000" : 123392,
            "80.000000" : 132096,
            "90.000000" : 150528,
            "95.000000" : 179200,
            "99.000000" : 602112,
            "99.500000" : 1056768,
            "99.900000" : 2277376,
            "99.950000" : 3227648,
            "99.990000" : 11862016
          }
        },
        "lat_ns" : {
          "min" : 49000,
          "max" : 78956333,
          "mean" : 134269.106659,
          "stddev" : 319169.127329,
          "N" : 1759990
        },
        "bw_min" : 76680,
        "bw_max" : 140224,
        "bw_agg" : 100.000000,
        "bw_mean" : 117404.658333,
        "bw_dev" : 2424.617363,
        "bw_samples" : 480,
        "iops_min" : 19170,
        "iops_max" : 35056,
        "iops_mean" : 29350.708333,
        "iops_stddev" : 606.150263,
        "iops_samples" : 480
      },
      "trim" : {
        "io_bytes" : 0,
        "io_kbytes" : 0,
        "bw_bytes" : 0,
        "bw" : 0,
        "iops" : 0.000000,
        "runtime" : 0,
        "total_ios" : 0,
        "short_ios" : 0,
        "drop_ios" : 0,
        "slat_ns" : {
          "min" : 0,
          "max" : 0,
          "mean" : 0.000000,
          "stddev" : 0.000000,
          "N" : 0
        },
        "clat_ns" : {
          "min" : 0,
          "max" : 0,
          "mean" : 0.000000,
          "stddev" : 0.000000,
          "N" : 0
        },
        "lat_ns" : {
          "min" : 0,
          "max" : 0,
          "mean" : 0.000000,
          "stddev" : 0.000000,
          "N" : 0
        },
        "bw_min" : 0,
        "bw_max" : 0,
        "bw_agg" : 0.000000,
        "bw_mean" : 0.000000,
        "bw_dev" : 0.000000,
        "bw_samples" : 0,
        "iops_min" : 0,
        "iops_max" : 0,
        "iops_mean" : 0.000000,
        "iops_stddev" : 0.000000,
        "iops_samples" : 0
      },
      "sync" : {
        "total_ios" : 1759986,
        "lat_ns" : {
          "min" : 700,
          "max" : 2476214,
          "mean" : 1062.969159,
          "stddev" : 2380.915533,
          "N" : 1759986,
          "percentile" : {
            "1.000000" : 804,
            "5.000000" : 804,
            "10.000000" : 804,
            "20.000000" : 900,
            "30.000000" : 900,
            "40.000000" : 900,
            "50.000000" : 900,
            "60.000000" : 900,
            "70.000000" : 1004,
            "80.000000" : 1096,
            "90.000000" : 1208,
            "95.000000" : 1496,
            "99.000000" : 2704,
            "99.500000" : 2896,
            "99.900000" : 27520,
            "99.950000" : 35584,
            "99.990000" : 47872
          }
        }
      },
      "job_runtime" : 240021,
      "usr_cpu" : 4.192550,
      "sys_cpu" : 15.565721,
      "ctx" : 1759986,
      "majf" : 0,
      "minf" : 146,
      "iodepth_level" : {
        "1" : 199.999773,
        "2" : 0.000000,
        "4" : 0.000000,
        "8" : 0.000000,
        "16" : 0.000000,
        "32" : 0.000000,
        ">=64" : 0.000000
      },
      "iodepth_submit" : {
        "0" : 0.000000,
        "4" : 100.000000,
        "8" : 0.000000,
        "16" : 0.000000,
        "32" : 0.000000,
        "64" : 0.000000,
        ">=64" : 0.000000
      },
      "iodepth_complete" : {
        "0" : 0.000000,
        "4" : 100.000000,
        "8" : 0.000000,
        "16" : 0.000000,
        "32" : 0.000000,
        "64" : 0.000000,
        ">=64" : 0.000000
      },
      "latency_ns" : {
        "2" : 0.000000,
        "4" : 0.000000,
        "10" : 0.000000,
        "20" : 0.000000,
        "50" : 0.000000,
        "100" : 0.000000,
        "250" : 0.000000,
        "500" : 0.000000,
        "750" : 0.000000,
        "1000" : 0.000000
      },
      "latency_us" : {
        "2" : 0.000000,
        "4" : 0.000000,
        "10" : 0.000000,
        "20" : 0.000000,
        "50" : 0.010000,
        "100" : 23.465872,
        "250" : 73.913375,
        "500" : 1.378360,
        "750" : 0.471764,
        "1000" : 0.232445
      },
      "latency_ms" : {
        "2" : 0.411650,
        "4" : 0.088069,
        "10" : 0.026250,
        "20" : 0.010000,
        "50" : 0.010000,
        "100" : 0.010000,
        "250" : 0.000000,
        "500" : 0.000000,
        "750" : 0.000000,
        "1000" : 0.000000,
        "2000" : 0.000000,
        ">=2000" : 0.000000
      },
      "latency_depth" : 1,
      "latency_target" : 0,
      "latency_percentile" : 100.000000,
      "latency_window" : 0
    }
  ],
  "disk_util" : [
    {
      "name" : "sdb",
      "read_ios" : 59,
      "write_ios" : 2629290,
      "read_sectors" : 4168,
      "write_sectors" : 21034320,
      "read_merges" : 0,
      "write_merges" : 0,
      "read_ticks" : 14,
      "write_ticks" : 287775,
      "in_queue" : 287790,
      "util" : 72.535868
    }
  ]
}
