{
  "fio version" : "fio-3.36",
  "timestamp" : 1733281376,
  "timestamp_ms" : 1733281376527,
  "time" : "Wed Dec  4 03:02:56 2024",
  "jobs" : [
    {
      "jobname" : "read_direct1_fsync0_threads_32_b133",
      "groupid" : 0,
      "job_start" : 1733281316512,
      "error" : 0,
      "eta" : 0,
      "elapsed" : 91,
      "job options" : {
        "name" : "read_direct1_fsync0_threads_32_b133",
        "rw" : "read",
        "direct" : "1",
        "filename" : "/dev/sdb1",
        "numjobs" : "32",
        "fsync" : "0",
        "bs" : "4k",
        "ramp_time" : "30",
        "runtime" : "60",
        "iodepth" : "1",
        "end_fsync" : "1"
      },
      "read" : {
        "io_bytes" : 18148638720,
        "io_kbytes" : 17723280,
        "bw_bytes" : 302467229,
        "bw" : 295378,
        "iops" : 73844.538515,
        "runtime" : 60002,
        "total_ios" : 4430820,
        "short_ios" : 0,
        "drop_ios" : 0,
        "slat_ns" : {
          "min" : 0,
          "max" : 0,
          "mean" : 0.000000,
          "stddev" : 0.000000,
          "N" : 0
        },
        "clat_ns" : {
          "min" : 100201,
          "max" : 63235548,
          "mean" : 431919.388640,
          "stddev" : 1940196.941018,
          "N" : 4430820,
          "percentile" : {
            "1.000000" : 144384,
            "5.000000" : 158720,
            "10.000000" : 166912,
            "20.000000" : 179200,
            "30.000000" : 189440,
            "40.000000" : 199680,
            "50.000000" : 209920,
            "60.000000" : 222208,
            "70.000000" : 238592,
            "80.000000" : 264192,
            "90.000000" : 321536,
            "95.000000" : 419840,
            "99.000000" : 6127616,
            "99.500000" : 18743296,
            "99.900000" : 26607616,
            "99.950000" : 34340864,
            "99.990000" : 38535168
          }
        },
        "lat_ns" : {
          "min" : 100201,
          "max" : 63235648,
          "mean" : 432060.808751,
          "stddev" : 1940206.900889,
          "N" : 4430820
        },
        "bw_min" : 189135,
        "bw_max" : 338882,
        "bw_agg" : 100.000000,
        "bw_mean" : 295668.469538,
        "bw_dev" : 804.311404,
        "bw_samples" : 3820,
        "iops_min" : 47283,
        "iops_max" : 84719,
        "iops_mean" : 73910.377801,
        "iops_stddev" : 201.040537,
        "iops_samples" : 3820
      },
      "write" : {
        "io_bytes" : 0,
        "io_kbytes" : 0,
        "bw_bytes" : 0,
        "bw" : 0,
        "iops" : 0.000000,
        "runtime" : 0,
        "total_ios" : 0,
        "short_ios" : 0,
        "drop_ios" : 0,
        "slat_ns" : {
          "min" : 0,
          "max" : 0,
          "mean" : 0.000000,
          "stddev" : 0.000000,
          "N" : 0
        },
        "clat_ns" : {
          "min" : 0,
          "max" : 0,
          "mean" : 0.000000,
          "stddev" : 0.000000,
          "N" : 0
        },
        "lat_ns" : {
          "min" : 0,
          "max" : 0,
          "mean" : 0.000000,
          "stddev" : 0.000000,
          "N" : 0
        },
        "bw_min" : 0,
        "bw_max" : 0,
        "bw_agg" : 0.000000,
        "bw_mean" : 0.000000,
        "bw_dev" : 0.000000,
        "bw_samples" : 0,
        "iops_min" : 0,
        "iops_max" : 0,
        "iops_mean" : 0.000000,
        "iops_stddev" : 0.000000,
        "iops_samples" : 0
      },
      "trim" : {
        "io_bytes" : 0,
        "io_kbytes" : 0,
        "bw_bytes" : 0,
        "bw" : 0,
        "iops" : 0.000000,
        "runtime" : 0,
        "total_ios" : 0,
        "short_ios" : 0,
        "drop_ios" : 0,
        "slat_ns" : {
          "min" : 0,
          "max" : 0,
          "mean" : 0.000000,
          "stddev" : 0.000000,
          "N" : 0
        },
        "clat_ns" : {
          "min" : 0,
          "max" : 0,
          "mean" : 0.000000,
          "stddev" : 0.000000,
          "N" : 0
        },
        "lat_ns" : {
          "min" : 0,
          "max" : 0,
          "mean" : 0.000000,
          "stddev" : 0.000000,
          "N" : 0
        },
        "bw_min" : 0,
        "bw_max" : 0,
        "bw_agg" : 0.000000,
        "bw_mean" : 0.000000,
        "bw_dev" : 0.000000,
        "bw_samples" : 0,
        "iops_min" : 0,
        "iops_max" : 0,
        "iops_mean" : 0.000000,
        "iops_stddev" : 0.000000,
        "iops_samples" : 0
      },
      "sync" : {
        "total_ios" : 0,
        "lat_ns" : {
          "min" : 0,
          "max" : 0,
          "mean" : 0.000000,
          "stddev" : 0.000000,
          "N" : 0
        }
      },
      "job_runtime" : 1920005,
      "usr_cpu" : 1.475257,
      "sys_cpu" : 7.119669,
      "ctx" : 4429276,
      "majf" : 0,
      "minf" : 1164,
      "iodepth_level" : {
        "1" : 100.000000,
        "2" : 0.000000,
        "4" : 0.000000,
        "8" : 0.000000,
        "16" : 0.000000,
        "32" : 0.000000,
        ">=64" : 0.000000
      },
      "iodepth_submit" : {
        "0" : 0.000000,
        "4" : 100.000000,
        "8" : 0.000000,
        "16" : 0.000000,
        "32" : 0.000000,
        "64" : 0.000000,
        ">=64" : 0.000000
      },
      "iodepth_complete" : {
        "0" : 0.000000,
        "4" : 100.000000,
        "8" : 0.000000,
        "16" : 0.000000,
        "32" : 0.000000,
        "64" : 0.000000,
        ">=64" : 0.000000
      },
      "latency_ns" : {
        "2" : 0.000000,
        "4" : 0.000000,
        "10" : 0.000000,
        "20" : 0.000000,
        "50" : 0.000000,
        "100" : 0.000000,
        "250" : 0.000000,
        "500" : 0.000000,
        "750" : 0.000000,
        "1000" : 0.000000
      },
      "latency_us" : {
        "2" : 0.000000,
        "4" : 0.000000,
        "10" : 0.000000,
        "20" : 0.000000,
        "50" : 0.000000,
        "100" : 0.000000,
        "250" : 74.601699,
        "500" : 21.541475,
        "750" : 1.259835,
        "1000" : 0.415273
      },
      "latency_ms" : {
        "2" : 0.671050,
        "4" : 0.361197,
        "10" : 0.299854,
        "20" : 0.493069,
        "50" : 0.355307,
        "100" : 0.010000,
        "250" : 0.000000,
        "500" : 0.000000,
        "750" : 0.000000,
        "1000" : 0.000000,
        "2000" : 0.000000,
        ">=2000" : 0.000000
      },
      "latency_depth" : 1,
      "latency_target" : 0,
      "latency_percentile" : 100.000000,
      "latency_window" : 0
    }
  ],
  "disk_util" : [
    {
      "name" : "sdb",
      "read_ios" : 6619214,
      "write_ios" : 0,
      "read_sectors" : 52953712,
      "write_sectors" : 0,
      "read_merges" : 0,
      "write_merges" : 0,
      "read_ticks" : 2585336,
      "write_ticks" : 0,
      "in_queue" : 2585335,
      "util" : 89.398583
    }
  ]
}
