{
  "fio version" : "fio-3.36",
  "timestamp" : 1733278720,
  "timestamp_ms" : 1733278720449,
  "time" : "Wed Dec  4 02:18:40 2024",
  "jobs" : [
    {
      "jobname" : "write_direct1_fsync0_threads_16_83ba",
      "groupid" : 0,
      "job_start" : 1733278660437,
      "error" : 0,
      "eta" : 0,
      "elapsed" : 91,
      "job options" : {
        "name" : "write_direct1_fsync0_threads_16_83ba",
        "rw" : "write",
        "direct" : "1",
        "filename" : "/dev/sdb1",
        "numjobs" : "16",
        "fsync" : "0",
        "bs" : "4k",
        "ramp_time" : "30",
        "runtime" : "60",
        "iodepth" : "1",
        "end_fsync" : "1"
      },
      "read" : {
        "io_bytes" : 0,
        "io_kbytes" : 0,
        "bw_bytes" : 0,
        "bw" : 0,
        "iops" : 0.000000,
        "runtime" : 0,
        "total_ios" : 0,
        "short_ios" : 0,
        "drop_ios" : 0,
        "slat_ns" : {
          "min" : 0,
          "max" : 0,
          "mean" : 0.000000,
          "stddev" : 0.000000,
          "N" : 0
        },
        "clat_ns" : {
          "min" : 0,
          "max" : 0,
          "mean" : 0.000000,
          "stddev" : 0.000000,
          "N" : 0
        },
        "lat_ns" : {
          "min" : 0,
          "max" : 0,
          "mean" : 0.000000,
          "stddev" : 0.000000,
          "N" : 0
        },
        "bw_min" : 0,
        "bw_max" : 0,
        "bw_agg" : 0.000000,
        "bw_mean" : 0.000000,
        "bw_dev" : 0.000000,
        "bw_samples" : 0,
        "iops_min" : 0,
        "iops_max" : 0,
        "iops_mean" : 0.000000,
        "iops_stddev" : 0.000000,
        "iops_samples" : 0
      },
      "write" : {
        "io_bytes" : 18243051520,
        "io_kbytes" : 17815480,
        "bw_bytes" : 304045791,
        "bw" : 296919,
        "iops" : 74229.929501,
        "runtime" : 60001,
        "total_ios" : 4453870,
        "short_ios" : 0,
        "drop_ios" : 0,
        "slat_ns" : {
          "min" : 0,
          "max" : 0,
          "mean" : 0.000000,
          "stddev" : 0.000000,
          "N" : 0
        },
        "clat_ns" : {
          "min" : 41900,
          "max" : 111510230,
          "mean" : 214274.516836,
          "stddev" : 1077176.309002,
          "N" : 4453870,
          "percentile" : {
            "1.000000" : 82432,
            "5.000000" : 93696,
            "10.000000" : 99840,
            "20.000000" : 108032,
            "30.000000" : 115200,
            "40.000000" : 122368,
            "50.000000" : 130560,
            "60.000000" : 138240,
            "70.000000" : 150528,
            "80.000000" : 168960,
            "90.000000" : 207872,
            "95.000000" : 259072,
            "99.000000" : 651264,
            "99.500000" : 3555328,
            "99.900000" : 14614528,
            "99.950000" : 23461888,
            "99.990000" : 30801920
          }
        },
        "lat_ns" : {
          "min" : 42100,
          "max" : 111510430,
          "mean" : 214472.292601,
          "stddev" : 1077182.955631,
          "N" : 4453870
        },
        "bw_min" : 189875,
        "bw_max" : 382433,
        "bw_agg" : 100.000000,
        "bw_mean" : 297102.085784,
        "bw_dev" : 2283.496124,
        "bw_samples" : 1906,
        "iops_min" : 47465,
        "iops_max" : 95608,
        "iops_mean" : 74273.127031,
        "iops_stddev" : 570.883507,
        "iops_samples" : 1906
      },
      "trim" : {
        "io_bytes" : 0,
        "io_kbytes" : 0,
        "bw_bytes" : 0,
        "bw" : 0,
        "iops" : 0.000000,
        "runtime" : 0,
        "total_ios" : 0,
        "short_ios" : 0,
        "drop_ios" : 0,
        "slat_ns" : {
          "min" : 0,
          "max" : 0,
          "mean" : 0.000000,
          "stddev" : 0.000000,
          "N" : 0
        },
        "clat_ns" : {
          "min" : 0,
          "max" : 0,
          "mean" : 0.000000,
          "stddev" : 0.000000,
          "N" : 0
        },
        "lat_ns" : {
          "min" : 0,
          "max" : 0,
          "mean" : 0.000000,
          "stddev" : 0.000000,
          "N" : 0
        },
        "bw_min" : 0,
        "bw_max" : 0,
        "bw_agg" : 0.000000,
        "bw_mean" : 0.000000,
        "bw_dev" : 0.000000,
        "bw_samples" : 0,
        "iops_min" : 0,
        "iops_max" : 0,
        "iops_mean" : 0.000000,
        "iops_stddev" : 0.000000,
        "iops_samples" : 0
      },
      "sync" : {
        "total_ios" : 0,
        "lat_ns" : {
          "min" : 0,
          "max" : 0,
          "mean" : 0.000000,
          "stddev" : 0.000000,
          "N" : 0
        }
      },
      "job_runtime" : 960000,
      "usr_cpu" : 2.404479,
      "sys_cpu" : 16.512812,
      "ctx" : 4447564,
      "majf" : 0,
      "minf" : 582,
      "iodepth_level" : {
        "1" : 100.000000,
        "2" : 0.000000,
        "4" : 0.000000,
        "8" : 0.000000,
        "16" : 0.000000,
        "32" : 0.000000,
        ">=64" : 0.000000
      },
      "iodepth_submit" : {
        "0" : 0.000000,
        "4" : 100.000000,
        "8" : 0.000000,
        "16" : 0.000000,
        "32" : 0.000000,
        "64" : 0.000000,
        ">=64" : 0.000000
      },
      "iodepth_complete" : {
        "0" : 0.000000,
        "4" : 100.000000,
        "8" : 0.000000,
        "16" : 0.000000,
        "32" : 0.000000,
        "64" : 0.000000,
        ">=64" : 0.000000
      },
      "latency_ns" : {
        "2" : 0.000000,
        "4" : 0.000000,
        "10" : 0.000000,
        "20" : 0.000000,
        "50" : 0.000000,
        "100" : 0.000000,
        "250" : 0.000000,
        "500" : 0.000000,
        "750" : 0.000000,
        "1000" : 0.000000
      },
      "latency_us" : {
        "2" : 0.000000,
        "4" : 0.000000,
        "10" : 0.000000,
        "20" : 0.000000,
        "50" : 0.010000,
        "100" : 10.447386,
        "250" : 84.030046,
        "500" : 4.242109,
        "750" : 0.348012,
        "1000" : 0.096972
      },
      "latency_ms" : {
        "2" : 0.240263,
        "4" : 0.111364,
        "10" : 0.146547,
        "20" : 0.275558,
        "50" : 0.058466,
        "100" : 0.010000,
        "250" : 0.010000,
        "500" : 0.000000,
        "750" : 0.000000,
        "1000" : 0.000000,
        "2000" : 0.000000,
        ">=2000" : 0.000000
      },
      "latency_depth" : 1,
      "latency_target" : 0,
      "latency_percentile" : 100.000000,
      "latency_window" : 0
    }
  ],
  "disk_util" : [
    {
      "name" : "sdb",
      "read_ios" : 118,
      "write_ios" : 6666535,
      "read_sectors" : 8336,
      "write_sectors" : 53332280,
      "read_merges" : 0,
      "write_merges" : 0,
      "read_ticks" : 27,
      "write_ticks" : 1163078,
      "in_queue" : 1163105,
      "util" : 86.106947
    }
  ]
}
