{
  "fio version" : "fio-3.36",
  "timestamp" : 1733170247,
  "timestamp_ms" : 1733170247682,
  "time" : "Mon Dec  2 20:10:47 2024",
  "jobs" : [
    {
      "jobname" : "rand_read_direct0_fsync0",
      "groupid" : 0,
      "job_start" : 1733170215311,
      "error" : 0,
      "eta" : 0,
      "elapsed" : 93,
      "job options" : {
        "name" : "rand_read_direct0_fsync0",
        "rw" : "randread",
        "direct" : "0",
        "bs" : "4k",
        "runtime" : "30",
        "ramp_time" : "60",
        "filename" : "/dev/sdb1",
        "iodepth" : "1",
        "numjobs" : "2"
      },
      "read" : {
        "io_bytes" : 1825779712,
        "io_kbytes" : 1782988,
        "bw_bytes" : 60857295,
        "bw" : 59430,
        "iops" : 14857.738075,
        "runtime" : 30001,
        "total_ios" : 445747,
        "short_ios" : 0,
        "drop_ios" : 0,
        "slat_ns" : {
          "min" : 0,
          "max" : 0,
          "mean" : 0.000000,
          "stddev" : 0.000000,
          "N" : 0
        },
        "clat_ns" : {
          "min" : 1500,
          "max" : 32118289,
          "mean" : 133793.680581,
          "stddev" : 165120.171520,
          "N" : 445747,
          "percentile" : {
            "1.000000" : 62720,
            "5.000000" : 73216,
            "10.000000" : 79360,
            "20.000000" : 85504,
            "30.000000" : 90624,
            "40.000000" : 94720,
            "50.000000" : 97792,
            "60.000000" : 101888,
            "70.000000" : 110080,
            "80.000000" : 129536,
            "90.000000" : 191488,
            "95.000000" : 305152,
            "99.000000" : 806912,
            "99.500000" : 1056768,
            "99.900000" : 1712128,
            "99.950000" : 2088960,
            "99.990000" : 4227072
          }
        },
        "lat_ns" : {
          "min" : 1600,
          "max" : 32118289,
          "mean" : 133883.848742,
          "stddev" : 165121.615945,
          "N" : 445747
        },
        "bw_min" : 39752,
        "bw_max" : 72232,
        "bw_agg" : 100.000000,
        "bw_mean" : 59459.494633,
        "bw_dev" : 3561.340635,
        "bw_samples" : 119,
        "iops_min" : 9938,
        "iops_max" : 18058,
        "iops_mean" : 14864.671751,
        "iops_stddev" : 890.342404,
        "iops_samples" : 119
      },
      "write" : {
        "io_bytes" : 0,
        "io_kbytes" : 0,
        "bw_bytes" : 0,
        "bw" : 0,
        "iops" : 0.000000,
        "runtime" : 0,
        "total_ios" : 0,
        "short_ios" : 0,
        "drop_ios" : 0,
        "slat_ns" : {
          "min" : 0,
          "max" : 0,
          "mean" : 0.000000,
          "stddev" : 0.000000,
          "N" : 0
        },
        "clat_ns" : {
          "min" : 0,
          "max" : 0,
          "mean" : 0.000000,
          "stddev" : 0.000000,
          "N" : 0
        },
        "lat_ns" : {
          "min" : 0,
          "max" : 0,
          "mean" : 0.000000,
          "stddev" : 0.000000,
          "N" : 0
        },
        "bw_min" : 0,
        "bw_max" : 0,
        "bw_agg" : 0.000000,
        "bw_mean" : 0.000000,
        "bw_dev" : 0.000000,
        "bw_samples" : 0,
        "iops_min" : 0,
        "iops_max" : 0,
        "iops_mean" : 0.000000,
        "iops_stddev" : 0.000000,
        "iops_samples" : 0
      },
      "trim" : {
        "io_bytes" : 0,
        "io_kbytes" : 0,
        "bw_bytes" : 0,
        "bw" : 0,
        "iops" : 0.000000,
        "runtime" : 0,
        "total_ios" : 0,
        "short_ios" : 0,
        "drop_ios" : 0,
        "slat_ns" : {
          "min" : 0,
          "max" : 0,
          "mean" : 0.000000,
          "stddev" : 0.000000,
          "N" : 0
        },
        "clat_ns" : {
          "min" : 0,
          "max" : 0,
          "mean" : 0.000000,
          "stddev" : 0.000000,
          "N" : 0
        },
        "lat_ns" : {
          "min" : 0,
          "max" : 0,
          "mean" : 0.000000,
          "stddev" : 0.000000,
          "N" : 0
        },
        "bw_min" : 0,
        "bw_max" : 0,
        "bw_agg" : 0.000000,
        "bw_mean" : 0.000000,
        "bw_dev" : 0.000000,
        "bw_samples" : 0,
        "iops_min" : 0,
        "iops_max" : 0,
        "iops_mean" : 0.000000,
        "iops_stddev" : 0.000000,
        "iops_samples" : 0
      },
      "sync" : {
        "total_ios" : 0,
        "lat_ns" : {
          "min" : 0,
          "max" : 0,
          "mean" : 0.000000,
          "stddev" : 0.000000,
          "N" : 0
        }
      },
      "job_runtime" : 60000,
      "usr_cpu" : 2.745000,
      "sys_cpu" : 18.708333,
      "ctx" : 443997,
      "majf" : 0,
      "minf" : 73,
      "iodepth_level" : {
        "1" : 100.000000,
        "2" : 0.000000,
        "4" : 0.000000,
        "8" : 0.000000,
        "16" : 0.000000,
        "32" : 0.000000,
        ">=64" : 0.000000
      },
      "iodepth_submit" : {
        "0" : 0.000000,
        "4" : 100.000000,
        "8" : 0.000000,
        "16" : 0.000000,
        "32" : 0.000000,
        "64" : 0.000000,
        ">=64" : 0.000000
      },
      "iodepth_complete" : {
        "0" : 0.000000,
        "4" : 100.000000,
        "8" : 0.000000,
        "16" : 0.000000,
        "32" : 0.000000,
        "64" : 0.000000,
        ">=64" : 0.000000
      },
      "latency_ns" : {
        "2" : 0.000000,
        "4" : 0.000000,
        "10" : 0.000000,
        "20" : 0.000000,
        "50" : 0.000000,
        "100" : 0.000000,
        "250" : 0.000000,
        "500" : 0.000000,
        "750" : 0.000000,
        "1000" : 0.000000
      },
      "latency_us" : {
        "2" : 0.024678,
        "4" : 0.360294,
        "10" : 0.010000,
        "20" : 0.000000,
        "50" : 0.010000,
        "100" : 55.732736,
        "250" : 37.414273,
        "500" : 3.934743,
        "750" : 1.374098,
        "1000" : 0.563100
      },
      "latency_ms" : {
        "2" : 0.527205,
        "4" : 0.047561,
        "10" : 0.011217,
        "20" : 0.010000,
        "50" : 0.010000,
        "100" : 0.000000,
        "250" : 0.000000,
        "500" : 0.000000,
        "750" : 0.000000,
        "1000" : 0.000000,
        "2000" : 0.000000,
        ">=2000" : 0.000000
      },
      "latency_depth" : 1,
      "latency_target" : 0,
      "latency_percentile" : 100.000000,
      "latency_window" : 0
    }
  ],
  "disk_util" : [
    {
      "name" : "sdb",
      "read_ios" : 1416568,
      "write_ios" : 0,
      "read_sectors" : 11332544,
      "write_sectors" : 0,
      "read_merges" : 0,
      "write_merges" : 0,
      "read_ticks" : 140020,
      "write_ticks" : 0,
      "in_queue" : 140020,
      "util" : 71.225195
    }
  ]
}
