{
  "fio version" : "fio-3.36",
  "timestamp" : 1733281931,
  "timestamp_ms" : 1733281931998,
  "time" : "Wed Dec  4 03:12:11 2024",
  "jobs" : [
    {
      "jobname" : "randread_direct0_fsync0_threads_16_7a17",
      "groupid" : 0,
      "job_start" : 1733281865190,
      "error" : 0,
      "eta" : 0,
      "elapsed" : 97,
      "job options" : {
        "name" : "randread_direct0_fsync0_threads_16_7a17",
        "rw" : "randread",
        "direct" : "0",
        "filename" : "/dev/sdb1",
        "numjobs" : "16",
        "fsync" : "0",
        "bs" : "4k",
        "ramp_time" : "30",
        "runtime" : "60",
        "iodepth" : "1",
        "end_fsync" : "1"
      },
      "read" : {
        "io_bytes" : 16832356352,
        "io_kbytes" : 16437848,
        "bw_bytes" : 280497197,
        "bw" : 273923,
        "iops" : 68480.761219,
        "runtime" : 60009,
        "total_ios" : 4109462,
        "short_ios" : 0,
        "drop_ios" : 0,
        "slat_ns" : {
          "min" : 0,
          "max" : 0,
          "mean" : 0.000000,
          "stddev" : 0.000000,
          "N" : 0
        },
        "clat_ns" : {
          "min" : 1200,
          "max" : 201205486,
          "mean" : 232000.900231,
          "stddev" : 750260.514034,
          "N" : 4109462,
          "percentile" : {
            "1.000000" : 2608,
            "5.000000" : 150528,
            "10.000000" : 160768,
            "20.000000" : 168960,
            "30.000000" : 177152,
            "40.000000" : 183296,
            "50.000000" : 191488,
            "60.000000" : 197632,
            "70.000000" : 207872,
            "80.000000" : 222208,
            "90.000000" : 250880,
            "95.000000" : 301056,
            "99.000000" : 716800,
            "99.500000" : 1548288,
            "99.900000" : 9502720,
            "99.950000" : 13959168,
            "99.990000" : 26345472
          }
        },
        "lat_ns" : {
          "min" : 1200,
          "max" : 201205486,
          "mean" : 232100.382685,
          "stddev" : 750262.823108,
          "N" : 4109462
        },
        "bw_min" : 152031,
        "bw_max" : 329065,
        "bw_agg" : 100.000000,
        "bw_mean" : 274257.621849,
        "bw_dev" : 1820.186094,
        "bw_samples" : 1904,
        "iops_min" : 38007,
        "iops_max" : 82266,
        "iops_mean" : 68564.025210,
        "iops_stddev" : 455.053747,
        "iops_samples" : 1904
      },
      "write" : {
        "io_bytes" : 0,
        "io_kbytes" : 0,
        "bw_bytes" : 0,
        "bw" : 0,
        "iops" : 0.000000,
        "runtime" : 0,
        "total_ios" : 0,
        "short_ios" : 0,
        "drop_ios" : 0,
        "slat_ns" : {
          "min" : 0,
          "max" : 0,
          "mean" : 0.000000,
          "stddev" : 0.000000,
          "N" : 0
        },
        "clat_ns" : {
          "min" : 0,
          "max" : 0,
          "mean" : 0.000000,
          "stddev" : 0.000000,
          "N" : 0
        },
        "lat_ns" : {
          "min" : 0,
          "max" : 0,
          "mean" : 0.000000,
          "stddev" : 0.000000,
          "N" : 0
        },
        "bw_min" : 0,
        "bw_max" : 0,
        "bw_agg" : 0.000000,
        "bw_mean" : 0.000000,
        "bw_dev" : 0.000000,
        "bw_samples" : 0,
        "iops_min" : 0,
        "iops_max" : 0,
        "iops_mean" : 0.000000,
        "iops_stddev" : 0.000000,
        "iops_samples" : 0
      },
      "trim" : {
        "io_bytes" : 0,
        "io_kbytes" : 0,
        "bw_bytes" : 0,
        "bw" : 0,
        "iops" : 0.000000,
        "runtime" : 0,
        "total_ios" : 0,
        "short_ios" : 0,
        "drop_ios" : 0,
        "slat_ns" : {
          "min" : 0,
          "max" : 0,
          "mean" : 0.000000,
          "stddev" : 0.000000,
          "N" : 0
        },
        "clat_ns" : {
          "min" : 0,
          "max" : 0,
          "mean" : 0.000000,
          "stddev" : 0.000000,
          "N" : 0
        },
        "lat_ns" : {
          "min" : 0,
          "max" : 0,
          "mean" : 0.000000,
          "stddev" : 0.000000,
          "N" : 0
        },
        "bw_min" : 0,
        "bw_max" : 0,
        "bw_agg" : 0.000000,
        "bw_mean" : 0.000000,
        "bw_dev" : 0.000000,
        "bw_samples" : 0,
        "iops_min" : 0,
        "iops_max" : 0,
        "iops_mean" : 0.000000,
        "iops_stddev" : 0.000000,
        "iops_samples" : 0
      },
      "sync" : {
        "total_ios" : 0,
        "lat_ns" : {
          "min" : 0,
          "max" : 0,
          "mean" : 0.000000,
          "stddev" : 0.000000,
          "N" : 0
        }
      },
      "job_runtime" : 960013,
      "usr_cpu" : 2.207470,
      "sys_cpu" : 14.212203,
      "ctx" : 4012552,
      "majf" : 0,
      "minf" : 582,
      "iodepth_level" : {
        "1" : 100.000000,
        "2" : 0.000000,
        "4" : 0.000000,
        "8" : 0.000000,
        "16" : 0.000000,
        "32" : 0.000000,
        ">=64" : 0.000000
      },
      "iodepth_submit" : {
        "0" : 0.000000,
        "4" : 100.000000,
        "8" : 0.000000,
        "16" : 0.000000,
        "32" : 0.000000,
        "64" : 0.000000,
        ">=64" : 0.000000
      },
      "iodepth_complete" : {
        "0" : 0.000000,
        "4" : 100.000000,
        "8" : 0.000000,
        "16" : 0.000000,
        "32" : 0.000000,
        "64" : 0.000000,
        ">=64" : 0.000000
      },
      "latency_ns" : {
        "2" : 0.000000,
        "4" : 0.000000,
        "10" : 0.000000,
        "20" : 0.000000,
        "50" : 0.000000,
        "100" : 0.000000,
        "250" : 0.000000,
        "500" : 0.000000,
        "750" : 0.000000,
        "1000" : 0.000000
      },
      "latency_us" : {
        "2" : 0.011413,
        "4" : 1.859489,
        "10" : 0.453271,
        "20" : 0.010000,
        "50" : 0.017277,
        "100" : 0.013870,
        "250" : 87.499434,
        "500" : 8.671914,
        "750" : 0.507025,
        "1000" : 0.175254
      },
      "latency_ms" : {
        "2" : 0.406963,
        "4" : 0.163087,
        "10" : 0.126245,
        "20" : 0.077747,
        "50" : 0.014552,
        "100" : 0.010000,
        "250" : 0.010000,
        "500" : 0.000000,
        "750" : 0.000000,
        "1000" : 0.000000,
        "2000" : 0.000000,
        ">=2000" : 0.000000
      },
      "latency_depth" : 1,
      "latency_target" : 0,
      "latency_percentile" : 100.000000,
      "latency_window" : 0
    }
  ],
  "disk_util" : [
    {
      "name" : "sdb",
      "read_ios" : 5908368,
      "write_ios" : 0,
      "read_sectors" : 47266944,
      "write_sectors" : 0,
      "read_merges" : 0,
      "write_merges" : 0,
      "read_ticks" : 1206287,
      "write_ticks" : 0,
      "in_queue" : 1206287,
      "util" : 83.435494
    }
  ]
}
