{
  "fio version" : "fio-3.36",
  "timestamp" : 1733280006,
  "timestamp_ms" : 1733280006754,
  "time" : "Wed Dec  4 02:40:06 2024",
  "jobs" : [
    {
      "jobname" : "randwrite_direct0_fsync1_threads_8_2826",
      "groupid" : 0,
      "job_start" : 1733279940288,
      "error" : 0,
      "eta" : 0,
      "elapsed" : 97,
      "job options" : {
        "name" : "randwrite_direct0_fsync1_threads_8_2826",
        "rw" : "randwrite",
        "direct" : "0",
        "filename" : "/dev/sdb1",
        "numjobs" : "8",
        "fsync" : "1",
        "bs" : "4k",
        "ramp_time" : "30",
        "runtime" : "60",
        "iodepth" : "1",
        "end_fsync" : "1"
      },
      "read" : {
        "io_bytes" : 0,
        "io_kbytes" : 0,
        "bw_bytes" : 0,
        "bw" : 0,
        "iops" : 0.000000,
        "runtime" : 0,
        "total_ios" : 0,
        "short_ios" : 0,
        "drop_ios" : 0,
        "slat_ns" : {
          "min" : 0,
          "max" : 0,
          "mean" : 0.000000,
          "stddev" : 0.000000,
          "N" : 0
        },
        "clat_ns" : {
          "min" : 0,
          "max" : 0,
          "mean" : 0.000000,
          "stddev" : 0.000000,
          "N" : 0
        },
        "lat_ns" : {
          "min" : 0,
          "max" : 0,
          "mean" : 0.000000,
          "stddev" : 0.000000,
          "N" : 0
        },
        "bw_min" : 0,
        "bw_max" : 0,
        "bw_agg" : 0.000000,
        "bw_mean" : 0.000000,
        "bw_dev" : 0.000000,
        "bw_samples" : 0,
        "iops_min" : 0,
        "iops_max" : 0,
        "iops_mean" : 0.000000,
        "iops_stddev" : 0.000000,
        "iops_samples" : 0
      },
      "write" : {
        "io_bytes" : 9247752192,
        "io_kbytes" : 9031008,
        "bw_bytes" : 154126634,
        "bw" : 150514,
        "iops" : 37628.572857,
        "runtime" : 60001,
        "total_ios" : 2257752,
        "short_ios" : 0,
        "drop_ios" : 0,
        "slat_ns" : {
          "min" : 0,
          "max" : 0,
          "mean" : 0.000000,
          "stddev" : 0.000000,
          "N" : 0
        },
        "clat_ns" : {
          "min" : 2700,
          "max" : 3838221,
          "mean" : 7599.709547,
          "stddev" : 11612.554824,
          "N" : 2257752,
          "percentile" : {
            "1.000000" : 4192,
            "5.000000" : 4384,
            "10.000000" : 4576,
            "20.000000" : 4832,
            "30.000000" : 5024,
            "40.000000" : 5216,
            "50.000000" : 5600,
            "60.000000" : 6176,
            "70.000000" : 7200,
            "80.000000" : 8896,
            "90.000000" : 10432,
            "95.000000" : 11840,
            "99.000000" : 43264,
            "99.500000" : 64256,
            "99.900000" : 156672,
            "99.950000" : 216064,
            "99.990000" : 374784
          }
        },
        "lat_ns" : {
          "min" : 2800,
          "max" : 3838321,
          "mean" : 7784.925282,
          "stddev" : 11756.740066,
          "N" : 2257752
        },
        "bw_min" : 66418,
        "bw_max" : 182948,
        "bw_agg" : 100.000000,
        "bw_mean" : 150694.537815,
        "bw_dev" : 2276.301374,
        "bw_samples" : 952,
        "iops_min" : 16603,
        "iops_max" : 45737,
        "iops_mean" : 37672.806723,
        "iops_stddev" : 569.074507,
        "iops_samples" : 952
      },
      "trim" : {
        "io_bytes" : 0,
        "io_kbytes" : 0,
        "bw_bytes" : 0,
        "bw" : 0,
        "iops" : 0.000000,
        "runtime" : 0,
        "total_ios" : 0,
        "short_ios" : 0,
        "drop_ios" : 0,
        "slat_ns" : {
          "min" : 0,
          "max" : 0,
          "mean" : 0.000000,
          "stddev" : 0.000000,
          "N" : 0
        },
        "clat_ns" : {
          "min" : 0,
          "max" : 0,
          "mean" : 0.000000,
          "stddev" : 0.000000,
          "N" : 0
        },
        "lat_ns" : {
          "min" : 0,
          "max" : 0,
          "mean" : 0.000000,
          "stddev" : 0.000000,
          "N" : 0
        },
        "bw_min" : 0,
        "bw_max" : 0,
        "bw_agg" : 0.000000,
        "bw_mean" : 0.000000,
        "bw_dev" : 0.000000,
        "bw_samples" : 0,
        "iops_min" : 0,
        "iops_max" : 0,
        "iops_mean" : 0.000000,
        "iops_stddev" : 0.000000,
        "iops_samples" : 0
      },
      "sync" : {
        "total_ios" : 2257752,
        "lat_ns" : {
          "min" : 1600,
          "max" : 91594304,
          "mean" : 202853.756579,
          "stddev" : 586196.985251,
          "N" : 2257752,
          "percentile" : {
            "1.000000" : 83456,
            "5.000000" : 100864,
            "10.000000" : 110080,
            "20.000000" : 124416,
            "30.000000" : 136192,
            "40.000000" : 148480,
            "50.000000" : 162816,
            "60.000000" : 179200,
            "70.000000" : 199680,
            "80.000000" : 224256,
            "90.000000" : 268288,
            "95.000000" : 313344,
            "99.000000" : 602112,
            "99.500000" : 1368064,
            "99.900000" : 4751360,
            "99.950000" : 9633792,
            "99.990000" : 26607616
          }
        }
      },
      "job_runtime" : 480000,
      "usr_cpu" : 3.202917,
      "sys_cpu" : 24.901875,
      "ctx" : 3352037,
      "majf" : 0,
      "minf" : 293,
      "iodepth_level" : {
        "1" : 200.000000,
        "2" : 0.000000,
        "4" : 0.000000,
        "8" : 0.000000,
        "16" : 0.000000,
        "32" : 0.000000,
        ">=64" : 0.000000
      },
      "iodepth_submit" : {
        "0" : 0.000000,
        "4" : 100.000000,
        "8" : 0.000000,
        "16" : 0.000000,
        "32" : 0.000000,
        "64" : 0.000000,
        ">=64" : 0.000000
      },
      "iodepth_complete" : {
        "0" : 0.000000,
        "4" : 100.000000,
        "8" : 0.000000,
        "16" : 0.000000,
        "32" : 0.000000,
        "64" : 0.000000,
        ">=64" : 0.000000
      },
      "latency_ns" : {
        "2" : 0.000000,
        "4" : 0.000000,
        "10" : 0.000000,
        "20" : 0.000000,
        "50" : 0.000000,
        "100" : 0.000000,
        "250" : 0.000000,
        "500" : 0.000000,
        "750" : 0.000000,
        "1000" : 0.000000
      },
      "latency_us" : {
        "2" : 0.000000,
        "4" : 0.319256,
        "10" : 86.487001,
        "20" : 11.347792,
        "50" : 1.093211,
        "100" : 0.511349,
        "250" : 0.206843,
        "500" : 0.030251,
        "750" : 0.010000,
        "1000" : 0.010000
      },
      "latency_ms" : {
        "2" : 0.010000,
        "4" : 0.010000,
        "10" : 0.000000,
        "20" : 0.000000,
        "50" : 0.000000,
        "100" : 0.000000,
        "250" : 0.000000,
        "500" : 0.000000,
        "750" : 0.000000,
        "1000" : 0.000000,
        "2000" : 0.000000,
        ">=2000" : 0.000000
      },
      "latency_depth" : 1,
      "latency_target" : 0,
      "latency_percentile" : 100.000000,
      "latency_window" : 0
    }
  ],
  "disk_util" : [
    {
      "name" : "sdb",
      "read_ios" : 59,
      "write_ios" : 3404732,
      "read_sectors" : 4168,
      "write_sectors" : 27237856,
      "read_merges" : 0,
      "write_merges" : 0,
      "read_ticks" : 25,
      "write_ticks" : 437982,
      "in_queue" : 438006,
      "util" : 70.523697
    }
  ]
}
