{
  "fio version" : "fio-3.36",
  "timestamp" : 1733170063,
  "timestamp_ms" : 1733170063611,
  "time" : "Mon Dec  2 20:07:43 2024",
  "jobs" : [
    {
      "jobname" : "rand_read_direct1_fsync0",
      "groupid" : 0,
      "job_start" : 1733170033564,
      "error" : 0,
      "eta" : 0,
      "elapsed" : 91,
      "job options" : {
        "name" : "rand_read_direct1_fsync0",
        "rw" : "randread",
        "direct" : "1",
        "bs" : "4k",
        "runtime" : "30",
        "ramp_time" : "60",
        "filename" : "/dev/sdb1",
        "iodepth" : "1",
        "numjobs" : "16"
      },
      "read" : {
        "io_bytes" : 9395683328,
        "io_kbytes" : 9175472,
        "bw_bytes" : 312897406,
        "bw" : 305563,
        "iops" : 76390.968429,
        "runtime" : 30028,
        "total_ios" : 2293868,
        "short_ios" : 0,
        "drop_ios" : 0,
        "slat_ns" : {
          "min" : 0,
          "max" : 0,
          "mean" : 0.000000,
          "stddev" : 0.000000,
          "N" : 0
        },
        "clat_ns" : {
          "min" : 29500,
          "max" : 52926979,
          "mean" : 207232.561385,
          "stddev" : 1176748.120777,
          "N" : 2293868,
          "percentile" : {
            "1.000000" : 68096,
            "5.000000" : 81408,
            "10.000000" : 88576,
            "20.000000" : 96768,
            "30.000000" : 102912,
            "40.000000" : 109056,
            "50.000000" : 116224,
            "60.000000" : 124416,
            "70.000000" : 134144,
            "80.000000" : 148480,
            "90.000000" : 185344,
            "95.000000" : 234496,
            "99.000000" : 618496,
            "99.500000" : 1646592,
            "99.900000" : 17170432,
            "99.950000" : 25559040,
            "99.990000" : 33161216
          }
        },
        "lat_ns" : {
          "min" : 29600,
          "max" : 52927079,
          "mean" : 207383.941859,
          "stddev" : 1176757.789246,
          "N" : 2293868
        },
        "bw_min" : 234565,
        "bw_max" : 359167,
        "bw_agg" : 100.000000,
        "bw_mean" : 306107.118644,
        "bw_dev" : 1907.312610,
        "bw_samples" : 944,
        "iops_min" : 58641,
        "iops_max" : 89790,
        "iops_mean" : 76525.847458,
        "iops_stddev" : 476.824250,
        "iops_samples" : 944
      },
      "write" : {
        "io_bytes" : 0,
        "io_kbytes" : 0,
        "bw_bytes" : 0,
        "bw" : 0,
        "iops" : 0.000000,
        "runtime" : 0,
        "total_ios" : 0,
        "short_ios" : 0,
        "drop_ios" : 0,
        "slat_ns" : {
          "min" : 0,
          "max" : 0,
          "mean" : 0.000000,
          "stddev" : 0.000000,
          "N" : 0
        },
        "clat_ns" : {
          "min" : 0,
          "max" : 0,
          "mean" : 0.000000,
          "stddev" : 0.000000,
          "N" : 0
        },
        "lat_ns" : {
          "min" : 0,
          "max" : 0,
          "mean" : 0.000000,
          "stddev" : 0.000000,
          "N" : 0
        },
        "bw_min" : 0,
        "bw_max" : 0,
        "bw_agg" : 0.000000,
        "bw_mean" : 0.000000,
        "bw_dev" : 0.000000,
        "bw_samples" : 0,
        "iops_min" : 0,
        "iops_max" : 0,
        "iops_mean" : 0.000000,
        "iops_stddev" : 0.000000,
        "iops_samples" : 0
      },
      "trim" : {
        "io_bytes" : 0,
        "io_kbytes" : 0,
        "bw_bytes" : 0,
        "bw" : 0,
        "iops" : 0.000000,
        "runtime" : 0,
        "total_ios" : 0,
        "short_ios" : 0,
        "drop_ios" : 0,
        "slat_ns" : {
          "min" : 0,
          "max" : 0,
          "mean" : 0.000000,
          "stddev" : 0.000000,
          "N" : 0
        },
        "clat_ns" : {
          "min" : 0,
          "max" : 0,
          "mean" : 0.000000,
          "stddev" : 0.000000,
          "N" : 0
        },
        "lat_ns" : {
          "min" : 0,
          "max" : 0,
          "mean" : 0.000000,
          "stddev" : 0.000000,
          "N" : 0
        },
        "bw_min" : 0,
        "bw_max" : 0,
        "bw_agg" : 0.000000,
        "bw_mean" : 0.000000,
        "bw_dev" : 0.000000,
        "bw_samples" : 0,
        "iops_min" : 0,
        "iops_max" : 0,
        "iops_mean" : 0.000000,
        "iops_stddev" : 0.000000,
        "iops_samples" : 0
      },
      "sync" : {
        "total_ios" : 0,
        "lat_ns" : {
          "min" : 0,
          "max" : 0,
          "mean" : 0.000000,
          "stddev" : 0.000000,
          "N" : 0
        }
      },
      "job_runtime" : 480367,
      "usr_cpu" : 3.246476,
      "sys_cpu" : 17.816170,
      "ctx" : 2289982,
      "majf" : 0,
      "minf" : 584,
      "iodepth_level" : {
        "1" : 100.000000,
        "2" : 0.000000,
        "4" : 0.000000,
        "8" : 0.000000,
        "16" : 0.000000,
        "32" : 0.000000,
        ">=64" : 0.000000
      },
      "iodepth_submit" : {
        "0" : 0.000000,
        "4" : 100.000000,
        "8" : 0.000000,
        "16" : 0.000000,
        "32" : 0.000000,
        "64" : 0.000000,
        ">=64" : 0.000000
      },
      "iodepth_complete" : {
        "0" : 0.000000,
        "4" : 100.000000,
        "8" : 0.000000,
        "16" : 0.000000,
        "32" : 0.000000,
        "64" : 0.000000,
        ">=64" : 0.000000
      },
      "latency_ns" : {
        "2" : 0.000000,
        "4" : 0.000000,
        "10" : 0.000000,
        "20" : 0.000000,
        "50" : 0.000000,
        "100" : 0.000000,
        "250" : 0.000000,
        "500" : 0.000000,
        "750" : 0.000000,
        "1000" : 0.000000
      },
      "latency_us" : {
        "2" : 0.000000,
        "4" : 0.000000,
        "10" : 0.000000,
        "20" : 0.000000,
        "50" : 0.091592,
        "100" : 24.714195,
        "250" : 71.061412,
        "500" : 2.881552,
        "750" : 0.406824,
        "1000" : 0.161823
      },
      "latency_ms" : {
        "2" : 0.207902,
        "4" : 0.036925,
        "10" : 0.030473,
        "20" : 0.350020,
        "50" : 0.057109,
        "100" : 0.010000,
        "250" : 0.000000,
        "500" : 0.000000,
        "750" : 0.000000,
        "1000" : 0.000000,
        "2000" : 0.000000,
        ">=2000" : 0.000000
      },
      "latency_depth" : 1,
      "latency_target" : 0,
      "latency_percentile" : 100.000000,
      "latency_window" : 0
    }
  ],
  "disk_util" : [
    {
      "name" : "sdb",
      "read_ios" : 6878548,
      "write_ios" : 0,
      "read_sectors" : 55028384,
      "write_sectors" : 0,
      "read_merges" : 0,
      "write_merges" : 0,
      "read_ticks" : 1124565,
      "write_ticks" : 0,
      "in_queue" : 1124565,
      "util" : 89.898642
    }
  ]
}
