{
  "fio version" : "fio-3.36",
  "timestamp" : 1733281189,
  "timestamp_ms" : 1733281189519,
  "time" : "Wed Dec  4 02:59:49 2024",
  "jobs" : [
    {
      "jobname" : "read_direct0_fsync0_threads_4_3d71",
      "groupid" : 0,
      "job_start" : 1733281125497,
      "error" : 0,
      "eta" : 0,
      "elapsed" : 95,
      "job options" : {
        "name" : "read_direct0_fsync0_threads_4_3d71",
        "rw" : "read",
        "direct" : "0",
        "filename" : "/dev/sdb1",
        "numjobs" : "4",
        "fsync" : "0",
        "bs" : "4k",
        "ramp_time" : "30",
        "runtime" : "60",
        "iodepth" : "1",
        "end_fsync" : "1"
      },
      "read" : {
        "io_bytes" : 110719152128,
        "io_kbytes" : 108124172,
        "bw_bytes" : 1845288447,
        "bw" : 1802039,
        "iops" : 450509.874835,
        "runtime" : 60001,
        "total_ios" : 27031043,
        "short_ios" : 0,
        "drop_ios" : 0,
        "slat_ns" : {
          "min" : 0,
          "max" : 0,
          "mean" : 0.000000,
          "stddev" : 0.000000,
          "N" : 0
        },
        "clat_ns" : {
          "min" : 700,
          "max" : 70591939,
          "mean" : 8640.408370,
          "stddev" : 78764.858632,
          "N" : 27031043,
          "percentile" : {
            "1.000000" : 700,
            "5.000000" : 700,
            "10.000000" : 700,
            "20.000000" : 804,
            "30.000000" : 804,
            "40.000000" : 804,
            "50.000000" : 804,
            "60.000000" : 804,
            "70.000000" : 804,
            "80.000000" : 900,
            "90.000000" : 1004,
            "95.000000" : 1496,
            "99.000000" : 272384,
            "99.500000" : 374784,
            "99.900000" : 724992,
            "99.950000" : 1105920,
            "99.990000" : 2113536
          }
        },
        "lat_ns" : {
          "min" : 700,
          "max" : 70591939,
          "mean" : 8684.755981,
          "stddev" : 78765.177922,
          "N" : 27031043
        },
        "bw_min" : 1280896,
        "bw_max" : 2273376,
        "bw_agg" : 100.000000,
        "bw_mean" : 1804295.470588,
        "bw_dev" : 48240.489905,
        "bw_samples" : 476,
        "iops_min" : 320224,
        "iops_max" : 568344,
        "iops_mean" : 451073.436975,
        "iops_stddev" : 12060.162734,
        "iops_samples" : 476
      },
      "write" : {
        "io_bytes" : 0,
        "io_kbytes" : 0,
        "bw_bytes" : 0,
        "bw" : 0,
        "iops" : 0.000000,
        "runtime" : 0,
        "total_ios" : 0,
        "short_ios" : 0,
        "drop_ios" : 0,
        "slat_ns" : {
          "min" : 0,
          "max" : 0,
          "mean" : 0.000000,
          "stddev" : 0.000000,
          "N" : 0
        },
        "clat_ns" : {
          "min" : 0,
          "max" : 0,
          "mean" : 0.000000,
          "stddev" : 0.000000,
          "N" : 0
        },
        "lat_ns" : {
          "min" : 0,
          "max" : 0,
          "mean" : 0.000000,
          "stddev" : 0.000000,
          "N" : 0
        },
        "bw_min" : 0,
        "bw_max" : 0,
        "bw_agg" : 0.000000,
        "bw_mean" : 0.000000,
        "bw_dev" : 0.000000,
        "bw_samples" : 0,
        "iops_min" : 0,
        "iops_max" : 0,
        "iops_mean" : 0.000000,
        "iops_stddev" : 0.000000,
        "iops_samples" : 0
      },
      "trim" : {
        "io_bytes" : 0,
        "io_kbytes" : 0,
        "bw_bytes" : 0,
        "bw" : 0,
        "iops" : 0.000000,
        "runtime" : 0,
        "total_ios" : 0,
        "short_ios" : 0,
        "drop_ios" : 0,
        "slat_ns" : {
          "min" : 0,
          "max" : 0,
          "mean" : 0.000000,
          "stddev" : 0.000000,
          "N" : 0
        },
        "clat_ns" : {
          "min" : 0,
          "max" : 0,
          "mean" : 0.000000,
          "stddev" : 0.000000,
          "N" : 0
        },
        "lat_ns" : {
          "min" : 0,
          "max" : 0,
          "mean" : 0.000000,
          "stddev" : 0.000000,
          "N" : 0
        },
        "bw_min" : 0,
        "bw_max" : 0,
        "bw_agg" : 0.000000,
        "bw_mean" : 0.000000,
        "bw_dev" : 0.000000,
        "bw_samples" : 0,
        "iops_min" : 0,
        "iops_max" : 0,
        "iops_mean" : 0.000000,
        "iops_stddev" : 0.000000,
        "iops_samples" : 0
      },
      "sync" : {
        "total_ios" : 0,
        "lat_ns" : {
          "min" : 0,
          "max" : 0,
          "mean" : 0.000000,
          "stddev" : 0.000000,
          "N" : 0
        }
      },
      "job_runtime" : 240000,
      "usr_cpu" : 6.270000,
      "sys_cpu" : 17.390833,
      "ctx" : 1055253,
      "majf" : 0,
      "minf" : 146,
      "iodepth_level" : {
        "1" : 100.000000,
        "2" : 0.000000,
        "4" : 0.000000,
        "8" : 0.000000,
        "16" : 0.000000,
        "32" : 0.000000,
        ">=64" : 0.000000
      },
      "iodepth_submit" : {
        "0" : 0.000000,
        "4" : 100.000000,
        "8" : 0.000000,
        "16" : 0.000000,
        "32" : 0.000000,
        "64" : 0.000000,
        ">=64" : 0.000000
      },
      "iodepth_complete" : {
        "0" : 0.000000,
        "4" : 100.000000,
        "8" : 0.000000,
        "16" : 0.000000,
        "32" : 0.000000,
        "64" : 0.000000,
        ">=64" : 0.000000
      },
      "latency_ns" : {
        "2" : 0.000000,
        "4" : 0.000000,
        "10" : 0.000000,
        "20" : 0.000000,
        "50" : 0.000000,
        "100" : 0.000000,
        "250" : 0.000000,
        "500" : 0.000000,
        "750" : 11.828056,
        "1000" : 76.423107
      },
      "latency_us" : {
        "2" : 7.187610,
        "4" : 0.295383,
        "10" : 0.046831,
        "20" : 0.068762,
        "50" : 1.313708,
        "100" : 0.896747,
        "250" : 0.809972,
        "500" : 0.924607,
        "750" : 0.111150,
        "1000" : 0.034290
      },
      "latency_ms" : {
        "2" : 0.047989,
        "4" : 0.010314,
        "10" : 0.010000,
        "20" : 0.010000,
        "50" : 0.010000,
        "100" : 0.010000,
        "250" : 0.000000,
        "500" : 0.000000,
        "750" : 0.000000,
        "1000" : 0.000000,
        "2000" : 0.000000,
        ">=2000" : 0.000000
      },
      "latency_depth" : 1,
      "latency_target" : 0,
      "latency_percentile" : 100.000000,
      "latency_window" : 0
    }
  ],
  "disk_util" : [
    {
      "name" : "sdb",
      "read_ios" : 366948,
      "write_ios" : 0,
      "read_sectors" : 79832672,
      "write_sectors" : 0,
      "read_merges" : 0,
      "write_merges" : 0,
      "read_ticks" : 140713,
      "write_ticks" : 0,
      "in_queue" : 140713,
      "util" : 75.632087
    }
  ]
}
