{
  "fio version" : "fio-3.36",
  "timestamp" : 1733171439,
  "timestamp_ms" : 1733171439372,
  "time" : "Mon Dec  2 20:30:39 2024",
  "jobs" : [
    {
      "jobname" : "seq_write_direct1_fsync0",
      "groupid" : 0,
      "job_start" : 1733171409354,
      "error" : 0,
      "eta" : 0,
      "elapsed" : 91,
      "job options" : {
        "name" : "seq_write_direct1_fsync0",
        "rw" : "write",
        "direct" : "1",
        "bs" : "4k",
        "runtime" : "30",
        "ramp_time" : "60",
        "filename" : "/dev/sdb1",
        "iodepth" : "1",
        "numjobs" : "16"
      },
      "read" : {
        "io_bytes" : 0,
        "io_kbytes" : 0,
        "bw_bytes" : 0,
        "bw" : 0,
        "iops" : 0.000000,
        "runtime" : 0,
        "total_ios" : 0,
        "short_ios" : 0,
        "drop_ios" : 0,
        "slat_ns" : {
          "min" : 0,
          "max" : 0,
          "mean" : 0.000000,
          "stddev" : 0.000000,
          "N" : 0
        },
        "clat_ns" : {
          "min" : 0,
          "max" : 0,
          "mean" : 0.000000,
          "stddev" : 0.000000,
          "N" : 0
        },
        "lat_ns" : {
          "min" : 0,
          "max" : 0,
          "mean" : 0.000000,
          "stddev" : 0.000000,
          "N" : 0
        },
        "bw_min" : 0,
        "bw_max" : 0,
        "bw_agg" : 0.000000,
        "bw_mean" : 0.000000,
        "bw_dev" : 0.000000,
        "bw_samples" : 0,
        "iops_min" : 0,
        "iops_max" : 0,
        "iops_mean" : 0.000000,
        "iops_stddev" : 0.000000,
        "iops_samples" : 0
      },
      "write" : {
        "io_bytes" : 9176129536,
        "io_kbytes" : 8961064,
        "bw_bytes" : 305809822,
        "bw" : 298642,
        "iops" : 74660.601213,
        "runtime" : 30006,
        "total_ios" : 2240266,
        "short_ios" : 0,
        "drop_ios" : 0,
        "slat_ns" : {
          "min" : 0,
          "max" : 0,
          "mean" : 0.000000,
          "stddev" : 0.000000,
          "N" : 0
        },
        "clat_ns" : {
          "min" : 43300,
          "max" : 91086947,
          "mean" : 212904.191555,
          "stddev" : 1070059.034389,
          "N" : 2240266,
          "percentile" : {
            "1.000000" : 84480,
            "5.000000" : 94720,
            "10.000000" : 99840,
            "20.000000" : 108032,
            "30.000000" : 115200,
            "40.000000" : 121344,
            "50.000000" : 128512,
            "60.000000" : 136192,
            "70.000000" : 146432,
            "80.000000" : 160768,
            "90.000000" : 195584,
            "95.000000" : 242688,
            "99.000000" : 700416,
            "99.500000" : 3653632,
            "99.900000" : 15532032,
            "99.950000" : 23724032,
            "99.990000" : 31588352
          }
        },
        "lat_ns" : {
          "min" : 43400,
          "max" : 91087047,
          "mean" : 213113.886013,
          "stddev" : 1070062.825772,
          "N" : 2240266
        },
        "bw_min" : 210055,
        "bw_max" : 347809,
        "bw_agg" : 100.000000,
        "bw_mean" : 298943.450000,
        "bw_dev" : 1444.287718,
        "bw_samples" : 960,
        "iops_min" : 52506,
        "iops_max" : 86949,
        "iops_mean" : 74733.250000,
        "iops_stddev" : 361.083141,
        "iops_samples" : 960
      },
      "trim" : {
        "io_bytes" : 0,
        "io_kbytes" : 0,
        "bw_bytes" : 0,
        "bw" : 0,
        "iops" : 0.000000,
        "runtime" : 0,
        "total_ios" : 0,
        "short_ios" : 0,
        "drop_ios" : 0,
        "slat_ns" : {
          "min" : 0,
          "max" : 0,
          "mean" : 0.000000,
          "stddev" : 0.000000,
          "N" : 0
        },
        "clat_ns" : {
          "min" : 0,
          "max" : 0,
          "mean" : 0.000000,
          "stddev" : 0.000000,
          "N" : 0
        },
        "lat_ns" : {
          "min" : 0,
          "max" : 0,
          "mean" : 0.000000,
          "stddev" : 0.000000,
          "N" : 0
        },
        "bw_min" : 0,
        "bw_max" : 0,
        "bw_agg" : 0.000000,
        "bw_mean" : 0.000000,
        "bw_dev" : 0.000000,
        "bw_samples" : 0,
        "iops_min" : 0,
        "iops_max" : 0,
        "iops_mean" : 0.000000,
        "iops_stddev" : 0.000000,
        "iops_samples" : 0
      },
      "sync" : {
        "total_ios" : 0,
        "lat_ns" : {
          "min" : 0,
          "max" : 0,
          "mean" : 0.000000,
          "stddev" : 0.000000,
          "N" : 0
        }
      },
      "job_runtime" : 480030,
      "usr_cpu" : 2.530259,
      "sys_cpu" : 16.106910,
      "ctx" : 2237802,
      "majf" : 0,
      "minf" : 582,
      "iodepth_level" : {
        "1" : 100.000000,
        "2" : 0.000000,
        "4" : 0.000000,
        "8" : 0.000000,
        "16" : 0.000000,
        "32" : 0.000000,
        ">=64" : 0.000000
      },
      "iodepth_submit" : {
        "0" : 0.000000,
        "4" : 100.000000,
        "8" : 0.000000,
        "16" : 0.000000,
        "32" : 0.000000,
        "64" : 0.000000,
        ">=64" : 0.000000
      },
      "iodepth_complete" : {
        "0" : 0.000000,
        "4" : 100.000000,
        "8" : 0.000000,
        "16" : 0.000000,
        "32" : 0.000000,
        "64" : 0.000000,
        ">=64" : 0.000000
      },
      "latency_ns" : {
        "2" : 0.000000,
        "4" : 0.000000,
        "10" : 0.000000,
        "20" : 0.000000,
        "50" : 0.000000,
        "100" : 0.000000,
        "250" : 0.000000,
        "500" : 0.000000,
        "750" : 0.000000,
        "1000" : 0.000000
      },
      "latency_us" : {
        "2" : 0.000000,
        "4" : 0.000000,
        "10" : 0.000000,
        "20" : 0.000000,
        "50" : 0.010000,
        "100" : 9.640507,
        "250" : 85.784367,
        "500" : 3.288047,
        "750" : 0.321524,
        "1000" : 0.103068
      },
      "latency_ms" : {
        "2" : 0.262424,
        "4" : 0.114317,
        "10" : 0.140207,
        "20" : 0.281038,
        "50" : 0.062671,
        "100" : 0.010000,
        "250" : 0.000000,
        "500" : 0.000000,
        "750" : 0.000000,
        "1000" : 0.000000,
        "2000" : 0.000000,
        ">=2000" : 0.000000
      },
      "latency_depth" : 1,
      "latency_target" : 0,
      "latency_percentile" : 100.000000,
      "latency_window" : 0
    }
  ],
  "disk_util" : [
    {
      "name" : "sdb",
      "read_ios" : 118,
      "write_ios" : 6705702,
      "read_sectors" : 8336,
      "write_sectors" : 53645616,
      "read_merges" : 0,
      "write_merges" : 0,
      "read_ticks" : 26,
      "write_ticks" : 1168224,
      "in_queue" : 1168251,
      "util" : 89.044610
    }
  ]
}
