{
  "fio version" : "fio-3.36",
  "timestamp" : 1733171801,
  "timestamp_ms" : 1733171801692,
  "time" : "Mon Dec  2 20:36:41 2024",
  "jobs" : [
    {
      "jobname" : "seq_write_direct0_fsync1",
      "groupid" : 0,
      "job_start" : 1733171771383,
      "error" : 0,
      "eta" : 0,
      "elapsed" : 91,
      "job options" : {
        "name" : "seq_write_direct0_fsync1",
        "rw" : "write",
        "direct" : "0",
        "bs" : "4k",
        "runtime" : "30",
        "ramp_time" : "60",
        "filename" : "/dev/sdb1",
        "iodepth" : "1",
        "numjobs" : "8",
        "fsync" : "1"
      },
      "read" : {
        "io_bytes" : 0,
        "io_kbytes" : 0,
        "bw_bytes" : 0,
        "bw" : 0,
        "iops" : 0.000000,
        "runtime" : 0,
        "total_ios" : 0,
        "short_ios" : 0,
        "drop_ios" : 0,
        "slat_ns" : {
          "min" : 0,
          "max" : 0,
          "mean" : 0.000000,
          "stddev" : 0.000000,
          "N" : 0
        },
        "clat_ns" : {
          "min" : 0,
          "max" : 0,
          "mean" : 0.000000,
          "stddev" : 0.000000,
          "N" : 0
        },
        "lat_ns" : {
          "min" : 0,
          "max" : 0,
          "mean" : 0.000000,
          "stddev" : 0.000000,
          "N" : 0
        },
        "bw_min" : 0,
        "bw_max" : 0,
        "bw_agg" : 0.000000,
        "bw_mean" : 0.000000,
        "bw_dev" : 0.000000,
        "bw_samples" : 0,
        "iops_min" : 0,
        "iops_max" : 0,
        "iops_mean" : 0.000000,
        "iops_stddev" : 0.000000,
        "iops_samples" : 0
      },
      "write" : {
        "io_bytes" : 4836941824,
        "io_kbytes" : 4723576,
        "bw_bytes" : 161226019,
        "bw" : 157447,
        "iops" : 39361.821273,
        "runtime" : 30001,
        "total_ios" : 1180894,
        "short_ios" : 0,
        "drop_ios" : 0,
        "slat_ns" : {
          "min" : 0,
          "max" : 0,
          "mean" : 0.000000,
          "stddev" : 0.000000,
          "N" : 0
        },
        "clat_ns" : {
          "min" : 1700,
          "max" : 4753445,
          "mean" : 4035.721212,
          "stddev" : 8119.158375,
          "N" : 1180894,
          "percentile" : {
            "1.000000" : 2288,
            "5.000000" : 2512,
            "10.000000" : 2512,
            "20.000000" : 2608,
            "30.000000" : 2704,
            "40.000000" : 2896,
            "50.000000" : 2992,
            "60.000000" : 3408,
            "70.000000" : 4128,
            "80.000000" : 4896,
            "90.000000" : 5728,
            "95.000000" : 6624,
            "99.000000" : 10944,
            "99.500000" : 30592,
            "99.900000" : 63744,
            "99.950000" : 89600,
            "99.990000" : 205824
          }
        },
        "lat_ns" : {
          "min" : 1800,
          "max" : 4753745,
          "mean" : 4245.994544,
          "stddev" : 8182.470793,
          "N" : 1180894
        },
        "bw_min" : 100216,
        "bw_max" : 185835,
        "bw_agg" : 100.000000,
        "bw_mean" : 157549.166667,
        "bw_dev" : 1799.499231,
        "bw_samples" : 480,
        "iops_min" : 25054,
        "iops_max" : 46458,
        "iops_mean" : 39386.350000,
        "iops_stddev" : 449.869436,
        "iops_samples" : 480
      },
      "trim" : {
        "io_bytes" : 0,
        "io_kbytes" : 0,
        "bw_bytes" : 0,
        "bw" : 0,
        "iops" : 0.000000,
        "runtime" : 0,
        "total_ios" : 0,
        "short_ios" : 0,
        "drop_ios" : 0,
        "slat_ns" : {
          "min" : 0,
          "max" : 0,
          "mean" : 0.000000,
          "stddev" : 0.000000,
          "N" : 0
        },
        "clat_ns" : {
          "min" : 0,
          "max" : 0,
          "mean" : 0.000000,
          "stddev" : 0.000000,
          "N" : 0
        },
        "lat_ns" : {
          "min" : 0,
          "max" : 0,
          "mean" : 0.000000,
          "stddev" : 0.000000,
          "N" : 0
        },
        "bw_min" : 0,
        "bw_max" : 0,
        "bw_agg" : 0.000000,
        "bw_mean" : 0.000000,
        "bw_dev" : 0.000000,
        "bw_samples" : 0,
        "iops_min" : 0,
        "iops_max" : 0,
        "iops_mean" : 0.000000,
        "iops_stddev" : 0.000000,
        "iops_samples" : 0
      },
      "sync" : {
        "total_ios" : 1180893,
        "lat_ns" : {
          "min" : 1500,
          "max" : 54191204,
          "mean" : 197715.032315,
          "stddev" : 501690.412088,
          "N" : 1180893,
          "percentile" : {
            "1.000000" : 82432,
            "5.000000" : 97792,
            "10.000000" : 107008,
            "20.000000" : 118272,
            "30.000000" : 128512,
            "40.000000" : 140288,
            "50.000000" : 154624,
            "60.000000" : 173056,
            "70.000000" : 191488,
            "80.000000" : 216064,
            "90.000000" : 264192,
            "95.000000" : 321536,
            "99.000000" : 692224,
            "99.500000" : 1417216,
            "99.900000" : 4685824,
            "99.950000" : 8978432,
            "99.990000" : 23986176
          }
        }
      },
      "job_runtime" : 240000,
      "usr_cpu" : 3.071250,
      "sys_cpu" : 20.227500,
      "ctx" : 1813959,
      "majf" : 0,
      "minf" : 291,
      "iodepth_level" : {
        "1" : 199.999915,
        "2" : 0.000000,
        "4" : 0.000000,
        "8" : 0.000000,
        "16" : 0.000000,
        "32" : 0.000000,
        ">=64" : 0.000000
      },
      "iodepth_submit" : {
        "0" : 0.000000,
        "4" : 100.000000,
        "8" : 0.000000,
        "16" : 0.000000,
        "32" : 0.000000,
        "64" : 0.000000,
        ">=64" : 0.000000
      },
      "iodepth_complete" : {
        "0" : 0.000000,
        "4" : 100.000000,
        "8" : 0.000000,
        "16" : 0.000000,
        "32" : 0.000000,
        "64" : 0.000000,
        ">=64" : 0.000000
      },
      "latency_ns" : {
        "2" : 0.000000,
        "4" : 0.000000,
        "10" : 0.000000,
        "20" : 0.000000,
        "50" : 0.000000,
        "100" : 0.000000,
        "250" : 0.000000,
        "500" : 0.000000,
        "750" : 0.000000,
        "1000" : 0.000000
      },
      "latency_us" : {
        "2" : 0.010000,
        "4" : 67.635707,
        "10" : 31.121760,
        "20" : 0.583541,
        "50" : 0.476588,
        "100" : 0.141588,
        "250" : 0.033449,
        "500" : 0.010000,
        "750" : 0.010000,
        "1000" : 0.010000
      },
      "latency_ms" : {
        "2" : 0.010000,
        "4" : 0.010000,
        "10" : 0.010000,
        "20" : 0.000000,
        "50" : 0.000000,
        "100" : 0.000000,
        "250" : 0.000000,
        "500" : 0.000000,
        "750" : 0.000000,
        "1000" : 0.000000,
        "2000" : 0.000000,
        ">=2000" : 0.000000
      },
      "latency_depth" : 1,
      "latency_target" : 0,
      "latency_percentile" : 100.000000,
      "latency_window" : 0
    }
  ],
  "disk_util" : [
    {
      "name" : "sdb",
      "read_ios" : 59,
      "write_ios" : 3525251,
      "read_sectors" : 4168,
      "write_sectors" : 28217000,
      "read_merges" : 0,
      "write_merges" : 1873,
      "read_ticks" : 14,
      "write_ticks" : 456198,
      "in_queue" : 456211,
      "util" : 70.026985
    }
  ]
}
