{
  "fio version" : "fio-3.36",
  "timestamp" : 1733174430,
  "timestamp_ms" : 1733174430291,
  "time" : "Mon Dec  2 21:20:30 2024",
  "jobs" : [
    {
      "jobname" : "rand_write_direct0_fsync0",
      "groupid" : 0,
      "job_start" : 1733174350969,
      "error" : 0,
      "eta" : 0,
      "elapsed" : 140,
      "job options" : {
        "name" : "rand_write_direct0_fsync0",
        "rw" : "randwrite",
        "direct" : "0",
        "bs" : "4k",
        "runtime" : "30",
        "ramp_time" : "60",
        "filename" : "/dev/sdb1",
        "iodepth" : "1",
        "numjobs" : "16"
      },
      "read" : {
        "io_bytes" : 0,
        "io_kbytes" : 0,
        "bw_bytes" : 0,
        "bw" : 0,
        "iops" : 0.000000,
        "runtime" : 0,
        "total_ios" : 0,
        "short_ios" : 0,
        "drop_ios" : 0,
        "slat_ns" : {
          "min" : 0,
          "max" : 0,
          "mean" : 0.000000,
          "stddev" : 0.000000,
          "N" : 0
        },
        "clat_ns" : {
          "min" : 0,
          "max" : 0,
          "mean" : 0.000000,
          "stddev" : 0.000000,
          "N" : 0
        },
        "lat_ns" : {
          "min" : 0,
          "max" : 0,
          "mean" : 0.000000,
          "stddev" : 0.000000,
          "N" : 0
        },
        "bw_min" : 0,
        "bw_max" : 0,
        "bw_agg" : 0.000000,
        "bw_mean" : 0.000000,
        "bw_dev" : 0.000000,
        "bw_samples" : 0,
        "iops_min" : 0,
        "iops_max" : 0,
        "iops_mean" : 0.000000,
        "iops_stddev" : 0.000000,
        "iops_samples" : 0
      },
      "write" : {
        "io_bytes" : 9832198144,
        "io_kbytes" : 9601756,
        "bw_bytes" : 327554324,
        "bw" : 319877,
        "iops" : 79969.317387,
        "runtime" : 30017,
        "total_ios" : 2400439,
        "short_ios" : 0,
        "drop_ios" : 0,
        "slat_ns" : {
          "min" : 0,
          "max" : 0,
          "mean" : 0.000000,
          "stddev" : 0.000000,
          "N" : 0
        },
        "clat_ns" : {
          "min" : 1400,
          "max" : 50200648,
          "mean" : 199508.483613,
          "stddev" : 3057288.650781,
          "N" : 2400439,
          "percentile" : {
            "1.000000" : 2608,
            "5.000000" : 3088,
            "10.000000" : 3216,
            "20.000000" : 3312,
            "30.000000" : 3504,
            "40.000000" : 3792,
            "50.000000" : 3888,
            "60.000000" : 4016,
            "70.000000" : 4192,
            "80.000000" : 4384,
            "90.000000" : 5024,
            "95.000000" : 5984,
            "99.000000" : 9280,
            "99.500000" : 51968,
            "99.900000" : 47972352,
            "99.950000" : 49020928,
            "99.990000" : 49020928
          }
        },
        "lat_ns" : {
          "min" : 1400,
          "max" : 50200748,
          "mean" : 199569.119129,
          "stddev" : 3057288.502397,
          "N" : 2400439
        },
        "bw_min" : 312944,
        "bw_max" : 347664,
        "bw_agg" : 100.000000,
        "bw_mean" : 320586.517797,
        "bw_dev" : 744.897929,
        "bw_samples" : 945,
        "iops_min" : 78236,
        "iops_max" : 86916,
        "iops_mean" : 80146.194350,
        "iops_stddev" : 186.231915,
        "iops_samples" : 945
      },
      "trim" : {
        "io_bytes" : 0,
        "io_kbytes" : 0,
        "bw_bytes" : 0,
        "bw" : 0,
        "iops" : 0.000000,
        "runtime" : 0,
        "total_ios" : 0,
        "short_ios" : 0,
        "drop_ios" : 0,
        "slat_ns" : {
          "min" : 0,
          "max" : 0,
          "mean" : 0.000000,
          "stddev" : 0.000000,
          "N" : 0
        },
        "clat_ns" : {
          "min" : 0,
          "max" : 0,
          "mean" : 0.000000,
          "stddev" : 0.000000,
          "N" : 0
        },
        "lat_ns" : {
          "min" : 0,
          "max" : 0,
          "mean" : 0.000000,
          "stddev" : 0.000000,
          "N" : 0
        },
        "bw_min" : 0,
        "bw_max" : 0,
        "bw_agg" : 0.000000,
        "bw_mean" : 0.000000,
        "bw_dev" : 0.000000,
        "bw_samples" : 0,
        "iops_min" : 0,
        "iops_max" : 0,
        "iops_mean" : 0.000000,
        "iops_stddev" : 0.000000,
        "iops_samples" : 0
      },
      "sync" : {
        "total_ios" : 0,
        "lat_ns" : {
          "min" : 0,
          "max" : 0,
          "mean" : 0.000000,
          "stddev" : 0.000000,
          "N" : 0
        }
      },
      "job_runtime" : 480149,
      "usr_cpu" : 0.349891,
      "sys_cpu" : 2.054571,
      "ctx" : 9763,
      "majf" : 0,
      "minf" : 584,
      "iodepth_level" : {
        "1" : 100.000000,
        "2" : 0.000000,
        "4" : 0.000000,
        "8" : 0.000000,
        "16" : 0.000000,
        "32" : 0.000000,
        ">=64" : 0.000000
      },
      "iodepth_submit" : {
        "0" : 0.000000,
        "4" : 100.000000,
        "8" : 0.000000,
        "16" : 0.000000,
        "32" : 0.000000,
        "64" : 0.000000,
        ">=64" : 0.000000
      },
      "iodepth_complete" : {
        "0" : 0.000000,
        "4" : 100.000000,
        "8" : 0.000000,
        "16" : 0.000000,
        "32" : 0.000000,
        "64" : 0.000000,
        ">=64" : 0.000000
      },
      "latency_ns" : {
        "2" : 0.000000,
        "4" : 0.000000,
        "10" : 0.000000,
        "20" : 0.000000,
        "50" : 0.000000,
        "100" : 0.000000,
        "250" : 0.000000,
        "500" : 0.000000,
        "750" : 0.000000,
        "1000" : 0.000000
      },
      "latency_us" : {
        "2" : 0.010000,
        "4" : 54.290069,
        "10" : 44.758688,
        "20" : 0.089359,
        "50" : 0.334564,
        "100" : 0.114812,
        "250" : 0.010000,
        "500" : 0.010000,
        "750" : 0.010000,
        "1000" : 0.000000
      },
      "latency_ms" : {
        "2" : 0.010000,
        "4" : 0.000000,
        "10" : 0.010000,
        "20" : 0.000000,
        "50" : 0.406092,
        "100" : 0.010000,
        "250" : 0.000000,
        "500" : 0.000000,
        "750" : 0.000000,
        "1000" : 0.000000,
        "2000" : 0.000000,
        ">=2000" : 0.000000
      },
      "latency_depth" : 1,
      "latency_target" : 0,
      "latency_percentile" : 100.000000,
      "latency_window" : 0
    }
  ],
  "disk_util" : [
    {
      "name" : "sdb",
      "read_ios" : 156,
      "write_ios" : 6536675,
      "read_sectors" : 10328,
      "write_sectors" : 54080688,
      "read_merges" : 0,
      "write_merges" : 223441,
      "read_ticks" : 49,
      "write_ticks" : 67622401,
      "in_queue" : 67622449,
      "util" : 85.492844
    }
  ]
}
