{
  "fio version" : "fio-3.36",
  "timestamp" : 1733284241,
  "timestamp_ms" : 1733284241591,
  "time" : "Wed Dec  4 03:50:41 2024",
  "jobs" : [
    {
      "jobname" : "128",
      "groupid" : 0,
      "job_start" : 1733284172519,
      "error" : 0,
      "eta" : 0,
      "elapsed" : 100,
      "job options" : {
        "name" : "128",
        "rw" : "write",
        "direct" : "0",
        "filename" : "/dev/sdb1",
        "numjobs" : "128",
        "fsync" : "0",
        "bs" : "4k",
        "ramp_time" : "30",
        "runtime" : "60",
        "iodepth" : "1",
        "end_fsync" : "1"
      },
      "read" : {
        "io_bytes" : 0,
        "io_kbytes" : 0,
        "bw_bytes" : 0,
        "bw" : 0,
        "iops" : 0.000000,
        "runtime" : 0,
        "total_ios" : 0,
        "short_ios" : 0,
        "drop_ios" : 0,
        "slat_ns" : {
          "min" : 0,
          "max" : 0,
          "mean" : 0.000000,
          "stddev" : 0.000000,
          "N" : 0
        },
        "clat_ns" : {
          "min" : 0,
          "max" : 0,
          "mean" : 0.000000,
          "stddev" : 0.000000,
          "N" : 0
        },
        "lat_ns" : {
          "min" : 0,
          "max" : 0,
          "mean" : 0.000000,
          "stddev" : 0.000000,
          "N" : 0
        },
        "bw_min" : 0,
        "bw_max" : 0,
        "bw_agg" : 0.000000,
        "bw_mean" : 0.000000,
        "bw_dev" : 0.000000,
        "bw_samples" : 0,
        "iops_min" : 0,
        "iops_max" : 0,
        "iops_mean" : 0.000000,
        "iops_stddev" : 0.000000,
        "iops_samples" : 0
      },
      "write" : {
        "io_bytes" : 1371542855680,
        "io_kbytes" : 1339397320,
        "bw_bytes" : 20764592376,
        "bw" : 20277922,
        "iops" : 5069480.560770,
        "runtime" : 66052,
        "total_ios" : 334849330,
        "short_ios" : 0,
        "drop_ios" : 0,
        "slat_ns" : {
          "min" : 0,
          "max" : 0,
          "mean" : 0.000000,
          "stddev" : 0.000000,
          "N" : 0
        },
        "clat_ns" : {
          "min" : 1100,
          "max" : 134092750,
          "mean" : 19270.319557,
          "stddev" : 701481.317309,
          "N" : 334849330,
          "percentile" : {
            "1.000000" : 1496,
            "5.000000" : 1608,
            "10.000000" : 1704,
            "20.000000" : 1800,
            "30.000000" : 1896,
            "40.000000" : 1896,
            "50.000000" : 2008,
            "60.000000" : 2096,
            "70.000000" : 2192,
            "80.000000" : 2416,
            "90.000000" : 2608,
            "95.000000" : 2800,
            "99.000000" : 4128,
            "99.500000" : 5408,
            "99.900000" : 79360,
            "99.950000" : 21102592,
            "99.990000" : 33161216
          }
        },
        "lat_ns" : {
          "min" : 1200,
          "max" : 134092850,
          "mean" : 19970.043425,
          "stddev" : 714065.843762,
          "N" : 334849330
        },
        "bw_min" : 11792294,
        "bw_max" : 53794381,
        "bw_agg" : 100.000000,
        "bw_mean" : 22351719.521008,
        "bw_dev" : 61160.832421,
        "bw_samples" : 15232,
        "iops_min" : 2948044,
        "iops_max" : 13448574,
        "iops_mean" : 5587900.655462,
        "iops_stddev" : 15290.209589,
        "iops_samples" : 15232
      },
      "trim" : {
        "io_bytes" : 0,
        "io_kbytes" : 0,
        "bw_bytes" : 0,
        "bw" : 0,
        "iops" : 0.000000,
        "runtime" : 0,
        "total_ios" : 0,
        "short_ios" : 0,
        "drop_ios" : 0,
        "slat_ns" : {
          "min" : 0,
          "max" : 0,
          "mean" : 0.000000,
          "stddev" : 0.000000,
          "N" : 0
        },
        "clat_ns" : {
          "min" : 0,
          "max" : 0,
          "mean" : 0.000000,
          "stddev" : 0.000000,
          "N" : 0
        },
        "lat_ns" : {
          "min" : 0,
          "max" : 0,
          "mean" : 0.000000,
          "stddev" : 0.000000,
          "N" : 0
        },
        "bw_min" : 0,
        "bw_max" : 0,
        "bw_agg" : 0.000000,
        "bw_mean" : 0.000000,
        "bw_dev" : 0.000000,
        "bw_samples" : 0,
        "iops_min" : 0,
        "iops_max" : 0,
        "iops_mean" : 0.000000,
        "iops_stddev" : 0.000000,
        "iops_samples" : 0
      },
      "sync" : {
        "total_ios" : 0,
        "lat_ns" : {
          "min" : 0,
          "max" : 0,
          "mean" : 0.000000,
          "stddev" : 0.000000,
          "N" : 0
        }
      },
      "job_runtime" : 8452728,
      "usr_cpu" : 2.779517,
      "sys_cpu" : 8.749211,
      "ctx" : 1305363,
      "majf" : 0,
      "minf" : 4658,
      "iodepth_level" : {
        "1" : 100.000000,
        "2" : 0.000000,
        "4" : 0.000000,
        "8" : 0.000000,
        "16" : 0.000000,
        "32" : 0.000000,
        ">=64" : 0.000000
      },
      "iodepth_submit" : {
        "0" : 0.000000,
        "4" : 100.000000,
        "8" : 0.000000,
        "16" : 0.000000,
        "32" : 0.000000,
        "64" : 0.000000,
        ">=64" : 0.000000
      },
      "iodepth_complete" : {
        "0" : 0.000000,
        "4" : 100.000000,
        "8" : 0.000000,
        "16" : 0.000000,
        "32" : 0.000000,
        "64" : 0.000000,
        ">=64" : 0.000000
      },
      "latency_ns" : {
        "2" : 0.000000,
        "4" : 0.000000,
        "10" : 0.000000,
        "20" : 0.000000,
        "50" : 0.000000,
        "100" : 0.000000,
        "250" : 0.000000,
        "500" : 0.000000,
        "750" : 0.000000,
        "1000" : 0.000000
      },
      "latency_us" : {
        "2" : 40.110487,
        "4" : 58.717245,
        "10" : 0.894428,
        "20" : 0.021025,
        "50" : 0.011459,
        "100" : 0.167649,
        "250" : 0.010000,
        "500" : 0.010000,
        "750" : 0.010000,
        "1000" : 0.010000
      },
      "latency_ms" : {
        "2" : 0.010000,
        "4" : 0.010000,
        "10" : 0.010000,
        "20" : 0.010000,
        "50" : 0.052264,
        "100" : 0.010000,
        "250" : 0.010000,
        "500" : 0.000000,
        "750" : 0.000000,
        "1000" : 0.000000,
        "2000" : 0.000000,
        ">=2000" : 0.000000
      },
      "latency_depth" : 1,
      "latency_target" : 0,
      "latency_percentile" : 100.000000,
      "latency_window" : 0
    }
  ],
  "disk_util" : [
    {
      "name" : "sdb",
      "read_ios" : 120,
      "write_ios" : 473900,
      "read_sectors" : 8352,
      "write_sectors" : 66370696,
      "read_merges" : 0,
      "write_merges" : 7822615,
      "read_ticks" : 35,
      "write_ticks" : 1379039,
      "in_queue" : 1379073,
      "util" : 17.810989
    }
  ]
}