{
  "fio version" : "fio-3.36",
  "timestamp" : 1733279352,
  "timestamp_ms" : 1733279352186,
  "time" : "Wed Dec  4 02:29:12 2024",
  "jobs" : [
    {
      "jobname" : "write_direct1_fsync1_threads_4_6d9f",
      "groupid" : 0,
      "job_start" : 1733279292174,
      "error" : 0,
      "eta" : 0,
      "elapsed" : 91,
      "job options" : {
        "name" : "write_direct1_fsync1_threads_4_6d9f",
        "rw" : "write",
        "direct" : "1",
        "filename" : "/dev/sdb1",
        "numjobs" : "4",
        "fsync" : "1",
        "bs" : "4k",
        "ramp_time" : "30",
        "runtime" : "60",
        "iodepth" : "1",
        "end_fsync" : "1"
      },
      "read" : {
        "io_bytes" : 0,
        "io_kbytes" : 0,
        "bw_bytes" : 0,
        "bw" : 0,
        "iops" : 0.000000,
        "runtime" : 0,
        "total_ios" : 0,
        "short_ios" : 0,
        "drop_ios" : 0,
        "slat_ns" : {
          "min" : 0,
          "max" : 0,
          "mean" : 0.000000,
          "stddev" : 0.000000,
          "N" : 0
        },
        "clat_ns" : {
          "min" : 0,
          "max" : 0,
          "mean" : 0.000000,
          "stddev" : 0.000000,
          "N" : 0
        },
        "lat_ns" : {
          "min" : 0,
          "max" : 0,
          "mean" : 0.000000,
          "stddev" : 0.000000,
          "N" : 0
        },
        "bw_min" : 0,
        "bw_max" : 0,
        "bw_agg" : 0.000000,
        "bw_mean" : 0.000000,
        "bw_dev" : 0.000000,
        "bw_samples" : 0,
        "iops_min" : 0,
        "iops_max" : 0,
        "iops_mean" : 0.000000,
        "iops_stddev" : 0.000000,
        "iops_samples" : 0
      },
      "write" : {
        "io_bytes" : 6850584576,
        "io_kbytes" : 6690024,
        "bw_bytes" : 114174506,
        "bw" : 111498,
        "iops" : 27874.635423,
        "runtime" : 60001,
        "total_ios" : 1672506,
        "short_ios" : 0,
        "drop_ios" : 0,
        "slat_ns" : {
          "min" : 0,
          "max" : 0,
          "mean" : 0.000000,
          "stddev" : 0.000000,
          "N" : 0
        },
        "clat_ns" : {
          "min" : 39701,
          "max" : 61575645,
          "mean" : 141622.113552,
          "stddev" : 266839.410842,
          "N" : 1672506,
          "percentile" : {
            "1.000000" : 80384,
            "5.000000" : 88576,
            "10.000000" : 93696,
            "20.000000" : 99840,
            "30.000000" : 104960,
            "40.000000" : 109056,
            "50.000000" : 114176,
            "60.000000" : 119296,
            "70.000000" : 126464,
            "80.000000" : 136192,
            "90.000000" : 158720,
            "95.000000" : 207872,
            "99.000000" : 782336,
            "99.500000" : 1187840,
            "99.900000" : 2310144,
            "99.950000" : 3325952,
            "99.990000" : 9502720
          }
        },
        "lat_ns" : {
          "min" : 39701,
          "max" : 61575645,
          "mean" : 141701.356052,
          "stddev" : 266840.988576,
          "N" : 1672506
        },
        "bw_min" : 84796,
        "bw_max" : 131712,
        "bw_agg" : 100.000000,
        "bw_mean" : 111566.966387,
        "bw_dev" : 2290.670181,
        "bw_samples" : 476,
        "iops_min" : 21198,
        "iops_max" : 32928,
        "iops_mean" : 27891.495798,
        "iops_stddev" : 572.666198,
        "iops_samples" : 476
      },
      "trim" : {
        "io_bytes" : 0,
        "io_kbytes" : 0,
        "bw_bytes" : 0,
        "bw" : 0,
        "iops" : 0.000000,
        "runtime" : 0,
        "total_ios" : 0,
        "short_ios" : 0,
        "drop_ios" : 0,
        "slat_ns" : {
          "min" : 0,
          "max" : 0,
          "mean" : 0.000000,
          "stddev" : 0.000000,
          "N" : 0
        },
        "clat_ns" : {
          "min" : 0,
          "max" : 0,
          "mean" : 0.000000,
          "stddev" : 0.000000,
          "N" : 0
        },
        "lat_ns" : {
          "min" : 0,
          "max" : 0,
          "mean" : 0.000000,
          "stddev" : 0.000000,
          "N" : 0
        },
        "bw_min" : 0,
        "bw_max" : 0,
        "bw_agg" : 0.000000,
        "bw_mean" : 0.000000,
        "bw_dev" : 0.000000,
        "bw_samples" : 0,
        "iops_min" : 0,
        "iops_max" : 0,
        "iops_mean" : 0.000000,
        "iops_stddev" : 0.000000,
        "iops_samples" : 0
      },
      "sync" : {
        "total_ios" : 1672502,
        "lat_ns" : {
          "min" : 700,
          "max" : 206101,
          "mean" : 1051.721381,
          "stddev" : 1384.239615,
          "N" : 1672502,
          "percentile" : {
            "1.000000" : 804,
            "5.000000" : 804,
            "10.000000" : 804,
            "20.000000" : 900,
            "30.000000" : 900,
            "40.000000" : 900,
            "50.000000" : 900,
            "60.000000" : 900,
            "70.000000" : 1004,
            "80.000000" : 1096,
            "90.000000" : 1208,
            "95.000000" : 1496,
            "99.000000" : 2704,
            "99.500000" : 2896,
            "99.900000" : 29312,
            "99.950000" : 35584,
            "99.990000" : 49408
          }
        }
      },
      "job_runtime" : 240000,
      "usr_cpu" : 3.545417,
      "sys_cpu" : 15.512500,
      "ctx" : 1672486,
      "majf" : 0,
      "minf" : 146,
      "iodepth_level" : {
        "1" : 199.999761,
        "2" : 0.000000,
        "4" : 0.000000,
        "8" : 0.000000,
        "16" : 0.000000,
        "32" : 0.000000,
        ">=64" : 0.000000
      },
      "iodepth_submit" : {
        "0" : 0.000000,
        "4" : 100.000000,
        "8" : 0.000000,
        "16" : 0.000000,
        "32" : 0.000000,
        "64" : 0.000000,
        ">=64" : 0.000000
      },
      "iodepth_complete" : {
        "0" : 0.000000,
        "4" : 100.000000,
        "8" : 0.000000,
        "16" : 0.000000,
        "32" : 0.000000,
        "64" : 0.000000,
        ">=64" : 0.000000
      },
      "latency_ns" : {
        "2" : 0.000000,
        "4" : 0.000000,
        "10" : 0.000000,
        "20" : 0.000000,
        "50" : 0.000000,
        "100" : 0.000000,
        "250" : 0.000000,
        "500" : 0.000000,
        "750" : 0.000000,
        "1000" : 0.000000
      },
      "latency_us" : {
        "2" : 0.000000,
        "4" : 0.000000,
        "10" : 0.000000,
        "20" : 0.000000,
        "50" : 0.010000,
        "100" : 20.307311,
        "250" : 75.876320,
        "500" : 2.021517,
        "750" : 0.728727,
        "1000" : 0.376381
      },
      "latency_ms" : {
        "2" : 0.554258,
        "4" : 0.101166,
        "10" : 0.025351,
        "20" : 0.010000,
        "50" : 0.010000,
        "100" : 0.010000,
        "250" : 0.000000,
        "500" : 0.000000,
        "750" : 0.000000,
        "1000" : 0.000000,
        "2000" : 0.000000,
        ">=2000" : 0.000000
      },
      "latency_depth" : 1,
      "latency_target" : 0,
      "latency_percentile" : 100.000000,
      "latency_window" : 0
    }
  ],
  "disk_util" : [
    {
      "name" : "sdb",
      "read_ios" : 59,
      "write_ios" : 2499587,
      "read_sectors" : 4168,
      "write_sectors" : 19996696,
      "read_merges" : 0,
      "write_merges" : 0,
      "read_ticks" : 16,
      "write_ticks" : 290857,
      "in_queue" : 290873,
      "util" : 73.908794
    }
  ]
}
