{
  "fio version" : "fio-3.36",
  "timestamp" : 1733279081,
  "timestamp_ms" : 1733279081388,
  "time" : "Wed Dec  4 02:24:41 2024",
  "jobs" : [
    {
      "jobname" : "write_direct1_fsync1_threads_32_676c",
      "groupid" : 0,
      "job_start" : 1733279021352,
      "error" : 0,
      "eta" : 0,
      "elapsed" : 91,
      "job options" : {
        "name" : "write_direct1_fsync1_threads_32_676c",
        "rw" : "write",
        "direct" : "1",
        "filename" : "/dev/sdb1",
        "numjobs" : "32",
        "fsync" : "1",
        "bs" : "4k",
        "ramp_time" : "30",
        "runtime" : "60",
        "iodepth" : "1",
        "end_fsync" : "1"
      },
      "read" : {
        "io_bytes" : 0,
        "io_kbytes" : 0,
        "bw_bytes" : 0,
        "bw" : 0,
        "iops" : 0.000000,
        "runtime" : 0,
        "total_ios" : 0,
        "short_ios" : 0,
        "drop_ios" : 0,
        "slat_ns" : {
          "min" : 0,
          "max" : 0,
          "mean" : 0.000000,
          "stddev" : 0.000000,
          "N" : 0
        },
        "clat_ns" : {
          "min" : 0,
          "max" : 0,
          "mean" : 0.000000,
          "stddev" : 0.000000,
          "N" : 0
        },
        "lat_ns" : {
          "min" : 0,
          "max" : 0,
          "mean" : 0.000000,
          "stddev" : 0.000000,
          "N" : 0
        },
        "bw_min" : 0,
        "bw_max" : 0,
        "bw_agg" : 0.000000,
        "bw_mean" : 0.000000,
        "bw_dev" : 0.000000,
        "bw_samples" : 0,
        "iops_min" : 0,
        "iops_max" : 0,
        "iops_mean" : 0.000000,
        "iops_stddev" : 0.000000,
        "iops_samples" : 0
      },
      "write" : {
        "io_bytes" : 18370420736,
        "io_kbytes" : 17939864,
        "bw_bytes" : 306046159,
        "bw" : 298873,
        "iops" : 74718.300708,
        "runtime" : 60025,
        "total_ios" : 4484966,
        "short_ios" : 0,
        "drop_ios" : 0,
        "slat_ns" : {
          "min" : 0,
          "max" : 0,
          "mean" : 0.000000,
          "stddev" : 0.000000,
          "N" : 0
        },
        "clat_ns" : {
          "min" : 40301,
          "max" : 69455610,
          "mean" : 424319.522762,
          "stddev" : 2335629.216274,
          "N" : 4484966,
          "percentile" : {
            "1.000000" : 84480,
            "5.000000" : 99840,
            "10.000000" : 110080,
            "20.000000" : 125440,
            "30.000000" : 138240,
            "40.000000" : 154624,
            "50.000000" : 171008,
            "60.000000" : 191488,
            "70.000000" : 218112,
            "80.000000" : 252928,
            "90.000000" : 309248,
            "95.000000" : 378880,
            "99.000000" : 5603328,
            "99.500000" : 22937600,
            "99.900000" : 33816576,
            "99.950000" : 39583744,
            "99.990000" : 42729472
          }
        },
        "lat_ns" : {
          "min" : 40301,
          "max" : 69455610,
          "mean" : 424502.025449,
          "stddev" : 2335632.943686,
          "N" : 4484966
        },
        "bw_min" : 193896,
        "bw_max" : 362013,
        "bw_agg" : 100.000000,
        "bw_mean" : 299187.893277,
        "bw_dev" : 763.217787,
        "bw_samples" : 3828,
        "iops_min" : 48468,
        "iops_max" : 90498,
        "iops_mean" : 74790.222549,
        "iops_stddev" : 190.792859,
        "iops_samples" : 3828
      },
      "trim" : {
        "io_bytes" : 0,
        "io_kbytes" : 0,
        "bw_bytes" : 0,
        "bw" : 0,
        "iops" : 0.000000,
        "runtime" : 0,
        "total_ios" : 0,
        "short_ios" : 0,
        "drop_ios" : 0,
        "slat_ns" : {
          "min" : 0,
          "max" : 0,
          "mean" : 0.000000,
          "stddev" : 0.000000,
          "N" : 0
        },
        "clat_ns" : {
          "min" : 0,
          "max" : 0,
          "mean" : 0.000000,
          "stddev" : 0.000000,
          "N" : 0
        },
        "lat_ns" : {
          "min" : 0,
          "max" : 0,
          "mean" : 0.000000,
          "stddev" : 0.000000,
          "N" : 0
        },
        "bw_min" : 0,
        "bw_max" : 0,
        "bw_agg" : 0.000000,
        "bw_mean" : 0.000000,
        "bw_dev" : 0.000000,
        "bw_samples" : 0,
        "iops_min" : 0,
        "iops_max" : 0,
        "iops_mean" : 0.000000,
        "iops_stddev" : 0.000000,
        "iops_samples" : 0
      },
      "sync" : {
        "total_ios" : 4484934,
        "lat_ns" : {
          "min" : 700,
          "max" : 4608934,
          "mean" : 1826.407603,
          "stddev" : 7148.447893,
          "N" : 4484934,
          "percentile" : {
            "1.000000" : 804,
            "5.000000" : 900,
            "10.000000" : 900,
            "20.000000" : 1004,
            "30.000000" : 1096,
            "40.000000" : 1208,
            "50.000000" : 1304,
            "60.000000" : 1400,
            "70.000000" : 1496,
            "80.000000" : 1800,
            "90.000000" : 2608,
            "95.000000" : 2800,
            "99.000000" : 3504,
            "99.500000" : 20864,
            "99.900000" : 95744,
            "99.950000" : 134144,
            "99.990000" : 246784
          }
        }
      },
      "job_runtime" : 1920372,
      "usr_cpu" : 1.744245,
      "sys_cpu" : 6.872210,
      "ctx" : 4482271,
      "majf" : 0,
      "minf" : 1164,
      "iodepth_level" : {
        "1" : 199.999287,
        "2" : 0.000000,
        "4" : 0.000000,
        "8" : 0.000000,
        "16" : 0.000000,
        "32" : 0.000000,
        ">=64" : 0.000000
      },
      "iodepth_submit" : {
        "0" : 0.000000,
        "4" : 100.000000,
        "8" : 0.000000,
        "16" : 0.000000,
        "32" : 0.000000,
        "64" : 0.000000,
        ">=64" : 0.000000
      },
      "iodepth_complete" : {
        "0" : 0.000000,
        "4" : 100.000000,
        "8" : 0.000000,
        "16" : 0.000000,
        "32" : 0.000000,
        "64" : 0.000000,
        ">=64" : 0.000000
      },
      "latency_ns" : {
        "2" : 0.000000,
        "4" : 0.000000,
        "10" : 0.000000,
        "20" : 0.000000,
        "50" : 0.000000,
        "100" : 0.000000,
        "250" : 0.000000,
        "500" : 0.000000,
        "750" : 0.000000,
        "1000" : 0.000000
      },
      "latency_us" : {
        "2" : 0.000000,
        "4" : 0.000000,
        "10" : 0.000000,
        "20" : 0.000000,
        "50" : 0.010000,
        "100" : 4.961531,
        "250" : 74.290708,
        "500" : 17.874807,
        "750" : 0.852381,
        "1000" : 0.268475
      },
      "latency_ms" : {
        "2" : 0.420694,
        "4" : 0.238597,
        "10" : 0.207404,
        "20" : 0.209857,
        "50" : 0.670663,
        "100" : 0.010000,
        "250" : 0.000000,
        "500" : 0.000000,
        "750" : 0.000000,
        "1000" : 0.000000,
        "2000" : 0.000000,
        ">=2000" : 0.000000
      },
      "latency_depth" : 1,
      "latency_target" : 0,
      "latency_percentile" : 100.000000,
      "latency_window" : 0
    }
  ],
  "disk_util" : [
    {
      "name" : "sdb",
      "read_ios" : 177,
      "write_ios" : 6719866,
      "read_sectors" : 12504,
      "write_sectors" : 53758928,
      "read_merges" : 0,
      "write_merges" : 0,
      "read_ticks" : 44,
      "write_ticks" : 2547293,
      "in_queue" : 2547336,
      "util" : 89.802106
    }
  ]
}
