{
  "fio version" : "fio-3.36",
  "timestamp" : 1733172501,
  "timestamp_ms" : 1733172501302,
  "time" : "Mon Dec  2 20:48:21 2024",
  "jobs" : [
    {
      "jobname" : "rand_write_direct1_fsync1",
      "groupid" : 0,
      "job_start" : 1733172471284,
      "error" : 0,
      "eta" : 0,
      "elapsed" : 91,
      "job options" : {
        "name" : "rand_write_direct1_fsync1",
        "rw" : "randwrite",
        "direct" : "1",
        "bs" : "4k",
        "runtime" : "30",
        "ramp_time" : "60",
        "filename" : "/dev/sdb1",
        "iodepth" : "1",
        "numjobs" : "1",
        "fsync" : "1"
      },
      "read" : {
        "io_bytes" : 0,
        "io_kbytes" : 0,
        "bw_bytes" : 0,
        "bw" : 0,
        "iops" : 0.000000,
        "runtime" : 0,
        "total_ios" : 0,
        "short_ios" : 0,
        "drop_ios" : 0,
        "slat_ns" : {
          "min" : 0,
          "max" : 0,
          "mean" : 0.000000,
          "stddev" : 0.000000,
          "N" : 0
        },
        "clat_ns" : {
          "min" : 0,
          "max" : 0,
          "mean" : 0.000000,
          "stddev" : 0.000000,
          "N" : 0
        },
        "lat_ns" : {
          "min" : 0,
          "max" : 0,
          "mean" : 0.000000,
          "stddev" : 0.000000,
          "N" : 0
        },
        "bw_min" : 0,
        "bw_max" : 0,
        "bw_agg" : 0.000000,
        "bw_mean" : 0.000000,
        "bw_dev" : 0.000000,
        "bw_samples" : 0,
        "iops_min" : 0,
        "iops_max" : 0,
        "iops_mean" : 0.000000,
        "iops_stddev" : 0.000000,
        "iops_samples" : 0
      },
      "write" : {
        "io_bytes" : 591970304,
        "io_kbytes" : 578096,
        "bw_bytes" : 19731685,
        "bw" : 19269,
        "iops" : 4817.306090,
        "runtime" : 30001,
        "total_ios" : 144524,
        "short_ios" : 0,
        "drop_ios" : 0,
        "slat_ns" : {
          "min" : 0,
          "max" : 0,
          "mean" : 0.000000,
          "stddev" : 0.000000,
          "N" : 0
        },
        "clat_ns" : {
          "min" : 73301,
          "max" : 33495413,
          "mean" : 205564.842621,
          "stddev" : 231244.968103,
          "N" : 144524,
          "percentile" : {
            "1.000000" : 93696,
            "5.000000" : 103936,
            "10.000000" : 110080,
            "20.000000" : 142336,
            "30.000000" : 150528,
            "40.000000" : 156672,
            "50.000000" : 162816,
            "60.000000" : 173056,
            "70.000000" : 185344,
            "80.000000" : 205824,
            "90.000000" : 280576,
            "95.000000" : 432128,
            "99.000000" : 1089536,
            "99.500000" : 1417216,
            "99.900000" : 2179072,
            "99.950000" : 2736128,
            "99.990000" : 4423680
          }
        },
        "lat_ns" : {
          "min" : 73301,
          "max" : 33495513,
          "mean" : 205646.058994,
          "stddev" : 231244.665338,
          "N" : 144524
        },
        "bw_min" : 12600,
        "bw_max" : 22416,
        "bw_agg" : 100.000000,
        "bw_mean" : 19280.700000,
        "bw_dev" : 2055.028140,
        "bw_samples" : 60,
        "iops_min" : 3150,
        "iops_max" : 5604,
        "iops_mean" : 4820.033333,
        "iops_stddev" : 513.779151,
        "iops_samples" : 60
      },
      "trim" : {
        "io_bytes" : 0,
        "io_kbytes" : 0,
        "bw_bytes" : 0,
        "bw" : 0,
        "iops" : 0.000000,
        "runtime" : 0,
        "total_ios" : 0,
        "short_ios" : 0,
        "drop_ios" : 0,
        "slat_ns" : {
          "min" : 0,
          "max" : 0,
          "mean" : 0.000000,
          "stddev" : 0.000000,
          "N" : 0
        },
        "clat_ns" : {
          "min" : 0,
          "max" : 0,
          "mean" : 0.000000,
          "stddev" : 0.000000,
          "N" : 0
        },
        "lat_ns" : {
          "min" : 0,
          "max" : 0,
          "mean" : 0.000000,
          "stddev" : 0.000000,
          "N" : 0
        },
        "bw_min" : 0,
        "bw_max" : 0,
        "bw_agg" : 0.000000,
        "bw_mean" : 0.000000,
        "bw_dev" : 0.000000,
        "bw_samples" : 0,
        "iops_min" : 0,
        "iops_max" : 0,
        "iops_mean" : 0.000000,
        "iops_stddev" : 0.000000,
        "iops_samples" : 0
      },
      "sync" : {
        "total_ios" : 144523,
        "lat_ns" : {
          "min" : 700,
          "max" : 49001,
          "mean" : 974.022086,
          "stddev" : 1052.128020,
          "N" : 144523,
          "percentile" : {
            "1.000000" : 804,
            "5.000000" : 900,
            "10.000000" : 900,
            "20.000000" : 900,
            "30.000000" : 900,
            "40.000000" : 900,
            "50.000000" : 900,
            "60.000000" : 900,
            "70.000000" : 1004,
            "80.000000" : 1004,
            "90.000000" : 1004,
            "95.000000" : 1004,
            "99.000000" : 1304,
            "99.500000" : 1704,
            "99.900000" : 4192,
            "99.950000" : 35072,
            "99.990000" : 38656
          }
        }
      },
      "job_runtime" : 30000,
      "usr_cpu" : 2.603333,
      "sys_cpu" : 10.323333,
      "ctx" : 144525,
      "majf" : 0,
      "minf" : 36,
      "iodepth_level" : {
        "1" : 199.999308,
        "2" : 0.000000,
        "4" : 0.000000,
        "8" : 0.000000,
        "16" : 0.000000,
        "32" : 0.000000,
        ">=64" : 0.000000
      },
      "iodepth_submit" : {
        "0" : 0.000000,
        "4" : 100.000000,
        "8" : 0.000000,
        "16" : 0.000000,
        "32" : 0.000000,
        "64" : 0.000000,
        ">=64" : 0.000000
      },
      "iodepth_complete" : {
        "0" : 0.000000,
        "4" : 100.000000,
        "8" : 0.000000,
        "16" : 0.000000,
        "32" : 0.000000,
        "64" : 0.000000,
        ">=64" : 0.000000
      },
      "latency_ns" : {
        "2" : 0.000000,
        "4" : 0.000000,
        "10" : 0.000000,
        "20" : 0.000000,
        "50" : 0.000000,
        "100" : 0.000000,
        "250" : 0.000000,
        "500" : 0.000000,
        "750" : 0.000000,
        "1000" : 0.000000
      },
      "latency_us" : {
        "2" : 0.000000,
        "4" : 0.000000,
        "10" : 0.000000,
        "20" : 0.000000,
        "50" : 0.000000,
        "100" : 2.977360,
        "250" : 84.538900,
        "500" : 8.477485,
        "750" : 1.996208,
        "1000" : 0.842075
      },
      "latency_ms" : {
        "2" : 1.033046,
        "4" : 0.119011,
        "10" : 0.011763,
        "20" : 0.010000,
        "50" : 0.010000,
        "100" : 0.000000,
        "250" : 0.000000,
        "500" : 0.000000,
        "750" : 0.000000,
        "1000" : 0.000000,
        "2000" : 0.000000,
        ">=2000" : 0.000000
      },
      "latency_depth" : 1,
      "latency_target" : 0,
      "latency_percentile" : 100.000000,
      "latency_window" : 0
    }
  ],
  "disk_util" : [
    {
      "name" : "sdb",
      "read_ios" : 59,
      "write_ios" : 430640,
      "read_sectors" : 4168,
      "write_sectors" : 3445120,
      "read_merges" : 0,
      "write_merges" : 0,
      "read_ticks" : 24,
      "write_ticks" : 78749,
      "in_queue" : 78772,
      "util" : 81.487157
    }
  ]
}
