{
  "fio version" : "fio-3.36",
  "timestamp" : 1733169138,
  "timestamp_ms" : 1733169138143,
  "time" : "Mon Dec  2 19:52:18 2024",
  "jobs" : [
    {
      "jobname" : "seq_read_direct1_fsync0",
      "groupid" : 0,
      "job_start" : 1733169108123,
      "error" : 0,
      "eta" : 0,
      "elapsed" : 91,
      "job options" : {
        "name" : "seq_read_direct1_fsync0",
        "rw" : "read",
        "direct" : "1",
        "bs" : "4k",
        "runtime" : "30",
        "ramp_time" : "60",
        "filename" : "/dev/sdb1",
        "iodepth" : "1",
        "numjobs" : "16"
      },
      "read" : {
        "io_bytes" : 9402310656,
        "io_kbytes" : 9181944,
        "bw_bytes" : 313399908,
        "bw" : 306054,
        "iops" : 76513.649545,
        "runtime" : 30001,
        "total_ios" : 2295486,
        "short_ios" : 0,
        "drop_ios" : 0,
        "slat_ns" : {
          "min" : 0,
          "max" : 0,
          "mean" : 0.000000,
          "stddev" : 0.000000,
          "N" : 0
        },
        "clat_ns" : {
          "min" : 29200,
          "max" : 38846656,
          "mean" : 207678.995009,
          "stddev" : 1199800.308580,
          "N" : 2295486,
          "percentile" : {
            "1.000000" : 69120,
            "5.000000" : 82432,
            "10.000000" : 88576,
            "20.000000" : 96768,
            "30.000000" : 102912,
            "40.000000" : 108032,
            "50.000000" : 115200,
            "60.000000" : 123392,
            "70.000000" : 132096,
            "80.000000" : 146432,
            "90.000000" : 177152,
            "95.000000" : 228352,
            "99.000000" : 643072,
            "99.500000" : 1646592,
            "99.900000" : 17694720,
            "99.950000" : 21364736,
            "99.990000" : 33161216
          }
        },
        "lat_ns" : {
          "min" : 29300,
          "max" : 38846756,
          "mean" : 207835.366659,
          "stddev" : 1199813.487574,
          "N" : 2295486
        },
        "bw_min" : 246411,
        "bw_max" : 346025,
        "bw_agg" : 100.000000,
        "bw_mean" : 306202.094633,
        "bw_dev" : 1437.184848,
        "bw_samples" : 945,
        "iops_min" : 61602,
        "iops_max" : 86505,
        "iops_mean" : 76548.483898,
        "iops_stddev" : 359.283483,
        "iops_samples" : 945
      },
      "write" : {
        "io_bytes" : 0,
        "io_kbytes" : 0,
        "bw_bytes" : 0,
        "bw" : 0,
        "iops" : 0.000000,
        "runtime" : 0,
        "total_ios" : 0,
        "short_ios" : 0,
        "drop_ios" : 0,
        "slat_ns" : {
          "min" : 0,
          "max" : 0,
          "mean" : 0.000000,
          "stddev" : 0.000000,
          "N" : 0
        },
        "clat_ns" : {
          "min" : 0,
          "max" : 0,
          "mean" : 0.000000,
          "stddev" : 0.000000,
          "N" : 0
        },
        "lat_ns" : {
          "min" : 0,
          "max" : 0,
          "mean" : 0.000000,
          "stddev" : 0.000000,
          "N" : 0
        },
        "bw_min" : 0,
        "bw_max" : 0,
        "bw_agg" : 0.000000,
        "bw_mean" : 0.000000,
        "bw_dev" : 0.000000,
        "bw_samples" : 0,
        "iops_min" : 0,
        "iops_max" : 0,
        "iops_mean" : 0.000000,
        "iops_stddev" : 0.000000,
        "iops_samples" : 0
      },
      "trim" : {
        "io_bytes" : 0,
        "io_kbytes" : 0,
        "bw_bytes" : 0,
        "bw" : 0,
        "iops" : 0.000000,
        "runtime" : 0,
        "total_ios" : 0,
        "short_ios" : 0,
        "drop_ios" : 0,
        "slat_ns" : {
          "min" : 0,
          "max" : 0,
          "mean" : 0.000000,
          "stddev" : 0.000000,
          "N" : 0
        },
        "clat_ns" : {
          "min" : 0,
          "max" : 0,
          "mean" : 0.000000,
          "stddev" : 0.000000,
          "N" : 0
        },
        "lat_ns" : {
          "min" : 0,
          "max" : 0,
          "mean" : 0.000000,
          "stddev" : 0.000000,
          "N" : 0
        },
        "bw_min" : 0,
        "bw_max" : 0,
        "bw_agg" : 0.000000,
        "bw_mean" : 0.000000,
        "bw_dev" : 0.000000,
        "bw_samples" : 0,
        "iops_min" : 0,
        "iops_max" : 0,
        "iops_mean" : 0.000000,
        "iops_stddev" : 0.000000,
        "iops_samples" : 0
      },
      "sync" : {
        "total_ios" : 0,
        "lat_ns" : {
          "min" : 0,
          "max" : 0,
          "mean" : 0.000000,
          "stddev" : 0.000000,
          "N" : 0
        }
      },
      "job_runtime" : 480000,
      "usr_cpu" : 2.598750,
      "sys_cpu" : 18.554792,
      "ctx" : 2291439,
      "majf" : 0,
      "minf" : 584,
      "iodepth_level" : {
        "1" : 100.000000,
        "2" : 0.000000,
        "4" : 0.000000,
        "8" : 0.000000,
        "16" : 0.000000,
        "32" : 0.000000,
        ">=64" : 0.000000
      },
      "iodepth_submit" : {
        "0" : 0.000000,
        "4" : 100.000000,
        "8" : 0.000000,
        "16" : 0.000000,
        "32" : 0.000000,
        "64" : 0.000000,
        ">=64" : 0.000000
      },
      "iodepth_complete" : {
        "0" : 0.000000,
        "4" : 100.000000,
        "8" : 0.000000,
        "16" : 0.000000,
        "32" : 0.000000,
        "64" : 0.000000,
        ">=64" : 0.000000
      },
      "latency_ns" : {
        "2" : 0.000000,
        "4" : 0.000000,
        "10" : 0.000000,
        "20" : 0.000000,
        "50" : 0.000000,
        "100" : 0.000000,
        "250" : 0.000000,
        "500" : 0.000000,
        "750" : 0.000000,
        "1000" : 0.000000
      },
      "latency_us" : {
        "2" : 0.000000,
        "4" : 0.000000,
        "10" : 0.000000,
        "20" : 0.000000,
        "50" : 0.085951,
        "100" : 25.163517,
        "250" : 70.829358,
        "500" : 2.655821,
        "750" : 0.390375,
        "1000" : 0.178916
      },
      "latency_ms" : {
        "2" : 0.224702,
        "4" : 0.040514,
        "10" : 0.017033,
        "20" : 0.359837,
        "50" : 0.053975,
        "100" : 0.000000,
        "250" : 0.000000,
        "500" : 0.000000,
        "750" : 0.000000,
        "1000" : 0.000000,
        "2000" : 0.000000,
        ">=2000" : 0.000000
      },
      "latency_depth" : 1,
      "latency_target" : 0,
      "latency_percentile" : 100.000000,
      "latency_window" : 0
    }
  ],
  "disk_util" : [
    {
      "name" : "sdb",
      "read_ios" : 6865011,
      "write_ios" : 0,
      "read_sectors" : 54920088,
      "write_sectors" : 0,
      "read_merges" : 0,
      "write_merges" : 0,
      "read_ticks" : 1124760,
      "write_ticks" : 0,
      "in_queue" : 1124760,
      "util" : 89.442532
    }
  ]
}
