{
  "fio version" : "fio-3.36",
  "timestamp" : 1733280282,
  "timestamp_ms" : 1733280282968,
  "time" : "Wed Dec  4 02:44:42 2024",
  "jobs" : [
    {
      "jobname" : "randwrite_direct1_fsync0_threads_32_07a0",
      "groupid" : 0,
      "job_start" : 1733280222934,
      "error" : 0,
      "eta" : 0,
      "elapsed" : 91,
      "job options" : {
        "name" : "randwrite_direct1_fsync0_threads_32_07a0",
        "rw" : "randwrite",
        "direct" : "1",
        "filename" : "/dev/sdb1",
        "numjobs" : "32",
        "fsync" : "0",
        "bs" : "4k",
        "ramp_time" : "30",
        "runtime" : "60",
        "iodepth" : "1",
        "end_fsync" : "1"
      },
      "read" : {
        "io_bytes" : 0,
        "io_kbytes" : 0,
        "bw_bytes" : 0,
        "bw" : 0,
        "iops" : 0.000000,
        "runtime" : 0,
        "total_ios" : 0,
        "short_ios" : 0,
        "drop_ios" : 0,
        "slat_ns" : {
          "min" : 0,
          "max" : 0,
          "mean" : 0.000000,
          "stddev" : 0.000000,
          "N" : 0
        },
        "clat_ns" : {
          "min" : 0,
          "max" : 0,
          "mean" : 0.000000,
          "stddev" : 0.000000,
          "N" : 0
        },
        "lat_ns" : {
          "min" : 0,
          "max" : 0,
          "mean" : 0.000000,
          "stddev" : 0.000000,
          "N" : 0
        },
        "bw_min" : 0,
        "bw_max" : 0,
        "bw_agg" : 0.000000,
        "bw_mean" : 0.000000,
        "bw_dev" : 0.000000,
        "bw_samples" : 0,
        "iops_min" : 0,
        "iops_max" : 0,
        "iops_mean" : 0.000000,
        "iops_stddev" : 0.000000,
        "iops_samples" : 0
      },
      "write" : {
        "io_bytes" : 18434289664,
        "io_kbytes" : 18002236,
        "bw_bytes" : 307202320,
        "bw" : 300002,
        "iops" : 75000.566601,
        "runtime" : 60007,
        "total_ios" : 4500559,
        "short_ios" : 0,
        "drop_ios" : 0,
        "slat_ns" : {
          "min" : 0,
          "max" : 0,
          "mean" : 0.000000,
          "stddev" : 0.000000,
          "N" : 0
        },
        "clat_ns" : {
          "min" : 39601,
          "max" : 95647729,
          "mean" : 424492.816997,
          "stddev" : 2312104.451870,
          "N" : 4500559,
          "percentile" : {
            "1.000000" : 85504,
            "5.000000" : 101888,
            "10.000000" : 112128,
            "20.000000" : 128512,
            "30.000000" : 142336,
            "40.000000" : 158720,
            "50.000000" : 177152,
            "60.000000" : 197632,
            "70.000000" : 226304,
            "80.000000" : 261120,
            "90.000000" : 321536,
            "95.000000" : 387072,
            "99.000000" : 5341184,
            "99.500000" : 22413312,
            "99.900000" : 32636928,
            "99.950000" : 39059456,
            "99.990000" : 44826624
          }
        },
        "lat_ns" : {
          "min" : 39701,
          "max" : 95647829,
          "mean" : 424717.553444,
          "stddev" : 2312107.496408,
          "N" : 4500559
        },
        "bw_min" : 192251,
        "bw_max" : 365052,
        "bw_agg" : 100.000000,
        "bw_mean" : 300387.176471,
        "bw_dev" : 715.757275,
        "bw_samples" : 3808,
        "iops_min" : 48062,
        "iops_max" : 91260,
        "iops_mean" : 75094.806723,
        "iops_stddev" : 178.936924,
        "iops_samples" : 3808
      },
      "trim" : {
        "io_bytes" : 0,
        "io_kbytes" : 0,
        "bw_bytes" : 0,
        "bw" : 0,
        "iops" : 0.000000,
        "runtime" : 0,
        "total_ios" : 0,
        "short_ios" : 0,
        "drop_ios" : 0,
        "slat_ns" : {
          "min" : 0,
          "max" : 0,
          "mean" : 0.000000,
          "stddev" : 0.000000,
          "N" : 0
        },
        "clat_ns" : {
          "min" : 0,
          "max" : 0,
          "mean" : 0.000000,
          "stddev" : 0.000000,
          "N" : 0
        },
        "lat_ns" : {
          "min" : 0,
          "max" : 0,
          "mean" : 0.000000,
          "stddev" : 0.000000,
          "N" : 0
        },
        "bw_min" : 0,
        "bw_max" : 0,
        "bw_agg" : 0.000000,
        "bw_mean" : 0.000000,
        "bw_dev" : 0.000000,
        "bw_samples" : 0,
        "iops_min" : 0,
        "iops_max" : 0,
        "iops_mean" : 0.000000,
        "iops_stddev" : 0.000000,
        "iops_samples" : 0
      },
      "sync" : {
        "total_ios" : 0,
        "lat_ns" : {
          "min" : 0,
          "max" : 0,
          "mean" : 0.000000,
          "stddev" : 0.000000,
          "N" : 0
        }
      },
      "job_runtime" : 1920018,
      "usr_cpu" : 1.702328,
      "sys_cpu" : 6.812332,
      "ctx" : 4497790,
      "majf" : 0,
      "minf" : 1165,
      "iodepth_level" : {
        "1" : 100.000000,
        "2" : 0.000000,
        "4" : 0.000000,
        "8" : 0.000000,
        "16" : 0.000000,
        "32" : 0.000000,
        ">=64" : 0.000000
      },
      "iodepth_submit" : {
        "0" : 0.000000,
        "4" : 100.000000,
        "8" : 0.000000,
        "16" : 0.000000,
        "32" : 0.000000,
        "64" : 0.000000,
        ">=64" : 0.000000
      },
      "iodepth_complete" : {
        "0" : 0.000000,
        "4" : 100.000000,
        "8" : 0.000000,
        "16" : 0.000000,
        "32" : 0.000000,
        "64" : 0.000000,
        ">=64" : 0.000000
      },
      "latency_ns" : {
        "2" : 0.000000,
        "4" : 0.000000,
        "10" : 0.000000,
        "20" : 0.000000,
        "50" : 0.000000,
        "100" : 0.000000,
        "250" : 0.000000,
        "500" : 0.000000,
        "750" : 0.000000,
        "1000" : 0.000000
      },
      "latency_us" : {
        "2" : 0.000000,
        "4" : 0.000000,
        "10" : 0.000000,
        "20" : 0.000000,
        "50" : 0.010000,
        "100" : 4.359747,
        "250" : 72.736053,
        "500" : 20.116745,
        "750" : 0.816299,
        "1000" : 0.224861
      },
      "latency_ms" : {
        "2" : 0.435990,
        "4" : 0.238793,
        "10" : 0.196553,
        "20" : 0.229727,
        "50" : 0.638965,
        "100" : 0.010000,
        "250" : 0.000000,
        "500" : 0.000000,
        "750" : 0.000000,
        "1000" : 0.000000,
        "2000" : 0.000000,
        ">=2000" : 0.000000
      },
      "latency_depth" : 1,
      "latency_target" : 0,
      "latency_percentile" : 100.000000,
      "latency_window" : 0
    }
  ],
  "disk_util" : [
    {
      "name" : "sdb",
      "read_ios" : 207,
      "write_ios" : 6761466,
      "read_sectors" : 14592,
      "write_sectors" : 54091728,
      "read_merges" : 0,
      "write_merges" : 0,
      "read_ticks" : 79,
      "write_ticks" : 2550805,
      "in_queue" : 2550885,
      "util" : 90.866602
    }
  ]
}
