{
  "fio version" : "fio-3.36",
  "timestamp" : 1733280463,
  "timestamp_ms" : 1733280463473,
  "time" : "Wed Dec  4 02:47:43 2024",
  "jobs" : [
    {
      "jobname" : "randwrite_direct1_fsync0_threads_8_37b7",
      "groupid" : 0,
      "job_start" : 1733280403452,
      "error" : 0,
      "eta" : 0,
      "elapsed" : 91,
      "job options" : {
        "name" : "randwrite_direct1_fsync0_threads_8_37b7",
        "rw" : "randwrite",
        "direct" : "1",
        "filename" : "/dev/sdb1",
        "numjobs" : "8",
        "fsync" : "0",
        "bs" : "4k",
        "ramp_time" : "30",
        "runtime" : "60",
        "iodepth" : "1",
        "end_fsync" : "1"
      },
      "read" : {
        "io_bytes" : 0,
        "io_kbytes" : 0,
        "bw_bytes" : 0,
        "bw" : 0,
        "iops" : 0.000000,
        "runtime" : 0,
        "total_ios" : 0,
        "short_ios" : 0,
        "drop_ios" : 0,
        "slat_ns" : {
          "min" : 0,
          "max" : 0,
          "mean" : 0.000000,
          "stddev" : 0.000000,
          "N" : 0
        },
        "clat_ns" : {
          "min" : 0,
          "max" : 0,
          "mean" : 0.000000,
          "stddev" : 0.000000,
          "N" : 0
        },
        "lat_ns" : {
          "min" : 0,
          "max" : 0,
          "mean" : 0.000000,
          "stddev" : 0.000000,
          "N" : 0
        },
        "bw_min" : 0,
        "bw_max" : 0,
        "bw_agg" : 0.000000,
        "bw_mean" : 0.000000,
        "bw_dev" : 0.000000,
        "bw_samples" : 0,
        "iops_min" : 0,
        "iops_max" : 0,
        "iops_mean" : 0.000000,
        "iops_stddev" : 0.000000,
        "iops_samples" : 0
      },
      "write" : {
        "io_bytes" : 14140817408,
        "io_kbytes" : 13809392,
        "bw_bytes" : 235676362,
        "bw" : 230152,
        "iops" : 57538.174364,
        "runtime" : 60001,
        "total_ios" : 3452348,
        "short_ios" : 0,
        "drop_ios" : 0,
        "slat_ns" : {
          "min" : 0,
          "max" : 0,
          "mean" : 0.000000,
          "stddev" : 0.000000,
          "N" : 0
        },
        "clat_ns" : {
          "min" : 41601,
          "max" : 77419433,
          "mean" : 137956.072457,
          "stddev" : 429575.127020,
          "N" : 3452348,
          "percentile" : {
            "1.000000" : 78336,
            "5.000000" : 88576,
            "10.000000" : 93696,
            "20.000000" : 101888,
            "30.000000" : 107008,
            "40.000000" : 112128,
            "50.000000" : 116224,
            "60.000000" : 122368,
            "70.000000" : 128512,
            "80.000000" : 138240,
            "90.000000" : 156672,
            "95.000000" : 177152,
            "99.000000" : 309248,
            "99.500000" : 692224,
            "99.900000" : 3555328,
            "99.950000" : 6455296,
            "99.990000" : 19791872
          }
        },
        "lat_ns" : {
          "min" : 41701,
          "max" : 77419633,
          "mean" : 138091.285918,
          "stddev" : 429576.411449,
          "N" : 3452348
        },
        "bw_min" : 100168,
        "bw_max" : 279176,
        "bw_agg" : 100.000000,
        "bw_mean" : 230364.840336,
        "bw_dev" : 3048.112447,
        "bw_samples" : 952,
        "iops_min" : 25042,
        "iops_max" : 69794,
        "iops_mean" : 57590.789916,
        "iops_stddev" : 762.033548,
        "iops_samples" : 952
      },
      "trim" : {
        "io_bytes" : 0,
        "io_kbytes" : 0,
        "bw_bytes" : 0,
        "bw" : 0,
        "iops" : 0.000000,
        "runtime" : 0,
        "total_ios" : 0,
        "short_ios" : 0,
        "drop_ios" : 0,
        "slat_ns" : {
          "min" : 0,
          "max" : 0,
          "mean" : 0.000000,
          "stddev" : 0.000000,
          "N" : 0
        },
        "clat_ns" : {
          "min" : 0,
          "max" : 0,
          "mean" : 0.000000,
          "stddev" : 0.000000,
          "N" : 0
        },
        "lat_ns" : {
          "min" : 0,
          "max" : 0,
          "mean" : 0.000000,
          "stddev" : 0.000000,
          "N" : 0
        },
        "bw_min" : 0,
        "bw_max" : 0,
        "bw_agg" : 0.000000,
        "bw_mean" : 0.000000,
        "bw_dev" : 0.000000,
        "bw_samples" : 0,
        "iops_min" : 0,
        "iops_max" : 0,
        "iops_mean" : 0.000000,
        "iops_stddev" : 0.000000,
        "iops_samples" : 0
      },
      "sync" : {
        "total_ios" : 0,
        "lat_ns" : {
          "min" : 0,
          "max" : 0,
          "mean" : 0.000000,
          "stddev" : 0.000000,
          "N" : 0
        }
      },
      "job_runtime" : 480000,
      "usr_cpu" : 3.732083,
      "sys_cpu" : 16.793542,
      "ctx" : 3452197,
      "majf" : 0,
      "minf" : 291,
      "iodepth_level" : {
        "1" : 100.000000,
        "2" : 0.000000,
        "4" : 0.000000,
        "8" : 0.000000,
        "16" : 0.000000,
        "32" : 0.000000,
        ">=64" : 0.000000
      },
      "iodepth_submit" : {
        "0" : 0.000000,
        "4" : 100.000000,
        "8" : 0.000000,
        "16" : 0.000000,
        "32" : 0.000000,
        "64" : 0.000000,
        ">=64" : 0.000000
      },
      "iodepth_complete" : {
        "0" : 0.000000,
        "4" : 100.000000,
        "8" : 0.000000,
        "16" : 0.000000,
        "32" : 0.000000,
        "64" : 0.000000,
        ">=64" : 0.000000
      },
      "latency_ns" : {
        "2" : 0.000000,
        "4" : 0.000000,
        "10" : 0.000000,
        "20" : 0.000000,
        "50" : 0.000000,
        "100" : 0.000000,
        "250" : 0.000000,
        "500" : 0.000000,
        "750" : 0.000000,
        "1000" : 0.000000
      },
      "latency_us" : {
        "2" : 0.000000,
        "4" : 0.000000,
        "10" : 0.000000,
        "20" : 0.000000,
        "50" : 0.010000,
        "100" : 17.621080,
        "250" : 81.030331,
        "500" : 0.706881,
        "750" : 0.164931,
        "1000" : 0.081915
      },
      "latency_ms" : {
        "2" : 0.221328,
        "4" : 0.088867,
        "10" : 0.056541,
        "20" : 0.017872,
        "50" : 0.010000,
        "100" : 0.010000,
        "250" : 0.000000,
        "500" : 0.000000,
        "750" : 0.000000,
        "1000" : 0.000000,
        "2000" : 0.000000,
        ">=2000" : 0.000000
      },
      "latency_depth" : 1,
      "latency_target" : 0,
      "latency_percentile" : 100.000000,
      "latency_window" : 0
    }
  ],
  "disk_util" : [
    {
      "name" : "sdb",
      "read_ios" : 118,
      "write_ios" : 5203864,
      "read_sectors" : 8336,
      "write_sectors" : 41630912,
      "read_merges" : 0,
      "write_merges" : 0,
      "read_ticks" : 49,
      "write_ticks" : 570602,
      "in_queue" : 570651,
      "util" : 82.975012
    }
  ]
}
