{
  "fio version" : "fio-3.36",
  "timestamp" : 1733278810,
  "timestamp_ms" : 1733278810674,
  "time" : "Wed Dec  4 02:20:10 2024",
  "jobs" : [
    {
      "jobname" : "write_direct1_fsync0_threads_8_f7e2",
      "groupid" : 0,
      "job_start" : 1733278750663,
      "error" : 0,
      "eta" : 0,
      "elapsed" : 91,
      "job options" : {
        "name" : "write_direct1_fsync0_threads_8_f7e2",
        "rw" : "write",
        "direct" : "1",
        "filename" : "/dev/sdb1",
        "numjobs" : "8",
        "fsync" : "0",
        "bs" : "4k",
        "ramp_time" : "30",
        "runtime" : "60",
        "iodepth" : "1",
        "end_fsync" : "1"
      },
      "read" : {
        "io_bytes" : 0,
        "io_kbytes" : 0,
        "bw_bytes" : 0,
        "bw" : 0,
        "iops" : 0.000000,
        "runtime" : 0,
        "total_ios" : 0,
        "short_ios" : 0,
        "drop_ios" : 0,
        "slat_ns" : {
          "min" : 0,
          "max" : 0,
          "mean" : 0.000000,
          "stddev" : 0.000000,
          "N" : 0
        },
        "clat_ns" : {
          "min" : 0,
          "max" : 0,
          "mean" : 0.000000,
          "stddev" : 0.000000,
          "N" : 0
        },
        "lat_ns" : {
          "min" : 0,
          "max" : 0,
          "mean" : 0.000000,
          "stddev" : 0.000000,
          "N" : 0
        },
        "bw_min" : 0,
        "bw_max" : 0,
        "bw_agg" : 0.000000,
        "bw_mean" : 0.000000,
        "bw_dev" : 0.000000,
        "bw_samples" : 0,
        "iops_min" : 0,
        "iops_max" : 0,
        "iops_mean" : 0.000000,
        "iops_stddev" : 0.000000,
        "iops_samples" : 0
      },
      "write" : {
        "io_bytes" : 14847115264,
        "io_kbytes" : 14499136,
        "bw_bytes" : 247447796,
        "bw" : 241648,
        "iops" : 60412.059799,
        "runtime" : 60001,
        "total_ios" : 3624784,
        "short_ios" : 0,
        "drop_ios" : 0,
        "slat_ns" : {
          "min" : 0,
          "max" : 0,
          "mean" : 0.000000,
          "stddev" : 0.000000,
          "N" : 0
        },
        "clat_ns" : {
          "min" : 40200,
          "max" : 112719333,
          "mean" : 131691.741523,
          "stddev" : 527762.157012,
          "N" : 3624784,
          "percentile" : {
            "1.000000" : 77312,
            "5.000000" : 86528,
            "10.000000" : 91648,
            "20.000000" : 97792,
            "30.000000" : 101888,
            "40.000000" : 105984,
            "50.000000" : 111104,
            "60.000000" : 115200,
            "70.000000" : 121344,
            "80.000000" : 130560,
            "90.000000" : 144384,
            "95.000000" : 162816,
            "99.000000" : 268288,
            "99.500000" : 522240,
            "99.900000" : 3424256,
            "99.950000" : 6979584,
            "99.990000" : 24248320
          }
        },
        "lat_ns" : {
          "min" : 40300,
          "max" : 112719433,
          "mean" : 131801.256254,
          "stddev" : 527763.431817,
          "N" : 3624784
        },
        "bw_min" : 139354,
        "bw_max" : 301665,
        "bw_agg" : 100.000000,
        "bw_mean" : 241814.975000,
        "bw_dev" : 3433.058812,
        "bw_samples" : 960,
        "iops_min" : 34838,
        "iops_max" : 75414,
        "iops_mean" : 60452.658333,
        "iops_stddev" : 858.254582,
        "iops_samples" : 960
      },
      "trim" : {
        "io_bytes" : 0,
        "io_kbytes" : 0,
        "bw_bytes" : 0,
        "bw" : 0,
        "iops" : 0.000000,
        "runtime" : 0,
        "total_ios" : 0,
        "short_ios" : 0,
        "drop_ios" : 0,
        "slat_ns" : {
          "min" : 0,
          "max" : 0,
          "mean" : 0.000000,
          "stddev" : 0.000000,
          "N" : 0
        },
        "clat_ns" : {
          "min" : 0,
          "max" : 0,
          "mean" : 0.000000,
          "stddev" : 0.000000,
          "N" : 0
        },
        "lat_ns" : {
          "min" : 0,
          "max" : 0,
          "mean" : 0.000000,
          "stddev" : 0.000000,
          "N" : 0
        },
        "bw_min" : 0,
        "bw_max" : 0,
        "bw_agg" : 0.000000,
        "bw_mean" : 0.000000,
        "bw_dev" : 0.000000,
        "bw_samples" : 0,
        "iops_min" : 0,
        "iops_max" : 0,
        "iops_mean" : 0.000000,
        "iops_stddev" : 0.000000,
        "iops_samples" : 0
      },
      "sync" : {
        "total_ios" : 0,
        "lat_ns" : {
          "min" : 0,
          "max" : 0,
          "mean" : 0.000000,
          "stddev" : 0.000000,
          "N" : 0
        }
      },
      "job_runtime" : 480000,
      "usr_cpu" : 3.233958,
      "sys_cpu" : 17.237083,
      "ctx" : 3624482,
      "majf" : 0,
      "minf" : 291,
      "iodepth_level" : {
        "1" : 100.000000,
        "2" : 0.000000,
        "4" : 0.000000,
        "8" : 0.000000,
        "16" : 0.000000,
        "32" : 0.000000,
        ">=64" : 0.000000
      },
      "iodepth_submit" : {
        "0" : 0.000000,
        "4" : 100.000000,
        "8" : 0.000000,
        "16" : 0.000000,
        "32" : 0.000000,
        "64" : 0.000000,
        ">=64" : 0.000000
      },
      "iodepth_complete" : {
        "0" : 0.000000,
        "4" : 100.000000,
        "8" : 0.000000,
        "16" : 0.000000,
        "32" : 0.000000,
        "64" : 0.000000,
        ">=64" : 0.000000
      },
      "latency_ns" : {
        "2" : 0.000000,
        "4" : 0.000000,
        "10" : 0.000000,
        "20" : 0.000000,
        "50" : 0.000000,
        "100" : 0.000000,
        "250" : 0.000000,
        "500" : 0.000000,
        "750" : 0.000000,
        "1000" : 0.000000
      },
      "latency_us" : {
        "2" : 0.000000,
        "4" : 0.000000,
        "10" : 0.000000,
        "20" : 0.000000,
        "50" : 0.010000,
        "100" : 25.365760,
        "250" : 73.513042,
        "500" : 0.601857,
        "750" : 0.129966,
        "1000" : 0.066404
      },
      "latency_ms" : {
        "2" : 0.172507,
        "4" : 0.062100,
        "10" : 0.057686,
        "20" : 0.017546,
        "50" : 0.010897,
        "100" : 0.010000,
        "250" : 0.010000,
        "500" : 0.000000,
        "750" : 0.000000,
        "1000" : 0.000000,
        "2000" : 0.000000,
        ">=2000" : 0.000000
      },
      "latency_depth" : 1,
      "latency_target" : 0,
      "latency_percentile" : 100.000000,
      "latency_window" : 0
    }
  ],
  "disk_util" : [
    {
      "name" : "sdb",
      "read_ios" : 118,
      "write_ios" : 5379504,
      "read_sectors" : 8336,
      "write_sectors" : 43036048,
      "read_merges" : 0,
      "write_merges" : 0,
      "read_ticks" : 32,
      "write_ticks" : 570983,
      "in_queue" : 571014,
      "util" : 82.795460
    }
  ]
}
