{
  "fio version" : "fio-3.36",
  "timestamp" : 1733279717,
  "timestamp_ms" : 1733279717594,
  "time" : "Wed Dec  4 02:35:17 2024",
  "jobs" : [
    {
      "jobname" : "randwrite_direct0_fsync0_threads_1_4b9b",
      "groupid" : 0,
      "job_start" : 1733279609368,
      "error" : 0,
      "eta" : 0,
      "elapsed" : 139,
      "job options" : {
        "name" : "randwrite_direct0_fsync0_threads_1_4b9b",
        "rw" : "randwrite",
        "direct" : "0",
        "filename" : "/dev/sdb1",
        "numjobs" : "1",
        "fsync" : "0",
        "bs" : "4k",
        "ramp_time" : "30",
        "runtime" : "60",
        "iodepth" : "1",
        "end_fsync" : "1"
      },
      "read" : {
        "io_bytes" : 0,
        "io_kbytes" : 0,
        "bw_bytes" : 0,
        "bw" : 0,
        "iops" : 0.000000,
        "runtime" : 0,
        "total_ios" : 0,
        "short_ios" : 0,
        "drop_ios" : 0,
        "slat_ns" : {
          "min" : 0,
          "max" : 0,
          "mean" : 0.000000,
          "stddev" : 0.000000,
          "N" : 0
        },
        "clat_ns" : {
          "min" : 0,
          "max" : 0,
          "mean" : 0.000000,
          "stddev" : 0.000000,
          "N" : 0
        },
        "lat_ns" : {
          "min" : 0,
          "max" : 0,
          "mean" : 0.000000,
          "stddev" : 0.000000,
          "N" : 0
        },
        "bw_min" : 0,
        "bw_max" : 0,
        "bw_agg" : 0.000000,
        "bw_mean" : 0.000000,
        "bw_dev" : 0.000000,
        "bw_samples" : 0,
        "iops_min" : 0,
        "iops_max" : 0,
        "iops_mean" : 0.000000,
        "iops_stddev" : 0.000000,
        "iops_samples" : 0
      },
      "write" : {
        "io_bytes" : 19654045696,
        "io_kbytes" : 19193404,
        "bw_bytes" : 209236955,
        "bw" : 204332,
        "iops" : 51083.241068,
        "runtime" : 93932,
        "total_ios" : 4798351,
        "short_ios" : 0,
        "drop_ios" : 0,
        "slat_ns" : {
          "min" : 0,
          "max" : 0,
          "mean" : 0.000000,
          "stddev" : 0.000000,
          "N" : 0
        },
        "clat_ns" : {
          "min" : 2600,
          "max" : 13058859,
          "mean" : 12092.728525,
          "stddev" : 281392.685253,
          "N" : 4798351,
          "percentile" : {
            "1.000000" : 2896,
            "5.000000" : 2992,
            "10.000000" : 3088,
            "20.000000" : 3088,
            "30.000000" : 3216,
            "40.000000" : 3216,
            "50.000000" : 3312,
            "60.000000" : 3408,
            "70.000000" : 3600,
            "80.000000" : 3888,
            "90.000000" : 4320,
            "95.000000" : 4896,
            "99.000000" : 6304,
            "99.500000" : 8256,
            "99.900000" : 64768,
            "99.950000" : 6258688,
            "99.990000" : 12124160
          }
        },
        "lat_ns" : {
          "min" : 2600,
          "max" : 13058859,
          "mean" : 12143.314275,
          "stddev" : 281392.873733,
          "N" : 4798351
        },
        "bw_min" : 302544,
        "bw_max" : 344136,
        "bw_agg" : 100.000000,
        "bw_mean" : 320262.158333,
        "bw_dev" : 5352.827749,
        "bw_samples" : 120,
        "iops_min" : 75636,
        "iops_max" : 86034,
        "iops_mean" : 80065.375000,
        "iops_stddev" : 1338.198997,
        "iops_samples" : 120
      },
      "trim" : {
        "io_bytes" : 0,
        "io_kbytes" : 0,
        "bw_bytes" : 0,
        "bw" : 0,
        "iops" : 0.000000,
        "runtime" : 0,
        "total_ios" : 0,
        "short_ios" : 0,
        "drop_ios" : 0,
        "slat_ns" : {
          "min" : 0,
          "max" : 0,
          "mean" : 0.000000,
          "stddev" : 0.000000,
          "N" : 0
        },
        "clat_ns" : {
          "min" : 0,
          "max" : 0,
          "mean" : 0.000000,
          "stddev" : 0.000000,
          "N" : 0
        },
        "lat_ns" : {
          "min" : 0,
          "max" : 0,
          "mean" : 0.000000,
          "stddev" : 0.000000,
          "N" : 0
        },
        "bw_min" : 0,
        "bw_max" : 0,
        "bw_agg" : 0.000000,
        "bw_mean" : 0.000000,
        "bw_dev" : 0.000000,
        "bw_samples" : 0,
        "iops_min" : 0,
        "iops_max" : 0,
        "iops_mean" : 0.000000,
        "iops_stddev" : 0.000000,
        "iops_samples" : 0
      },
      "sync" : {
        "total_ios" : 0,
        "lat_ns" : {
          "min" : 0,
          "max" : 0,
          "mean" : 0.000000,
          "stddev" : 0.000000,
          "N" : 0
        }
      },
      "job_runtime" : 93931,
      "usr_cpu" : 3.118246,
      "sys_cpu" : 26.572697,
      "ctx" : 88060,
      "majf" : 0,
      "minf" : 36,
      "iodepth_level" : {
        "1" : 100.000000,
        "2" : 0.000000,
        "4" : 0.000000,
        "8" : 0.000000,
        "16" : 0.000000,
        "32" : 0.000000,
        ">=64" : 0.000000
      },
      "iodepth_submit" : {
        "0" : 0.000000,
        "4" : 100.000000,
        "8" : 0.000000,
        "16" : 0.000000,
        "32" : 0.000000,
        "64" : 0.000000,
        ">=64" : 0.000000
      },
      "iodepth_complete" : {
        "0" : 0.000000,
        "4" : 100.000000,
        "8" : 0.000000,
        "16" : 0.000000,
        "32" : 0.000000,
        "64" : 0.000000,
        ">=64" : 0.000000
      },
      "latency_ns" : {
        "2" : 0.000000,
        "4" : 0.000000,
        "10" : 0.000000,
        "20" : 0.000000,
        "50" : 0.000000,
        "100" : 0.000000,
        "250" : 0.000000,
        "500" : 0.000000,
        "750" : 0.000000,
        "1000" : 0.000000
      },
      "latency_us" : {
        "2" : 0.000000,
        "4" : 81.667014,
        "10" : 17.875995,
        "20" : 0.010000,
        "50" : 0.327425,
        "100" : 0.020966,
        "250" : 0.010000,
        "500" : 0.010000,
        "750" : 0.000000,
        "1000" : 0.000000
      },
      "latency_ms" : {
        "2" : 0.000000,
        "4" : 0.000000,
        "10" : 0.055832,
        "20" : 0.043223,
        "50" : 0.000000,
        "100" : 0.000000,
        "250" : 0.000000,
        "500" : 0.000000,
        "750" : 0.000000,
        "1000" : 0.000000,
        "2000" : 0.000000,
        ">=2000" : 0.000000
      },
      "latency_depth" : 1,
      "latency_target" : 0,
      "latency_percentile" : 100.000000,
      "latency_window" : 0
    }
  ],
  "disk_util" : [
    {
      "name" : "sdb",
      "read_ios" : 59,
      "write_ios" : 8935926,
      "read_sectors" : 4168,
      "write_sectors" : 74605712,
      "read_merges" : 0,
      "write_merges" : 389801,
      "read_ticks" : 13,
      "write_ticks" : 70283899,
      "in_queue" : 70283912,
      "util" : 84.112051
    }
  ]
}
