{
  "fio version" : "fio-3.36",
  "timestamp" : 1733282120,
  "timestamp_ms" : 1733282120049,
  "time" : "Wed Dec  4 03:15:20 2024",
  "jobs" : [
    {
      "jobname" : "randread_direct0_fsync0_threads_4_769e",
      "groupid" : 0,
      "job_start" : 1733282057211,
      "error" : 0,
      "eta" : 0,
      "elapsed" : 93,
      "job options" : {
        "name" : "randread_direct0_fsync0_threads_4_769e",
        "rw" : "randread",
        "direct" : "0",
        "filename" : "/dev/sdb1",
        "numjobs" : "4",
        "fsync" : "0",
        "bs" : "4k",
        "ramp_time" : "30",
        "runtime" : "60",
        "iodepth" : "1",
        "end_fsync" : "1"
      },
      "read" : {
        "io_bytes" : 4710633472,
        "io_kbytes" : 4600228,
        "bw_bytes" : 78509249,
        "bw" : 76669,
        "iops" : 19167.297212,
        "runtime" : 60001,
        "total_ios" : 1150057,
        "short_ios" : 0,
        "drop_ios" : 0,
        "slat_ns" : {
          "min" : 0,
          "max" : 0,
          "mean" : 0.000000,
          "stddev" : 0.000000,
          "N" : 0
        },
        "clat_ns" : {
          "min" : 1200,
          "max" : 122611167,
          "mean" : 207671.759481,
          "stddev" : 422276.287812,
          "N" : 1150057,
          "percentile" : {
            "1.000000" : 142336,
            "5.000000" : 154624,
            "10.000000" : 160768,
            "20.000000" : 168960,
            "30.000000" : 173056,
            "40.000000" : 179200,
            "50.000000" : 185344,
            "60.000000" : 191488,
            "70.000000" : 199680,
            "80.000000" : 209920,
            "90.000000" : 232448,
            "95.000000" : 264192,
            "99.000000" : 675840,
            "99.500000" : 1138688,
            "99.900000" : 2277376,
            "99.950000" : 3588096,
            "99.990000" : 11862016
          }
        },
        "lat_ns" : {
          "min" : 1200,
          "max" : 122611267,
          "mean" : 207772.191647,
          "stddev" : 422277.097187,
          "N" : 1150057
        },
        "bw_min" : 53032,
        "bw_max" : 88200,
        "bw_agg" : 100.000000,
        "bw_mean" : 76725.175000,
        "bw_dev" : 1331.581686,
        "bw_samples" : 480,
        "iops_min" : 13258,
        "iops_max" : 22050,
        "iops_mean" : 19180.700000,
        "iops_stddev" : 332.895950,
        "iops_samples" : 480
      },
      "write" : {
        "io_bytes" : 0,
        "io_kbytes" : 0,
        "bw_bytes" : 0,
        "bw" : 0,
        "iops" : 0.000000,
        "runtime" : 0,
        "total_ios" : 0,
        "short_ios" : 0,
        "drop_ios" : 0,
        "slat_ns" : {
          "min" : 0,
          "max" : 0,
          "mean" : 0.000000,
          "stddev" : 0.000000,
          "N" : 0
        },
        "clat_ns" : {
          "min" : 0,
          "max" : 0,
          "mean" : 0.000000,
          "stddev" : 0.000000,
          "N" : 0
        },
        "lat_ns" : {
          "min" : 0,
          "max" : 0,
          "mean" : 0.000000,
          "stddev" : 0.000000,
          "N" : 0
        },
        "bw_min" : 0,
        "bw_max" : 0,
        "bw_agg" : 0.000000,
        "bw_mean" : 0.000000,
        "bw_dev" : 0.000000,
        "bw_samples" : 0,
        "iops_min" : 0,
        "iops_max" : 0,
        "iops_mean" : 0.000000,
        "iops_stddev" : 0.000000,
        "iops_samples" : 0
      },
      "trim" : {
        "io_bytes" : 0,
        "io_kbytes" : 0,
        "bw_bytes" : 0,
        "bw" : 0,
        "iops" : 0.000000,
        "runtime" : 0,
        "total_ios" : 0,
        "short_ios" : 0,
        "drop_ios" : 0,
        "slat_ns" : {
          "min" : 0,
          "max" : 0,
          "mean" : 0.000000,
          "stddev" : 0.000000,
          "N" : 0
        },
        "clat_ns" : {
          "min" : 0,
          "max" : 0,
          "mean" : 0.000000,
          "stddev" : 0.000000,
          "N" : 0
        },
        "lat_ns" : {
          "min" : 0,
          "max" : 0,
          "mean" : 0.000000,
          "stddev" : 0.000000,
          "N" : 0
        },
        "bw_min" : 0,
        "bw_max" : 0,
        "bw_agg" : 0.000000,
        "bw_mean" : 0.000000,
        "bw_dev" : 0.000000,
        "bw_samples" : 0,
        "iops_min" : 0,
        "iops_max" : 0,
        "iops_mean" : 0.000000,
        "iops_stddev" : 0.000000,
        "iops_samples" : 0
      },
      "sync" : {
        "total_ios" : 0,
        "lat_ns" : {
          "min" : 0,
          "max" : 0,
          "mean" : 0.000000,
          "stddev" : 0.000000,
          "N" : 0
        }
      },
      "job_runtime" : 240000,
      "usr_cpu" : 2.042917,
      "sys_cpu" : 12.678750,
      "ctx" : 1143779,
      "majf" : 0,
      "minf" : 146,
      "iodepth_level" : {
        "1" : 100.000000,
        "2" : 0.000000,
        "4" : 0.000000,
        "8" : 0.000000,
        "16" : 0.000000,
        "32" : 0.000000,
        ">=64" : 0.000000
      },
      "iodepth_submit" : {
        "0" : 0.000000,
        "4" : 100.000000,
        "8" : 0.000000,
        "16" : 0.000000,
        "32" : 0.000000,
        "64" : 0.000000,
        ">=64" : 0.000000
      },
      "iodepth_complete" : {
        "0" : 0.000000,
        "4" : 100.000000,
        "8" : 0.000000,
        "16" : 0.000000,
        "32" : 0.000000,
        "64" : 0.000000,
        ">=64" : 0.000000
      },
      "latency_ns" : {
        "2" : 0.000000,
        "4" : 0.000000,
        "10" : 0.000000,
        "20" : 0.000000,
        "50" : 0.000000,
        "100" : 0.000000,
        "250" : 0.000000,
        "500" : 0.000000,
        "750" : 0.000000,
        "1000" : 0.000000
      },
      "latency_us" : {
        "2" : 0.020347,
        "4" : 0.507018,
        "10" : 0.018782,
        "20" : 0.010000,
        "50" : 0.010000,
        "100" : 0.010000,
        "250" : 92.861136,
        "500" : 5.175657,
        "750" : 0.532669,
        "1000" : 0.271900
      },
      "latency_ms" : {
        "2" : 0.479889,
        "4" : 0.089996,
        "10" : 0.027999,
        "20" : 0.010000,
        "50" : 0.010000,
        "100" : 0.010000,
        "250" : 0.010000,
        "500" : 0.000000,
        "750" : 0.000000,
        "1000" : 0.000000,
        "2000" : 0.000000,
        ">=2000" : 0.000000
      },
      "latency_depth" : 1,
      "latency_target" : 0,
      "latency_percentile" : 100.000000,
      "latency_window" : 0
    }
  ],
  "disk_util" : [
    {
      "name" : "sdb",
      "read_ios" : 1722340,
      "write_ios" : 0,
      "read_sectors" : 13778720,
      "write_sectors" : 0,
      "read_merges" : 0,
      "write_merges" : 0,
      "read_ticks" : 308588,
      "write_ticks" : 0,
      "in_queue" : 308588,
      "util" : 70.078408
    }
  ]
}
