{
  "fio version" : "fio-3.36",
  "timestamp" : 1733171349,
  "timestamp_ms" : 1733171349133,
  "time" : "Mon Dec  2 20:29:09 2024",
  "jobs" : [
    {
      "jobname" : "seq_write_direct1_fsync0",
      "groupid" : 0,
      "job_start" : 1733171319120,
      "error" : 0,
      "eta" : 0,
      "elapsed" : 91,
      "job options" : {
        "name" : "seq_write_direct1_fsync0",
        "rw" : "write",
        "direct" : "1",
        "bs" : "4k",
        "runtime" : "30",
        "ramp_time" : "60",
        "filename" : "/dev/sdb1",
        "iodepth" : "1",
        "numjobs" : "8"
      },
      "read" : {
        "io_bytes" : 0,
        "io_kbytes" : 0,
        "bw_bytes" : 0,
        "bw" : 0,
        "iops" : 0.000000,
        "runtime" : 0,
        "total_ios" : 0,
        "short_ios" : 0,
        "drop_ios" : 0,
        "slat_ns" : {
          "min" : 0,
          "max" : 0,
          "mean" : 0.000000,
          "stddev" : 0.000000,
          "N" : 0
        },
        "clat_ns" : {
          "min" : 0,
          "max" : 0,
          "mean" : 0.000000,
          "stddev" : 0.000000,
          "N" : 0
        },
        "lat_ns" : {
          "min" : 0,
          "max" : 0,
          "mean" : 0.000000,
          "stddev" : 0.000000,
          "N" : 0
        },
        "bw_min" : 0,
        "bw_max" : 0,
        "bw_agg" : 0.000000,
        "bw_mean" : 0.000000,
        "bw_dev" : 0.000000,
        "bw_samples" : 0,
        "iops_min" : 0,
        "iops_max" : 0,
        "iops_mean" : 0.000000,
        "iops_stddev" : 0.000000,
        "iops_samples" : 0
      },
      "write" : {
        "io_bytes" : 7551836160,
        "io_kbytes" : 7374840,
        "bw_bytes" : 251711091,
        "bw" : 245811,
        "iops" : 61452.903140,
        "runtime" : 30002,
        "total_ios" : 1843710,
        "short_ios" : 0,
        "drop_ios" : 0,
        "slat_ns" : {
          "min" : 0,
          "max" : 0,
          "mean" : 0.000000,
          "stddev" : 0.000000,
          "N" : 0
        },
        "clat_ns" : {
          "min" : 43001,
          "max" : 47093836,
          "mean" : 129328.778038,
          "stddev" : 312558.626788,
          "N" : 1843710,
          "percentile" : {
            "1.000000" : 77312,
            "5.000000" : 86528,
            "10.000000" : 92672,
            "20.000000" : 98816,
            "30.000000" : 103936,
            "40.000000" : 109056,
            "50.000000" : 113152,
            "60.000000" : 118272,
            "70.000000" : 123392,
            "80.000000" : 132096,
            "90.000000" : 146432,
            "95.000000" : 162816,
            "99.000000" : 276480,
            "99.500000" : 528384,
            "99.900000" : 2899968,
            "99.950000" : 5406720,
            "99.990000" : 12779520
          }
        },
        "lat_ns" : {
          "min" : 43201,
          "max" : 47094036,
          "mean" : 129467.070471,
          "stddev" : 312559.859329,
          "N" : 1843710
        },
        "bw_min" : 175565,
        "bw_max" : 279196,
        "bw_agg" : 100.000000,
        "bw_mean" : 246083.576271,
        "bw_dev" : 2650.244005,
        "bw_samples" : 472,
        "iops_min" : 43891,
        "iops_max" : 69799,
        "iops_mean" : 61520.457627,
        "iops_stddev" : 662.574080,
        "iops_samples" : 472
      },
      "trim" : {
        "io_bytes" : 0,
        "io_kbytes" : 0,
        "bw_bytes" : 0,
        "bw" : 0,
        "iops" : 0.000000,
        "runtime" : 0,
        "total_ios" : 0,
        "short_ios" : 0,
        "drop_ios" : 0,
        "slat_ns" : {
          "min" : 0,
          "max" : 0,
          "mean" : 0.000000,
          "stddev" : 0.000000,
          "N" : 0
        },
        "clat_ns" : {
          "min" : 0,
          "max" : 0,
          "mean" : 0.000000,
          "stddev" : 0.000000,
          "N" : 0
        },
        "lat_ns" : {
          "min" : 0,
          "max" : 0,
          "mean" : 0.000000,
          "stddev" : 0.000000,
          "N" : 0
        },
        "bw_min" : 0,
        "bw_max" : 0,
        "bw_agg" : 0.000000,
        "bw_mean" : 0.000000,
        "bw_dev" : 0.000000,
        "bw_samples" : 0,
        "iops_min" : 0,
        "iops_max" : 0,
        "iops_mean" : 0.000000,
        "iops_stddev" : 0.000000,
        "iops_samples" : 0
      },
      "sync" : {
        "total_ios" : 0,
        "lat_ns" : {
          "min" : 0,
          "max" : 0,
          "mean" : 0.000000,
          "stddev" : 0.000000,
          "N" : 0
        }
      },
      "job_runtime" : 240001,
      "usr_cpu" : 3.464152,
      "sys_cpu" : 17.913259,
      "ctx" : 1843676,
      "majf" : 0,
      "minf" : 292,
      "iodepth_level" : {
        "1" : 100.000000,
        "2" : 0.000000,
        "4" : 0.000000,
        "8" : 0.000000,
        "16" : 0.000000,
        "32" : 0.000000,
        ">=64" : 0.000000
      },
      "iodepth_submit" : {
        "0" : 0.000000,
        "4" : 100.000000,
        "8" : 0.000000,
        "16" : 0.000000,
        "32" : 0.000000,
        "64" : 0.000000,
        ">=64" : 0.000000
      },
      "iodepth_complete" : {
        "0" : 0.000000,
        "4" : 100.000000,
        "8" : 0.000000,
        "16" : 0.000000,
        "32" : 0.000000,
        "64" : 0.000000,
        ">=64" : 0.000000
      },
      "latency_ns" : {
        "2" : 0.000000,
        "4" : 0.000000,
        "10" : 0.000000,
        "20" : 0.000000,
        "50" : 0.000000,
        "100" : 0.000000,
        "250" : 0.000000,
        "500" : 0.000000,
        "750" : 0.000000,
        "1000" : 0.000000
      },
      "latency_us" : {
        "2" : 0.000000,
        "4" : 0.000000,
        "10" : 0.000000,
        "20" : 0.000000,
        "50" : 0.010000,
        "100" : 21.154954,
        "250" : 77.691719,
        "500" : 0.630956,
        "750" : 0.139013,
        "1000" : 0.070185
      },
      "latency_ms" : {
        "2" : 0.174648,
        "4" : 0.070076,
        "10" : 0.049791,
        "20" : 0.013560,
        "50" : 0.010000,
        "100" : 0.000000,
        "250" : 0.000000,
        "500" : 0.000000,
        "750" : 0.000000,
        "1000" : 0.000000,
        "2000" : 0.000000,
        ">=2000" : 0.000000
      },
      "latency_depth" : 1,
      "latency_target" : 0,
      "latency_percentile" : 100.000000,
      "latency_window" : 0
    }
  ],
  "disk_util" : [
    {
      "name" : "sdb",
      "read_ios" : 118,
      "write_ios" : 5538758,
      "read_sectors" : 8336,
      "write_sectors" : 44310064,
      "read_merges" : 0,
      "write_merges" : 0,
      "read_ticks" : 27,
      "write_ticks" : 564734,
      "in_queue" : 564761,
      "util" : 82.991460
    }
  ]
}
