{
  "fio version" : "fio-3.36",
  "timestamp" : 1733170627,
  "timestamp_ms" : 1733170627323,
  "time" : "Mon Dec  2 20:17:07 2024",
  "jobs" : [
    {
      "jobname" : "seq_write_direct1_fsync1",
      "groupid" : 0,
      "job_start" : 1733170597305,
      "error" : 0,
      "eta" : 0,
      "elapsed" : 91,
      "job options" : {
        "name" : "seq_write_direct1_fsync1",
        "rw" : "write",
        "direct" : "1",
        "bs" : "4k",
        "runtime" : "30",
        "ramp_time" : "60",
        "filename" : "/dev/sdb1",
        "iodepth" : "1",
        "numjobs" : "1",
        "fsync" : "1"
      },
      "read" : {
        "io_bytes" : 0,
        "io_kbytes" : 0,
        "bw_bytes" : 0,
        "bw" : 0,
        "iops" : 0.000000,
        "runtime" : 0,
        "total_ios" : 0,
        "short_ios" : 0,
        "drop_ios" : 0,
        "slat_ns" : {
          "min" : 0,
          "max" : 0,
          "mean" : 0.000000,
          "stddev" : 0.000000,
          "N" : 0
        },
        "clat_ns" : {
          "min" : 0,
          "max" : 0,
          "mean" : 0.000000,
          "stddev" : 0.000000,
          "N" : 0
        },
        "lat_ns" : {
          "min" : 0,
          "max" : 0,
          "mean" : 0.000000,
          "stddev" : 0.000000,
          "N" : 0
        },
        "bw_min" : 0,
        "bw_max" : 0,
        "bw_agg" : 0.000000,
        "bw_mean" : 0.000000,
        "bw_dev" : 0.000000,
        "bw_samples" : 0,
        "iops_min" : 0,
        "iops_max" : 0,
        "iops_mean" : 0.000000,
        "iops_stddev" : 0.000000,
        "iops_samples" : 0
      },
      "write" : {
        "io_bytes" : 740257792,
        "io_kbytes" : 722908,
        "bw_bytes" : 24674437,
        "bw" : 24096,
        "iops" : 6024.032532,
        "runtime" : 30001,
        "total_ios" : 180727,
        "short_ios" : 0,
        "drop_ios" : 0,
        "slat_ns" : {
          "min" : 0,
          "max" : 0,
          "mean" : 0.000000,
          "stddev" : 0.000000,
          "N" : 0
        },
        "clat_ns" : {
          "min" : 67701,
          "max" : 15633845,
          "mean" : 164294.710846,
          "stddev" : 169375.824100,
          "N" : 180727,
          "percentile" : {
            "1.000000" : 85504,
            "5.000000" : 92672,
            "10.000000" : 96768,
            "20.000000" : 102912,
            "30.000000" : 105984,
            "40.000000" : 109056,
            "50.000000" : 114176,
            "60.000000" : 126464,
            "70.000000" : 144384,
            "80.000000" : 177152,
            "90.000000" : 252928,
            "95.000000" : 395264,
            "99.000000" : 856064,
            "99.500000" : 1122304,
            "99.900000" : 1679360,
            "99.950000" : 2056192,
            "99.990000" : 4292608
          }
        },
        "lat_ns" : {
          "min" : 67701,
          "max" : 15633845,
          "mean" : 164361.682715,
          "stddev" : 169375.927558,
          "N" : 180727
        },
        "bw_min" : 14848,
        "bw_max" : 29816,
        "bw_agg" : 100.000000,
        "bw_mean" : 24109.600000,
        "bw_dev" : 3415.036969,
        "bw_samples" : 60,
        "iops_min" : 3712,
        "iops_max" : 7454,
        "iops_mean" : 6027.266667,
        "iops_stddev" : 853.751281,
        "iops_samples" : 60
      },
      "trim" : {
        "io_bytes" : 0,
        "io_kbytes" : 0,
        "bw_bytes" : 0,
        "bw" : 0,
        "iops" : 0.000000,
        "runtime" : 0,
        "total_ios" : 0,
        "short_ios" : 0,
        "drop_ios" : 0,
        "slat_ns" : {
          "min" : 0,
          "max" : 0,
          "mean" : 0.000000,
          "stddev" : 0.000000,
          "N" : 0
        },
        "clat_ns" : {
          "min" : 0,
          "max" : 0,
          "mean" : 0.000000,
          "stddev" : 0.000000,
          "N" : 0
        },
        "lat_ns" : {
          "min" : 0,
          "max" : 0,
          "mean" : 0.000000,
          "stddev" : 0.000000,
          "N" : 0
        },
        "bw_min" : 0,
        "bw_max" : 0,
        "bw_agg" : 0.000000,
        "bw_mean" : 0.000000,
        "bw_dev" : 0.000000,
        "bw_samples" : 0,
        "iops_min" : 0,
        "iops_max" : 0,
        "iops_mean" : 0.000000,
        "iops_stddev" : 0.000000,
        "iops_samples" : 0
      },
      "sync" : {
        "total_ios" : 180726,
        "lat_ns" : {
          "min" : 700,
          "max" : 48700,
          "mean" : 972.122987,
          "stddev" : 1087.937726,
          "N" : 180726,
          "percentile" : {
            "1.000000" : 804,
            "5.000000" : 900,
            "10.000000" : 900,
            "20.000000" : 900,
            "30.000000" : 900,
            "40.000000" : 900,
            "50.000000" : 900,
            "60.000000" : 900,
            "70.000000" : 900,
            "80.000000" : 1004,
            "90.000000" : 1004,
            "95.000000" : 1004,
            "99.000000" : 1608,
            "99.500000" : 2416,
            "99.900000" : 4576,
            "99.950000" : 35584,
            "99.990000" : 38656
          }
        }
      },
      "job_runtime" : 30000,
      "usr_cpu" : 3.010000,
      "sys_cpu" : 13.863333,
      "ctx" : 180727,
      "majf" : 0,
      "minf" : 36,
      "iodepth_level" : {
        "1" : 199.999447,
        "2" : 0.000000,
        "4" : 0.000000,
        "8" : 0.000000,
        "16" : 0.000000,
        "32" : 0.000000,
        ">=64" : 0.000000
      },
      "iodepth_submit" : {
        "0" : 0.000000,
        "4" : 100.000000,
        "8" : 0.000000,
        "16" : 0.000000,
        "32" : 0.000000,
        "64" : 0.000000,
        ">=64" : 0.000000
      },
      "iodepth_complete" : {
        "0" : 0.000000,
        "4" : 100.000000,
        "8" : 0.000000,
        "16" : 0.000000,
        "32" : 0.000000,
        "64" : 0.000000,
        ">=64" : 0.000000
      },
      "latency_ns" : {
        "2" : 0.000000,
        "4" : 0.000000,
        "10" : 0.000000,
        "20" : 0.000000,
        "50" : 0.000000,
        "100" : 0.000000,
        "250" : 0.000000,
        "500" : 0.000000,
        "750" : 0.000000,
        "1000" : 0.000000
      },
      "latency_us" : {
        "2" : 0.000000,
        "4" : 0.000000,
        "10" : 0.000000,
        "20" : 0.000000,
        "50" : 0.000000,
        "100" : 13.736188,
        "250" : 76.038998,
        "500" : 6.878330,
        "750" : 2.006894,
        "1000" : 0.655685
      },
      "latency_ms" : {
        "2" : 0.629679,
        "4" : 0.037072,
        "10" : 0.016046,
        "20" : 0.010000,
        "50" : 0.000000,
        "100" : 0.000000,
        "250" : 0.000000,
        "500" : 0.000000,
        "750" : 0.000000,
        "1000" : 0.000000,
        "2000" : 0.000000,
        ">=2000" : 0.000000
      },
      "latency_depth" : 1,
      "latency_target" : 0,
      "latency_percentile" : 100.000000,
      "latency_window" : 0
    }
  ],
  "disk_util" : [
    {
      "name" : "sdb",
      "read_ios" : 30,
      "write_ios" : 556102,
      "read_sectors" : 2088,
      "write_sectors" : 4448816,
      "read_merges" : 0,
      "write_merges" : 0,
      "read_ticks" : 5,
      "write_ticks" : 74650,
      "in_queue" : 74655,
      "util" : 75.277617
    }
  ]
}
