{
  "fio version" : "fio-3.36",
  "timestamp" : 1733278358,
  "timestamp_ms" : 1733278358840,
  "time" : "Wed Dec  4 02:12:38 2024",
  "jobs" : [
    {
      "jobname" : "write_direct0_fsync1_threads_8_634c",
      "groupid" : 0,
      "job_start" : 1733278298526,
      "error" : 0,
      "eta" : 0,
      "elapsed" : 91,
      "job options" : {
        "name" : "write_direct0_fsync1_threads_8_634c",
        "rw" : "write",
        "direct" : "0",
        "filename" : "/dev/sdb1",
        "numjobs" : "8",
        "fsync" : "1",
        "bs" : "4k",
        "ramp_time" : "30",
        "runtime" : "60",
        "iodepth" : "1",
        "end_fsync" : "1"
      },
      "read" : {
        "io_bytes" : 0,
        "io_kbytes" : 0,
        "bw_bytes" : 0,
        "bw" : 0,
        "iops" : 0.000000,
        "runtime" : 0,
        "total_ios" : 0,
        "short_ios" : 0,
        "drop_ios" : 0,
        "slat_ns" : {
          "min" : 0,
          "max" : 0,
          "mean" : 0.000000,
          "stddev" : 0.000000,
          "N" : 0
        },
        "clat_ns" : {
          "min" : 0,
          "max" : 0,
          "mean" : 0.000000,
          "stddev" : 0.000000,
          "N" : 0
        },
        "lat_ns" : {
          "min" : 0,
          "max" : 0,
          "mean" : 0.000000,
          "stddev" : 0.000000,
          "N" : 0
        },
        "bw_min" : 0,
        "bw_max" : 0,
        "bw_agg" : 0.000000,
        "bw_mean" : 0.000000,
        "bw_dev" : 0.000000,
        "bw_samples" : 0,
        "iops_min" : 0,
        "iops_max" : 0,
        "iops_mean" : 0.000000,
        "iops_stddev" : 0.000000,
        "iops_samples" : 0
      },
      "write" : {
        "io_bytes" : 9612713984,
        "io_kbytes" : 9387416,
        "bw_bytes" : 160209229,
        "bw" : 156454,
        "iops" : 39113.581440,
        "runtime" : 60001,
        "total_ios" : 2346854,
        "short_ios" : 0,
        "drop_ios" : 0,
        "slat_ns" : {
          "min" : 0,
          "max" : 0,
          "mean" : 0.000000,
          "stddev" : 0.000000,
          "N" : 0
        },
        "clat_ns" : {
          "min" : 1800,
          "max" : 3546321,
          "mean" : 4417.144823,
          "stddev" : 10798.501553,
          "N" : 2346854,
          "percentile" : {
            "1.000000" : 2288,
            "5.000000" : 2416,
            "10.000000" : 2512,
            "20.000000" : 2608,
            "30.000000" : 2704,
            "40.000000" : 2896,
            "50.000000" : 3088,
            "60.000000" : 3600,
            "70.000000" : 4192,
            "80.000000" : 5088,
            "90.000000" : 5984,
            "95.000000" : 7008,
            "99.000000" : 19584,
            "99.500000" : 42752,
            "99.900000" : 121344,
            "99.950000" : 175104,
            "99.990000" : 387072
          }
        },
        "lat_ns" : {
          "min" : 1800,
          "max" : 3546621,
          "mean" : 4607.445849,
          "stddev" : 11028.410268,
          "N" : 2346854
        },
        "bw_min" : 103231,
        "bw_max" : 192304,
        "bw_agg" : 100.000000,
        "bw_mean" : 156547.924440,
        "bw_dev" : 2294.411543,
        "bw_samples" : 956,
        "iops_min" : 25807,
        "iops_max" : 48075,
        "iops_mean" : 39135.941597,
        "iops_stddev" : 573.612764,
        "iops_samples" : 956
      },
      "trim" : {
        "io_bytes" : 0,
        "io_kbytes" : 0,
        "bw_bytes" : 0,
        "bw" : 0,
        "iops" : 0.000000,
        "runtime" : 0,
        "total_ios" : 0,
        "short_ios" : 0,
        "drop_ios" : 0,
        "slat_ns" : {
          "min" : 0,
          "max" : 0,
          "mean" : 0.000000,
          "stddev" : 0.000000,
          "N" : 0
        },
        "clat_ns" : {
          "min" : 0,
          "max" : 0,
          "mean" : 0.000000,
          "stddev" : 0.000000,
          "N" : 0
        },
        "lat_ns" : {
          "min" : 0,
          "max" : 0,
          "mean" : 0.000000,
          "stddev" : 0.000000,
          "N" : 0
        },
        "bw_min" : 0,
        "bw_max" : 0,
        "bw_agg" : 0.000000,
        "bw_mean" : 0.000000,
        "bw_dev" : 0.000000,
        "bw_samples" : 0,
        "iops_min" : 0,
        "iops_max" : 0,
        "iops_mean" : 0.000000,
        "iops_stddev" : 0.000000,
        "iops_samples" : 0
      },
      "sync" : {
        "total_ios" : 2346854,
        "lat_ns" : {
          "min" : 1700,
          "max" : 85228593,
          "mean" : 198461.328660,
          "stddev" : 604752.717556,
          "N" : 2346854,
          "percentile" : {
            "1.000000" : 81408,
            "5.000000" : 97792,
            "10.000000" : 105984,
            "20.000000" : 118272,
            "30.000000" : 129536,
            "40.000000" : 140288,
            "50.000000" : 152576,
            "60.000000" : 166912,
            "70.000000" : 183296,
            "80.000000" : 209920,
            "90.000000" : 250880,
            "95.000000" : 305152,
            "99.000000" : 847872,
            "99.500000" : 1548288,
            "99.900000" : 6127616,
            "99.950000" : 10420224,
            "99.990000" : 26083328
          }
        }
      },
      "job_runtime" : 480000,
      "usr_cpu" : 3.098958,
      "sys_cpu" : 22.502083,
      "ctx" : 3339217,
      "majf" : 0,
      "minf" : 291,
      "iodepth_level" : {
        "1" : 200.000000,
        "2" : 0.000000,
        "4" : 0.000000,
        "8" : 0.000000,
        "16" : 0.000000,
        "32" : 0.000000,
        ">=64" : 0.000000
      },
      "iodepth_submit" : {
        "0" : 0.000000,
        "4" : 100.000000,
        "8" : 0.000000,
        "16" : 0.000000,
        "32" : 0.000000,
        "64" : 0.000000,
        ">=64" : 0.000000
      },
      "iodepth_complete" : {
        "0" : 0.000000,
        "4" : 100.000000,
        "8" : 0.000000,
        "16" : 0.000000,
        "32" : 0.000000,
        "64" : 0.000000,
        ">=64" : 0.000000
      },
      "latency_ns" : {
        "2" : 0.000000,
        "4" : 0.000000,
        "10" : 0.000000,
        "20" : 0.000000,
        "50" : 0.000000,
        "100" : 0.000000,
        "250" : 0.000000,
        "500" : 0.000000,
        "750" : 0.000000,
        "1000" : 0.000000
      },
      "latency_us" : {
        "2" : 0.010000,
        "4" : 65.783470,
        "10" : 32.567599,
        "20" : 0.653684,
        "50" : 0.605918,
        "100" : 0.244625,
        "250" : 0.118456,
        "500" : 0.020496,
        "750" : 0.010000,
        "1000" : 0.010000
      },
      "latency_ms" : {
        "2" : 0.010000,
        "4" : 0.010000,
        "10" : 0.000000,
        "20" : 0.000000,
        "50" : 0.000000,
        "100" : 0.000000,
        "250" : 0.000000,
        "500" : 0.000000,
        "750" : 0.000000,
        "1000" : 0.000000,
        "2000" : 0.000000,
        ">=2000" : 0.000000
      },
      "latency_depth" : 1,
      "latency_target" : 0,
      "latency_percentile" : 100.000000,
      "latency_window" : 0
    }
  ],
  "disk_util" : [
    {
      "name" : "sdb",
      "read_ios" : 118,
      "write_ios" : 3588192,
      "read_sectors" : 8336,
      "write_sectors" : 28707408,
      "read_merges" : 0,
      "write_merges" : 233,
      "read_ticks" : 27,
      "write_ticks" : 443706,
      "in_queue" : 443733,
      "util" : 71.058769
    }
  ]
}
