{
  "fio version" : "fio-3.36",
  "timestamp" : 1733277563,
  "timestamp_ms" : 1733277563180,
  "time" : "Wed Dec  4 01:59:23 2024",
  "jobs" : [
    {
      "jobname" : "write_direct0_fsync0_threads_64_c438",
      "groupid" : 0,
      "job_start" : 1733277491193,
      "error" : 0,
      "eta" : 0,
      "elapsed" : 103,
      "job options" : {
        "name" : "write_direct0_fsync0_threads_64_c438",
        "rw" : "write",
        "direct" : "0",
        "filename" : "/dev/sdb1",
        "numjobs" : "64",
        "fsync" : "0",
        "bs" : "4k",
        "ramp_time" : "30",
        "runtime" : "60",
        "iodepth" : "1",
        "end_fsync" : "1"
      },
      "read" : {
        "io_bytes" : 0,
        "io_kbytes" : 0,
        "bw_bytes" : 0,
        "bw" : 0,
        "iops" : 0.000000,
        "runtime" : 0,
        "total_ios" : 0,
        "short_ios" : 0,
        "drop_ios" : 0,
        "slat_ns" : {
          "min" : 0,
          "max" : 0,
          "mean" : 0.000000,
          "stddev" : 0.000000,
          "N" : 0
        },
        "clat_ns" : {
          "min" : 0,
          "max" : 0,
          "mean" : 0.000000,
          "stddev" : 0.000000,
          "N" : 0
        },
        "lat_ns" : {
          "min" : 0,
          "max" : 0,
          "mean" : 0.000000,
          "stddev" : 0.000000,
          "N" : 0
        },
        "bw_min" : 0,
        "bw_max" : 0,
        "bw_agg" : 0.000000,
        "bw_mean" : 0.000000,
        "bw_dev" : 0.000000,
        "bw_samples" : 0,
        "iops_min" : 0,
        "iops_max" : 0,
        "iops_mean" : 0.000000,
        "iops_stddev" : 0.000000,
        "iops_samples" : 0
      },
      "write" : {
        "io_bytes" : 1572607369216,
        "io_kbytes" : 1535749384,
        "bw_bytes" : 23718852662,
        "bw" : 23162942,
        "iops" : 5790735.513258,
        "runtime" : 66302,
        "total_ios" : 383937346,
        "short_ios" : 0,
        "drop_ios" : 0,
        "slat_ns" : {
          "min" : 0,
          "max" : 0,
          "mean" : 0.000000,
          "stddev" : 0.000000,
          "N" : 0
        },
        "clat_ns" : {
          "min" : 1100,
          "max" : 75561733,
          "mean" : 8471.892574,
          "stddev" : 283076.250220,
          "N" : 383937346,
          "percentile" : {
            "1.000000" : 1496,
            "5.000000" : 1496,
            "10.000000" : 1496,
            "20.000000" : 1608,
            "30.000000" : 1608,
            "40.000000" : 1608,
            "50.000000" : 1704,
            "60.000000" : 1800,
            "70.000000" : 1896,
            "80.000000" : 2008,
            "90.000000" : 2288,
            "95.000000" : 2512,
            "99.000000" : 4016,
            "99.500000" : 5280,
            "99.900000" : 74240,
            "99.950000" : 6258688,
            "99.990000" : 14221312
          }
        },
        "lat_ns" : {
          "min" : 1100,
          "max" : 75561833,
          "mean" : 8767.537753,
          "stddev" : 287640.207002,
          "N" : 383937346
        },
        "bw_min" : 14195346,
        "bw_max" : 44871725,
        "bw_agg" : 100.000000,
        "bw_mean" : 25601991.025210,
        "bw_dev" : 78244.513871,
        "bw_samples" : 7616,
        "iops_min" : 3548830,
        "iops_max" : 11217927,
        "iops_mean" : 6400490.436975,
        "iops_stddev" : 19561.131638,
        "iops_samples" : 7616
      },
      "trim" : {
        "io_bytes" : 0,
        "io_kbytes" : 0,
        "bw_bytes" : 0,
        "bw" : 0,
        "iops" : 0.000000,
        "runtime" : 0,
        "total_ios" : 0,
        "short_ios" : 0,
        "drop_ios" : 0,
        "slat_ns" : {
          "min" : 0,
          "max" : 0,
          "mean" : 0.000000,
          "stddev" : 0.000000,
          "N" : 0
        },
        "clat_ns" : {
          "min" : 0,
          "max" : 0,
          "mean" : 0.000000,
          "stddev" : 0.000000,
          "N" : 0
        },
        "lat_ns" : {
          "min" : 0,
          "max" : 0,
          "mean" : 0.000000,
          "stddev" : 0.000000,
          "N" : 0
        },
        "bw_min" : 0,
        "bw_max" : 0,
        "bw_agg" : 0.000000,
        "bw_mean" : 0.000000,
        "bw_dev" : 0.000000,
        "bw_samples" : 0,
        "iops_min" : 0,
        "iops_max" : 0,
        "iops_mean" : 0.000000,
        "iops_stddev" : 0.000000,
        "iops_samples" : 0
      },
      "sync" : {
        "total_ios" : 0,
        "lat_ns" : {
          "min" : 0,
          "max" : 0,
          "mean" : 0.000000,
          "stddev" : 0.000000,
          "N" : 0
        }
      },
      "job_runtime" : 4242808,
      "usr_cpu" : 6.220126,
      "sys_cpu" : 16.726258,
      "ctx" : 1233959,
      "majf" : 0,
      "minf" : 2330,
      "iodepth_level" : {
        "1" : 100.000000,
        "2" : 0.000000,
        "4" : 0.000000,
        "8" : 0.000000,
        "16" : 0.000000,
        "32" : 0.000000,
        ">=64" : 0.000000
      },
      "iodepth_submit" : {
        "0" : 0.000000,
        "4" : 100.000000,
        "8" : 0.000000,
        "16" : 0.000000,
        "32" : 0.000000,
        "64" : 0.000000,
        ">=64" : 0.000000
      },
      "iodepth_complete" : {
        "0" : 0.000000,
        "4" : 100.000000,
        "8" : 0.000000,
        "16" : 0.000000,
        "32" : 0.000000,
        "64" : 0.000000,
        ">=64" : 0.000000
      },
      "latency_ns" : {
        "2" : 0.000000,
        "4" : 0.000000,
        "10" : 0.000000,
        "20" : 0.000000,
        "50" : 0.000000,
        "100" : 0.000000,
        "250" : 0.000000,
        "500" : 0.000000,
        "750" : 0.000000,
        "1000" : 0.000000
      },
      "latency_us" : {
        "2" : 74.605875,
        "4" : 24.358359,
        "10" : 0.754197,
        "20" : 0.025350,
        "50" : 0.069461,
        "100" : 0.111507,
        "250" : 0.010000,
        "500" : 0.010000,
        "750" : 0.010000,
        "1000" : 0.010000
      },
      "latency_ms" : {
        "2" : 0.010000,
        "4" : 0.010000,
        "10" : 0.021923,
        "20" : 0.033753,
        "50" : 0.010000,
        "100" : 0.010000,
        "250" : 0.000000,
        "500" : 0.000000,
        "750" : 0.000000,
        "1000" : 0.000000,
        "2000" : 0.000000,
        ">=2000" : 0.000000
      },
      "latency_depth" : 1,
      "latency_target" : 0,
      "latency_percentile" : 100.000000,
      "latency_window" : 0
    }
  ],
  "disk_util" : [
    {
      "name" : "sdb",
      "read_ios" : 60,
      "write_ios" : 407432,
      "read_sectors" : 4176,
      "write_sectors" : 72221648,
      "read_merges" : 0,
      "write_merges" : 8620429,
      "read_ticks" : 21,
      "write_ticks" : 1456415,
      "in_queue" : 1456435,
      "util" : 18.876124
    }
  ]
}
