{
  "fio version" : "fio-3.36",
  "timestamp" : 1733279812,
  "timestamp_ms" : 1733279812892,
  "time" : "Wed Dec  4 02:36:52 2024",
  "jobs" : [
    {
      "jobname" : "randwrite_direct0_fsync1_threads_32_f58f",
      "groupid" : 0,
      "job_start" : 1733279747874,
      "error" : 0,
      "eta" : 0,
      "elapsed" : 96,
      "job options" : {
        "name" : "randwrite_direct0_fsync1_threads_32_f58f",
        "rw" : "randwrite",
        "direct" : "0",
        "filename" : "/dev/sdb1",
        "numjobs" : "32",
        "fsync" : "1",
        "bs" : "4k",
        "ramp_time" : "30",
        "runtime" : "60",
        "iodepth" : "1",
        "end_fsync" : "1"
      },
      "read" : {
        "io_bytes" : 0,
        "io_kbytes" : 0,
        "bw_bytes" : 0,
        "bw" : 0,
        "iops" : 0.000000,
        "runtime" : 0,
        "total_ios" : 0,
        "short_ios" : 0,
        "drop_ios" : 0,
        "slat_ns" : {
          "min" : 0,
          "max" : 0,
          "mean" : 0.000000,
          "stddev" : 0.000000,
          "N" : 0
        },
        "clat_ns" : {
          "min" : 0,
          "max" : 0,
          "mean" : 0.000000,
          "stddev" : 0.000000,
          "N" : 0
        },
        "lat_ns" : {
          "min" : 0,
          "max" : 0,
          "mean" : 0.000000,
          "stddev" : 0.000000,
          "N" : 0
        },
        "bw_min" : 0,
        "bw_max" : 0,
        "bw_agg" : 0.000000,
        "bw_mean" : 0.000000,
        "bw_dev" : 0.000000,
        "bw_samples" : 0,
        "iops_min" : 0,
        "iops_max" : 0,
        "iops_mean" : 0.000000,
        "iops_stddev" : 0.000000,
        "iops_samples" : 0
      },
      "write" : {
        "io_bytes" : 6985498624,
        "io_kbytes" : 6821776,
        "bw_bytes" : 116421096,
        "bw" : 113692,
        "iops" : 28423.119229,
        "runtime" : 60002,
        "total_ios" : 1705444,
        "short_ios" : 0,
        "drop_ios" : 0,
        "slat_ns" : {
          "min" : 0,
          "max" : 0,
          "mean" : 0.000000,
          "stddev" : 0.000000,
          "N" : 0
        },
        "clat_ns" : {
          "min" : 3100,
          "max" : 4088523,
          "mean" : 9360.920300,
          "stddev" : 27873.013508,
          "N" : 1705444,
          "percentile" : {
            "1.000000" : 4576,
            "5.000000" : 4896,
            "10.000000" : 5088,
            "20.000000" : 5472,
            "30.000000" : 5792,
            "40.000000" : 6176,
            "50.000000" : 6880,
            "60.000000" : 7904,
            "70.000000" : 9280,
            "80.000000" : 10688,
            "90.000000" : 12480,
            "95.000000" : 16064,
            "99.000000" : 47360,
            "99.500000" : 61184,
            "99.900000" : 138240,
            "99.950000" : 197632,
            "99.990000" : 1187840
          }
        },
        "lat_ns" : {
          "min" : 3200,
          "max" : 4088723,
          "mean" : 9582.790601,
          "stddev" : 28205.367235,
          "N" : 1705444
        },
        "bw_min" : 66384,
        "bw_max" : 132912,
        "bw_agg" : 100.000000,
        "bw_mean" : 113783.344538,
        "bw_dev" : 398.303675,
        "bw_samples" : 3808,
        "iops_min" : 16596,
        "iops_max" : 33222,
        "iops_mean" : 28444.126050,
        "iops_stddev" : 99.572654,
        "iops_samples" : 3808
      },
      "trim" : {
        "io_bytes" : 0,
        "io_kbytes" : 0,
        "bw_bytes" : 0,
        "bw" : 0,
        "iops" : 0.000000,
        "runtime" : 0,
        "total_ios" : 0,
        "short_ios" : 0,
        "drop_ios" : 0,
        "slat_ns" : {
          "min" : 0,
          "max" : 0,
          "mean" : 0.000000,
          "stddev" : 0.000000,
          "N" : 0
        },
        "clat_ns" : {
          "min" : 0,
          "max" : 0,
          "mean" : 0.000000,
          "stddev" : 0.000000,
          "N" : 0
        },
        "lat_ns" : {
          "min" : 0,
          "max" : 0,
          "mean" : 0.000000,
          "stddev" : 0.000000,
          "N" : 0
        },
        "bw_min" : 0,
        "bw_max" : 0,
        "bw_agg" : 0.000000,
        "bw_mean" : 0.000000,
        "bw_dev" : 0.000000,
        "bw_samples" : 0,
        "iops_min" : 0,
        "iops_max" : 0,
        "iops_mean" : 0.000000,
        "iops_stddev" : 0.000000,
        "iops_samples" : 0
      },
      "sync" : {
        "total_ios" : 1705444,
        "lat_ns" : {
          "min" : 68001,
          "max" : 148756528,
          "mean" : 1113687.152349,
          "stddev" : 1741582.549153,
          "N" : 1705444,
          "percentile" : {
            "1.000000" : 195584,
            "5.000000" : 313344,
            "10.000000" : 432128,
            "20.000000" : 610304,
            "30.000000" : 733184,
            "40.000000" : 839680,
            "50.000000" : 937984,
            "60.000000" : 1056768,
            "70.000000" : 1187840,
            "80.000000" : 1400832,
            "90.000000" : 1761280,
            "95.000000" : 2088960,
            "99.000000" : 3883008,
            "99.500000" : 5603328,
            "99.900000" : 22151168,
            "99.950000" : 32636928,
            "99.990000" : 73924608
          }
        }
      },
      "job_runtime" : 1920002,
      "usr_cpu" : 1.017447,
      "sys_cpu" : 7.612127,
      "ctx" : 5381154,
      "majf" : 0,
      "minf" : 1165,
      "iodepth_level" : {
        "1" : 200.000000,
        "2" : 0.000000,
        "4" : 0.000000,
        "8" : 0.000000,
        "16" : 0.000000,
        "32" : 0.000000,
        ">=64" : 0.000000
      },
      "iodepth_submit" : {
        "0" : 0.000000,
        "4" : 100.000000,
        "8" : 0.000000,
        "16" : 0.000000,
        "32" : 0.000000,
        "64" : 0.000000,
        ">=64" : 0.000000
      },
      "iodepth_complete" : {
        "0" : 0.000000,
        "4" : 100.000000,
        "8" : 0.000000,
        "16" : 0.000000,
        "32" : 0.000000,
        "64" : 0.000000,
        ">=64" : 0.000000
      },
      "latency_ns" : {
        "2" : 0.000000,
        "4" : 0.000000,
        "10" : 0.000000,
        "20" : 0.000000,
        "50" : 0.000000,
        "100" : 0.000000,
        "250" : 0.000000,
        "500" : 0.000000,
        "750" : 0.000000,
        "1000" : 0.000000
      },
      "latency_us" : {
        "2" : 0.000000,
        "4" : 0.048961,
        "10" : 74.427715,
        "20" : 22.138927,
        "50" : 2.530016,
        "100" : 0.670852,
        "250" : 0.147586,
        "500" : 0.019526,
        "750" : 0.010000,
        "1000" : 0.010000
      },
      "latency_ms" : {
        "2" : 0.010000,
        "4" : 0.010000,
        "10" : 0.010000,
        "20" : 0.000000,
        "50" : 0.000000,
        "100" : 0.000000,
        "250" : 0.000000,
        "500" : 0.000000,
        "750" : 0.000000,
        "1000" : 0.000000,
        "2000" : 0.000000,
        ">=2000" : 0.000000
      },
      "latency_depth" : 1,
      "latency_target" : 0,
      "latency_percentile" : 100.000000,
      "latency_window" : 0
    }
  ],
  "disk_util" : [
    {
      "name" : "sdb",
      "read_ios" : 118,
      "write_ios" : 2549471,
      "read_sectors" : 8336,
      "write_sectors" : 20395776,
      "read_merges" : 0,
      "write_merges" : 0,
      "read_ticks" : 34,
      "write_ticks" : 1071369,
      "in_queue" : 1071402,
      "util" : 68.428026
    }
  ]
}
