{
  "fio version" : "fio-3.36",
  "timestamp" : 1733284575,
  "timestamp_ms" : 1733284575238,
  "time" : "Wed Dec  4 03:56:15 2024",
  "jobs" : [
    {
      "jobname" : "6",
      "groupid" : 0,
      "job_start" : 1733284513350,
      "error" : 0,
      "eta" : 0,
      "elapsed" : 92,
      "job options" : {
        "name" : "6",
        "rw" : "read",
        "direct" : "0",
        "filename" : "/dev/sdb1",
        "numjobs" : "6",
        "fsync" : "0",
        "bs" : "4k",
        "ramp_time" : "30",
        "runtime" : "60",
        "iodepth" : "1",
        "end_fsync" : "1"
      },
      "read" : {
        "io_bytes" : 69968404480,
        "io_kbytes" : 68328520,
        "bw_bytes" : 1166120639,
        "bw" : 1138789,
        "iops" : 284697.421710,
        "runtime" : 60001,
        "total_ios" : 17082130,
        "short_ios" : 0,
        "drop_ios" : 0,
        "slat_ns" : {
          "min" : 0,
          "max" : 0,
          "mean" : 0.000000,
          "stddev" : 0.000000,
          "N" : 0
        },
        "clat_ns" : {
          "min" : 700,
          "max" : 23284622,
          "mean" : 20790.023507,
          "stddev" : 69048.579526,
          "N" : 17082130,
          "percentile" : {
            "1.000000" : 700,
            "5.000000" : 700,
            "10.000000" : 804,
            "20.000000" : 804,
            "30.000000" : 804,
            "40.000000" : 804,
            "50.000000" : 900,
            "60.000000" : 900,
            "70.000000" : 1004,
            "80.000000" : 48896,
            "90.000000" : 82432,
            "95.000000" : 87552,
            "99.000000" : 244736,
            "99.500000" : 358400,
            "99.900000" : 667648,
            "99.950000" : 970752,
            "99.990000" : 1957888
          }
        },
        "lat_ns" : {
          "min" : 700,
          "max" : 23284622,
          "mean" : 20836.189108,
          "stddev" : 69050.985624,
          "N" : 17082130
        },
        "bw_min" : 660392,
        "bw_max" : 2179152,
        "bw_agg" : 100.000000,
        "bw_mean" : 1139583.558333,
        "bw_dev" : 54662.194757,
        "bw_samples" : 720,
        "iops_min" : 165098,
        "iops_max" : 544788,
        "iops_mean" : 284895.325000,
        "iops_stddev" : 13665.578701,
        "iops_samples" : 720
      },
      "write" : {
        "io_bytes" : 0,
        "io_kbytes" : 0,
        "bw_bytes" : 0,
        "bw" : 0,
        "iops" : 0.000000,
        "runtime" : 0,
        "total_ios" : 0,
        "short_ios" : 0,
        "drop_ios" : 0,
        "slat_ns" : {
          "min" : 0,
          "max" : 0,
          "mean" : 0.000000,
          "stddev" : 0.000000,
          "N" : 0
        },
        "clat_ns" : {
          "min" : 0,
          "max" : 0,
          "mean" : 0.000000,
          "stddev" : 0.000000,
          "N" : 0
        },
        "lat_ns" : {
          "min" : 0,
          "max" : 0,
          "mean" : 0.000000,
          "stddev" : 0.000000,
          "N" : 0
        },
        "bw_min" : 0,
        "bw_max" : 0,
        "bw_agg" : 0.000000,
        "bw_mean" : 0.000000,
        "bw_dev" : 0.000000,
        "bw_samples" : 0,
        "iops_min" : 0,
        "iops_max" : 0,
        "iops_mean" : 0.000000,
        "iops_stddev" : 0.000000,
        "iops_samples" : 0
      },
      "trim" : {
        "io_bytes" : 0,
        "io_kbytes" : 0,
        "bw_bytes" : 0,
        "bw" : 0,
        "iops" : 0.000000,
        "runtime" : 0,
        "total_ios" : 0,
        "short_ios" : 0,
        "drop_ios" : 0,
        "slat_ns" : {
          "min" : 0,
          "max" : 0,
          "mean" : 0.000000,
          "stddev" : 0.000000,
          "N" : 0
        },
        "clat_ns" : {
          "min" : 0,
          "max" : 0,
          "mean" : 0.000000,
          "stddev" : 0.000000,
          "N" : 0
        },
        "lat_ns" : {
          "min" : 0,
          "max" : 0,
          "mean" : 0.000000,
          "stddev" : 0.000000,
          "N" : 0
        },
        "bw_min" : 0,
        "bw_max" : 0,
        "bw_agg" : 0.000000,
        "bw_mean" : 0.000000,
        "bw_dev" : 0.000000,
        "bw_samples" : 0,
        "iops_min" : 0,
        "iops_max" : 0,
        "iops_mean" : 0.000000,
        "iops_stddev" : 0.000000,
        "iops_samples" : 0
      },
      "sync" : {
        "total_ios" : 0,
        "lat_ns" : {
          "min" : 0,
          "max" : 0,
          "mean" : 0.000000,
          "stddev" : 0.000000,
          "N" : 0
        }
      },
      "job_runtime" : 360000,
      "usr_cpu" : 6.593889,
      "sys_cpu" : 19.160556,
      "ctx" : 3555810,
      "majf" : 0,
      "minf" : 219,
      "iodepth_level" : {
        "1" : 100.000000,
        "2" : 0.000000,
        "4" : 0.000000,
        "8" : 0.000000,
        "16" : 0.000000,
        "32" : 0.000000,
        ">=64" : 0.000000
      },
      "iodepth_submit" : {
        "0" : 0.000000,
        "4" : 100.000000,
        "8" : 0.000000,
        "16" : 0.000000,
        "32" : 0.000000,
        "64" : 0.000000,
        ">=64" : 0.000000
      },
      "iodepth_complete" : {
        "0" : 0.000000,
        "4" : 100.000000,
        "8" : 0.000000,
        "16" : 0.000000,
        "32" : 0.000000,
        "64" : 0.000000,
        ">=64" : 0.000000
      },
      "latency_ns" : {
        "2" : 0.000000,
        "4" : 0.000000,
        "10" : 0.000000,
        "20" : 0.000000,
        "50" : 0.000000,
        "100" : 0.000000,
        "250" : 0.000000,
        "500" : 0.000000,
        "750" : 5.216042,
        "1000" : 60.445448
      },
      "latency_us" : {
        "2" : 12.171655,
        "4" : 1.070856,
        "10" : 0.032449,
        "20" : 0.010000,
        "50" : 1.792154,
        "100" : 16.638838,
        "250" : 1.647599,
        "500" : 0.792951,
        "750" : 0.102985,
        "1000" : 0.036032
      },
      "latency_ms" : {
        "2" : 0.036957,
        "4" : 0.010000,
        "10" : 0.010000,
        "20" : 0.010000,
        "50" : 0.010000,
        "100" : 0.000000,
        "250" : 0.000000,
        "500" : 0.000000,
        "750" : 0.000000,
        "1000" : 0.000000,
        "2000" : 0.000000,
        ">=2000" : 0.000000
      },
      "latency_depth" : 1,
      "latency_target" : 0,
      "latency_percentile" : 100.000000,
      "latency_window" : 0
    }
  ],
  "disk_util" : [
    {
      "name" : "sdb",
      "read_ios" : 171853,
      "write_ios" : 0,
      "read_sectors" : 37302592,
      "write_sectors" : 0,
      "read_merges" : 0,
      "write_merges" : 0,
      "read_ticks" : 139002,
      "write_ticks" : 0,
      "in_queue" : 139001,
      "util" : 80.202132
    }
  ]
}