{
  "fio version" : "fio-3.36",
  "timestamp" : 1733282391,
  "timestamp_ms" : 1733282391401,
  "time" : "Wed Dec  4 03:19:51 2024",
  "jobs" : [
    {
      "jobname" : "randread_direct1_fsync0_threads_16_7f15",
      "groupid" : 0,
      "job_start" : 1733282331380,
      "error" : 0,
      "eta" : 0,
      "elapsed" : 91,
      "job options" : {
        "name" : "randread_direct1_fsync0_threads_16_7f15",
        "rw" : "randread",
        "direct" : "1",
        "filename" : "/dev/sdb1",
        "numjobs" : "16",
        "fsync" : "0",
        "bs" : "4k",
        "ramp_time" : "30",
        "runtime" : "60",
        "iodepth" : "1",
        "end_fsync" : "1"
      },
      "read" : {
        "io_bytes" : 16601747456,
        "io_kbytes" : 16212644,
        "bw_bytes" : 276691179,
        "bw" : 270206,
        "iops" : 67551.557474,
        "runtime" : 60001,
        "total_ios" : 4053161,
        "short_ios" : 0,
        "drop_ios" : 0,
        "slat_ns" : {
          "min" : 0,
          "max" : 0,
          "mean" : 0.000000,
          "stddev" : 0.000000,
          "N" : 0
        },
        "clat_ns" : {
          "min" : 46201,
          "max" : 94208473,
          "mean" : 235398.223208,
          "stddev" : 816205.656922,
          "N" : 4053161,
          "percentile" : {
            "1.000000" : 140288,
            "5.000000" : 150528,
            "10.000000" : 156672,
            "20.000000" : 164864,
            "30.000000" : 173056,
            "40.000000" : 179200,
            "50.000000" : 185344,
            "60.000000" : 191488,
            "70.000000" : 201728,
            "80.000000" : 214016,
            "90.000000" : 240640,
            "95.000000" : 280576,
            "99.000000" : 684032,
            "99.500000" : 1712128,
            "99.900000" : 11599872,
            "99.950000" : 16908288,
            "99.990000" : 33816576
          }
        },
        "lat_ns" : {
          "min" : 46201,
          "max" : 94208573,
          "mean" : 235511.387150,
          "stddev" : 816207.942595,
          "N" : 4053161
        },
        "bw_min" : 122688,
        "bw_max" : 332080,
        "bw_agg" : 100.000000,
        "bw_mean" : 270253.747899,
        "bw_dev" : 2216.983088,
        "bw_samples" : 1904,
        "iops_min" : 30672,
        "iops_max" : 83020,
        "iops_mean" : 67562.924370,
        "iops_stddev" : 554.237980,
        "iops_samples" : 1904
      },
      "write" : {
        "io_bytes" : 0,
        "io_kbytes" : 0,
        "bw_bytes" : 0,
        "bw" : 0,
        "iops" : 0.000000,
        "runtime" : 0,
        "total_ios" : 0,
        "short_ios" : 0,
        "drop_ios" : 0,
        "slat_ns" : {
          "min" : 0,
          "max" : 0,
          "mean" : 0.000000,
          "stddev" : 0.000000,
          "N" : 0
        },
        "clat_ns" : {
          "min" : 0,
          "max" : 0,
          "mean" : 0.000000,
          "stddev" : 0.000000,
          "N" : 0
        },
        "lat_ns" : {
          "min" : 0,
          "max" : 0,
          "mean" : 0.000000,
          "stddev" : 0.000000,
          "N" : 0
        },
        "bw_min" : 0,
        "bw_max" : 0,
        "bw_agg" : 0.000000,
        "bw_mean" : 0.000000,
        "bw_dev" : 0.000000,
        "bw_samples" : 0,
        "iops_min" : 0,
        "iops_max" : 0,
        "iops_mean" : 0.000000,
        "iops_stddev" : 0.000000,
        "iops_samples" : 0
      },
      "trim" : {
        "io_bytes" : 0,
        "io_kbytes" : 0,
        "bw_bytes" : 0,
        "bw" : 0,
        "iops" : 0.000000,
        "runtime" : 0,
        "total_ios" : 0,
        "short_ios" : 0,
        "drop_ios" : 0,
        "slat_ns" : {
          "min" : 0,
          "max" : 0,
          "mean" : 0.000000,
          "stddev" : 0.000000,
          "N" : 0
        },
        "clat_ns" : {
          "min" : 0,
          "max" : 0,
          "mean" : 0.000000,
          "stddev" : 0.000000,
          "N" : 0
        },
        "lat_ns" : {
          "min" : 0,
          "max" : 0,
          "mean" : 0.000000,
          "stddev" : 0.000000,
          "N" : 0
        },
        "bw_min" : 0,
        "bw_max" : 0,
        "bw_agg" : 0.000000,
        "bw_mean" : 0.000000,
        "bw_dev" : 0.000000,
        "bw_samples" : 0,
        "iops_min" : 0,
        "iops_max" : 0,
        "iops_mean" : 0.000000,
        "iops_stddev" : 0.000000,
        "iops_samples" : 0
      },
      "sync" : {
        "total_ios" : 0,
        "lat_ns" : {
          "min" : 0,
          "max" : 0,
          "mean" : 0.000000,
          "stddev" : 0.000000,
          "N" : 0
        }
      },
      "job_runtime" : 960000,
      "usr_cpu" : 2.403437,
      "sys_cpu" : 11.881250,
      "ctx" : 4052977,
      "majf" : 0,
      "minf" : 583,
      "iodepth_level" : {
        "1" : 100.000000,
        "2" : 0.000000,
        "4" : 0.000000,
        "8" : 0.000000,
        "16" : 0.000000,
        "32" : 0.000000,
        ">=64" : 0.000000
      },
      "iodepth_submit" : {
        "0" : 0.000000,
        "4" : 100.000000,
        "8" : 0.000000,
        "16" : 0.000000,
        "32" : 0.000000,
        "64" : 0.000000,
        ">=64" : 0.000000
      },
      "iodepth_complete" : {
        "0" : 0.000000,
        "4" : 100.000000,
        "8" : 0.000000,
        "16" : 0.000000,
        "32" : 0.000000,
        "64" : 0.000000,
        ">=64" : 0.000000
      },
      "latency_ns" : {
        "2" : 0.000000,
        "4" : 0.000000,
        "10" : 0.000000,
        "20" : 0.000000,
        "50" : 0.000000,
        "100" : 0.000000,
        "250" : 0.000000,
        "500" : 0.000000,
        "750" : 0.000000,
        "1000" : 0.000000
      },
      "latency_us" : {
        "2" : 0.000000,
        "4" : 0.000000,
        "10" : 0.000000,
        "20" : 0.000000,
        "50" : 0.010000,
        "100" : 0.017665,
        "250" : 91.799660,
        "500" : 6.924102,
        "750" : 0.308105,
        "1000" : 0.127259
      },
      "latency_ms" : {
        "2" : 0.382936,
        "4" : 0.193355,
        "10" : 0.128566,
        "20" : 0.088203,
        "50" : 0.027090,
        "100" : 0.010000,
        "250" : 0.000000,
        "500" : 0.000000,
        "750" : 0.000000,
        "1000" : 0.000000,
        "2000" : 0.000000,
        ">=2000" : 0.000000
      },
      "latency_depth" : 1,
      "latency_target" : 0,
      "latency_percentile" : 100.000000,
      "latency_window" : 0
    }
  ],
  "disk_util" : [
    {
      "name" : "sdb",
      "read_ios" : 6174719,
      "write_ios" : 0,
      "read_sectors" : 49397752,
      "write_sectors" : 0,
      "read_merges" : 0,
      "write_merges" : 0,
      "read_ticks" : 1225989,
      "write_ticks" : 0,
      "in_queue" : 1225988,
      "util" : 82.698393
    }
  ]
}
