{
  "fio version" : "fio-3.36",
  "timestamp" : 1733278539,
  "timestamp_ms" : 1733278539959,
  "time" : "Wed Dec  4 02:15:39 2024",
  "jobs" : [
    {
      "jobname" : "write_direct0_fsync1_threads_1_eb83",
      "groupid" : 0,
      "job_start" : 1733278479667,
      "error" : 0,
      "eta" : 0,
      "elapsed" : 91,
      "job options" : {
        "name" : "write_direct0_fsync1_threads_1_eb83",
        "rw" : "write",
        "direct" : "0",
        "filename" : "/dev/sdb1",
        "numjobs" : "1",
        "fsync" : "1",
        "bs" : "4k",
        "ramp_time" : "30",
        "runtime" : "60",
        "iodepth" : "1",
        "end_fsync" : "1"
      },
      "read" : {
        "io_bytes" : 0,
        "io_kbytes" : 0,
        "bw_bytes" : 0,
        "bw" : 0,
        "iops" : 0.000000,
        "runtime" : 0,
        "total_ios" : 0,
        "short_ios" : 0,
        "drop_ios" : 0,
        "slat_ns" : {
          "min" : 0,
          "max" : 0,
          "mean" : 0.000000,
          "stddev" : 0.000000,
          "N" : 0
        },
        "clat_ns" : {
          "min" : 0,
          "max" : 0,
          "mean" : 0.000000,
          "stddev" : 0.000000,
          "N" : 0
        },
        "lat_ns" : {
          "min" : 0,
          "max" : 0,
          "mean" : 0.000000,
          "stddev" : 0.000000,
          "N" : 0
        },
        "bw_min" : 0,
        "bw_max" : 0,
        "bw_agg" : 0.000000,
        "bw_mean" : 0.000000,
        "bw_dev" : 0.000000,
        "bw_samples" : 0,
        "iops_min" : 0,
        "iops_max" : 0,
        "iops_mean" : 0.000000,
        "iops_stddev" : 0.000000,
        "iops_samples" : 0
      },
      "write" : {
        "io_bytes" : 1223352320,
        "io_kbytes" : 1194680,
        "bw_bytes" : 20388865,
        "bw" : 19911,
        "iops" : 4977.750371,
        "runtime" : 60001,
        "total_ios" : 298670,
        "short_ios" : 0,
        "drop_ios" : 0,
        "slat_ns" : {
          "min" : 0,
          "max" : 0,
          "mean" : 0.000000,
          "stddev" : 0.000000,
          "N" : 0
        },
        "clat_ns" : {
          "min" : 3200,
          "max" : 86900,
          "mean" : 4507.532514,
          "stddev" : 2698.549617,
          "N" : 298670,
          "percentile" : {
            "1.000000" : 3696,
            "5.000000" : 3792,
            "10.000000" : 3792,
            "20.000000" : 3888,
            "30.000000" : 3888,
            "40.000000" : 4016,
            "50.000000" : 4128,
            "60.000000" : 4192,
            "70.000000" : 4512,
            "80.000000" : 4704,
            "90.000000" : 4896,
            "95.000000" : 5408,
            "99.000000" : 9792,
            "99.500000" : 18304,
            "99.900000" : 41728,
            "99.950000" : 46848,
            "99.990000" : 54528
          }
        },
        "lat_ns" : {
          "min" : 3300,
          "max" : 87000,
          "mean" : 4629.083648,
          "stddev" : 2737.385720,
          "N" : 298670
        },
        "bw_min" : 11232,
        "bw_max" : 35376,
        "bw_agg" : 100.000000,
        "bw_mean" : 19924.625000,
        "bw_dev" : 5032.306782,
        "bw_samples" : 120,
        "iops_min" : 2808,
        "iops_max" : 8844,
        "iops_mean" : 4981.050000,
        "iops_stddev" : 1258.086294,
        "iops_samples" : 120
      },
      "trim" : {
        "io_bytes" : 0,
        "io_kbytes" : 0,
        "bw_bytes" : 0,
        "bw" : 0,
        "iops" : 0.000000,
        "runtime" : 0,
        "total_ios" : 0,
        "short_ios" : 0,
        "drop_ios" : 0,
        "slat_ns" : {
          "min" : 0,
          "max" : 0,
          "mean" : 0.000000,
          "stddev" : 0.000000,
          "N" : 0
        },
        "clat_ns" : {
          "min" : 0,
          "max" : 0,
          "mean" : 0.000000,
          "stddev" : 0.000000,
          "N" : 0
        },
        "lat_ns" : {
          "min" : 0,
          "max" : 0,
          "mean" : 0.000000,
          "stddev" : 0.000000,
          "N" : 0
        },
        "bw_min" : 0,
        "bw_max" : 0,
        "bw_agg" : 0.000000,
        "bw_mean" : 0.000000,
        "bw_dev" : 0.000000,
        "bw_samples" : 0,
        "iops_min" : 0,
        "iops_max" : 0,
        "iops_mean" : 0.000000,
        "iops_stddev" : 0.000000,
        "iops_samples" : 0
      },
      "sync" : {
        "total_ios" : 298670,
        "lat_ns" : {
          "min" : 65401,
          "max" : 32391874,
          "mean" : 195464.501081,
          "stddev" : 265927.491363,
          "N" : 298670,
          "percentile" : {
            "1.000000" : 87552,
            "5.000000" : 95744,
            "10.000000" : 100864,
            "20.000000" : 108032,
            "30.000000" : 111104,
            "40.000000" : 117248,
            "50.000000" : 124416,
            "60.000000" : 134144,
            "70.000000" : 150528,
            "80.000000" : 189440,
            "90.000000" : 309248,
            "95.000000" : 552960,
            "99.000000" : 1351680,
            "99.500000" : 1712128,
            "99.900000" : 2637824,
            "99.950000" : 3096576,
            "99.990000" : 4685824
          }
        }
      },
      "job_runtime" : 60000,
      "usr_cpu" : 2.208333,
      "sys_cpu" : 15.375000,
      "ctx" : 298670,
      "majf" : 0,
      "minf" : 36,
      "iodepth_level" : {
        "1" : 200.000000,
        "2" : 0.000000,
        "4" : 0.000000,
        "8" : 0.000000,
        "16" : 0.000000,
        "32" : 0.000000,
        ">=64" : 0.000000
      },
      "iodepth_submit" : {
        "0" : 0.000000,
        "4" : 100.000000,
        "8" : 0.000000,
        "16" : 0.000000,
        "32" : 0.000000,
        "64" : 0.000000,
        ">=64" : 0.000000
      },
      "iodepth_complete" : {
        "0" : 0.000000,
        "4" : 100.000000,
        "8" : 0.000000,
        "16" : 0.000000,
        "32" : 0.000000,
        "64" : 0.000000,
        ">=64" : 0.000000
      },
      "latency_ns" : {
        "2" : 0.000000,
        "4" : 0.000000,
        "10" : 0.000000,
        "20" : 0.000000,
        "50" : 0.000000,
        "100" : 0.000000,
        "250" : 0.000000,
        "500" : 0.000000,
        "750" : 0.000000,
        "1000" : 0.000000
      },
      "latency_us" : {
        "2" : 0.000000,
        "4" : 32.442495,
        "10" : 66.571132,
        "20" : 0.504570,
        "50" : 0.453678,
        "100" : 0.028125,
        "250" : 0.000000,
        "500" : 0.000000,
        "750" : 0.000000,
        "1000" : 0.000000
      },
      "latency_ms" : {
        "2" : 0.000000,
        "4" : 0.000000,
        "10" : 0.000000,
        "20" : 0.000000,
        "50" : 0.000000,
        "100" : 0.000000,
        "250" : 0.000000,
        "500" : 0.000000,
        "750" : 0.000000,
        "1000" : 0.000000,
        "2000" : 0.000000,
        ">=2000" : 0.000000
      },
      "latency_depth" : 1,
      "latency_target" : 0,
      "latency_percentile" : 100.000000,
      "latency_window" : 0
    }
  ],
  "disk_util" : [
    {
      "name" : "sdb",
      "read_ios" : 59,
      "write_ios" : 438148,
      "read_sectors" : 4168,
      "write_sectors" : 3505184,
      "read_merges" : 0,
      "write_merges" : 0,
      "read_ticks" : 14,
      "write_ticks" : 74981,
      "in_queue" : 74994,
      "util" : 75.850159
    }
  ]
}
