{
  "fio version" : "fio-3.36",
  "timestamp" : 1733172952,
  "timestamp_ms" : 1733172952478,
  "time" : "Mon Dec  2 20:55:52 2024",
  "jobs" : [
    {
      "jobname" : "rand_write_direct1_fsync0",
      "groupid" : 0,
      "job_start" : 1733172922457,
      "error" : 0,
      "eta" : 0,
      "elapsed" : 91,
      "job options" : {
        "name" : "rand_write_direct1_fsync0",
        "rw" : "randwrite",
        "direct" : "1",
        "bs" : "4k",
        "runtime" : "30",
        "ramp_time" : "60",
        "filename" : "/dev/sdb1",
        "iodepth" : "1",
        "numjobs" : "1"
      },
      "read" : {
        "io_bytes" : 0,
        "io_kbytes" : 0,
        "bw_bytes" : 0,
        "bw" : 0,
        "iops" : 0.000000,
        "runtime" : 0,
        "total_ios" : 0,
        "short_ios" : 0,
        "drop_ios" : 0,
        "slat_ns" : {
          "min" : 0,
          "max" : 0,
          "mean" : 0.000000,
          "stddev" : 0.000000,
          "N" : 0
        },
        "clat_ns" : {
          "min" : 0,
          "max" : 0,
          "mean" : 0.000000,
          "stddev" : 0.000000,
          "N" : 0
        },
        "lat_ns" : {
          "min" : 0,
          "max" : 0,
          "mean" : 0.000000,
          "stddev" : 0.000000,
          "N" : 0
        },
        "bw_min" : 0,
        "bw_max" : 0,
        "bw_agg" : 0.000000,
        "bw_mean" : 0.000000,
        "bw_dev" : 0.000000,
        "bw_samples" : 0,
        "iops_min" : 0,
        "iops_max" : 0,
        "iops_mean" : 0.000000,
        "iops_stddev" : 0.000000,
        "iops_samples" : 0
      },
      "write" : {
        "io_bytes" : 706551808,
        "io_kbytes" : 689992,
        "bw_bytes" : 23550941,
        "bw" : 22998,
        "iops" : 5749.741675,
        "runtime" : 30001,
        "total_ios" : 172498,
        "short_ios" : 0,
        "drop_ios" : 0,
        "slat_ns" : {
          "min" : 0,
          "max" : 0,
          "mean" : 0.000000,
          "stddev" : 0.000000,
          "N" : 0
        },
        "clat_ns" : {
          "min" : 65500,
          "max" : 32579558,
          "mean" : 173216.438370,
          "stddev" : 217243.836912,
          "N" : 172498,
          "percentile" : {
            "1.000000" : 85504,
            "5.000000" : 93696,
            "10.000000" : 96768,
            "20.000000" : 102912,
            "30.000000" : 107008,
            "40.000000" : 111104,
            "50.000000" : 117248,
            "60.000000" : 126464,
            "70.000000" : 140288,
            "80.000000" : 171008,
            "90.000000" : 268288,
            "95.000000" : 452608,
            "99.000000" : 1089536,
            "99.500000" : 1384448,
            "99.900000" : 2113536,
            "99.950000" : 2572288,
            "99.990000" : 4292608
          }
        },
        "lat_ns" : {
          "min" : 65501,
          "max" : 32579658,
          "mean" : 173300.481901,
          "stddev" : 217244.317223,
          "N" : 172498
        },
        "bw_min" : 15048,
        "bw_max" : 32456,
        "bw_agg" : 100.000000,
        "bw_mean" : 23108.084746,
        "bw_dev" : 4206.307953,
        "bw_samples" : 59,
        "iops_min" : 3762,
        "iops_max" : 8114,
        "iops_mean" : 5776.864407,
        "iops_stddev" : 1051.589461,
        "iops_samples" : 59
      },
      "trim" : {
        "io_bytes" : 0,
        "io_kbytes" : 0,
        "bw_bytes" : 0,
        "bw" : 0,
        "iops" : 0.000000,
        "runtime" : 0,
        "total_ios" : 0,
        "short_ios" : 0,
        "drop_ios" : 0,
        "slat_ns" : {
          "min" : 0,
          "max" : 0,
          "mean" : 0.000000,
          "stddev" : 0.000000,
          "N" : 0
        },
        "clat_ns" : {
          "min" : 0,
          "max" : 0,
          "mean" : 0.000000,
          "stddev" : 0.000000,
          "N" : 0
        },
        "lat_ns" : {
          "min" : 0,
          "max" : 0,
          "mean" : 0.000000,
          "stddev" : 0.000000,
          "N" : 0
        },
        "bw_min" : 0,
        "bw_max" : 0,
        "bw_agg" : 0.000000,
        "bw_mean" : 0.000000,
        "bw_dev" : 0.000000,
        "bw_samples" : 0,
        "iops_min" : 0,
        "iops_max" : 0,
        "iops_mean" : 0.000000,
        "iops_stddev" : 0.000000,
        "iops_samples" : 0
      },
      "sync" : {
        "total_ios" : 0,
        "lat_ns" : {
          "min" : 0,
          "max" : 0,
          "mean" : 0.000000,
          "stddev" : 0.000000,
          "N" : 0
        }
      },
      "job_runtime" : 30000,
      "usr_cpu" : 2.416667,
      "sys_cpu" : 12.913333,
      "ctx" : 172497,
      "majf" : 0,
      "minf" : 36,
      "iodepth_level" : {
        "1" : 100.000000,
        "2" : 0.000000,
        "4" : 0.000000,
        "8" : 0.000000,
        "16" : 0.000000,
        "32" : 0.000000,
        ">=64" : 0.000000
      },
      "iodepth_submit" : {
        "0" : 0.000000,
        "4" : 100.000000,
        "8" : 0.000000,
        "16" : 0.000000,
        "32" : 0.000000,
        "64" : 0.000000,
        ">=64" : 0.000000
      },
      "iodepth_complete" : {
        "0" : 0.000000,
        "4" : 100.000000,
        "8" : 0.000000,
        "16" : 0.000000,
        "32" : 0.000000,
        "64" : 0.000000,
        ">=64" : 0.000000
      },
      "latency_ns" : {
        "2" : 0.000000,
        "4" : 0.000000,
        "10" : 0.000000,
        "20" : 0.000000,
        "50" : 0.000000,
        "100" : 0.000000,
        "250" : 0.000000,
        "500" : 0.000000,
        "750" : 0.000000,
        "1000" : 0.000000
      },
      "latency_us" : {
        "2" : 0.000000,
        "4" : 0.000000,
        "10" : 0.000000,
        "20" : 0.000000,
        "50" : 0.000000,
        "100" : 14.408863,
        "250" : 74.510429,
        "500" : 6.797760,
        "750" : 2.142634,
        "1000" : 0.947257
      },
      "latency_ms" : {
        "2" : 1.071317,
        "4" : 0.106668,
        "10" : 0.012174,
        "20" : 0.010000,
        "50" : 0.010000,
        "100" : 0.000000,
        "250" : 0.000000,
        "500" : 0.000000,
        "750" : 0.000000,
        "1000" : 0.000000,
        "2000" : 0.000000,
        ">=2000" : 0.000000
      },
      "latency_depth" : 1,
      "latency_target" : 0,
      "latency_percentile" : 100.000000,
      "latency_window" : 0
    }
  ],
  "disk_util" : [
    {
      "name" : "sdb",
      "read_ios" : 59,
      "write_ios" : 539970,
      "read_sectors" : 4168,
      "write_sectors" : 4319760,
      "read_merges" : 0,
      "write_merges" : 0,
      "read_ticks" : 21,
      "write_ticks" : 75311,
      "in_queue" : 75332,
      "util" : 75.965479
    }
  ]
}
