{
  "fio version" : "fio-3.36",
  "timestamp" : 1733278087,
  "timestamp_ms" : 1733278087613,
  "time" : "Wed Dec  4 02:08:07 2024",
  "jobs" : [
    {
      "jobname" : "write_direct0_fsync0_threads_1_0e05",
      "groupid" : 0,
      "job_start" : 1733278012117,
      "error" : 0,
      "eta" : 0,
      "elapsed" : 106,
      "job options" : {
        "name" : "write_direct0_fsync0_threads_1_0e05",
        "rw" : "write",
        "direct" : "0",
        "filename" : "/dev/sdb1",
        "numjobs" : "1",
        "fsync" : "0",
        "bs" : "4k",
        "ramp_time" : "30",
        "runtime" : "60",
        "iodepth" : "1",
        "end_fsync" : "1"
      },
      "read" : {
        "io_bytes" : 0,
        "io_kbytes" : 0,
        "bw_bytes" : 0,
        "bw" : 0,
        "iops" : 0.000000,
        "runtime" : 0,
        "total_ios" : 0,
        "short_ios" : 0,
        "drop_ios" : 0,
        "slat_ns" : {
          "min" : 0,
          "max" : 0,
          "mean" : 0.000000,
          "stddev" : 0.000000,
          "N" : 0
        },
        "clat_ns" : {
          "min" : 0,
          "max" : 0,
          "mean" : 0.000000,
          "stddev" : 0.000000,
          "N" : 0
        },
        "lat_ns" : {
          "min" : 0,
          "max" : 0,
          "mean" : 0.000000,
          "stddev" : 0.000000,
          "N" : 0
        },
        "bw_min" : 0,
        "bw_max" : 0,
        "bw_agg" : 0.000000,
        "bw_mean" : 0.000000,
        "bw_dev" : 0.000000,
        "bw_samples" : 0,
        "iops_min" : 0,
        "iops_max" : 0,
        "iops_mean" : 0.000000,
        "iops_stddev" : 0.000000,
        "iops_samples" : 0
      },
      "write" : {
        "io_bytes" : 73746898944,
        "io_kbytes" : 72018456,
        "bw_bytes" : 1164743492,
        "bw" : 1137444,
        "iops" : 284361.204119,
        "runtime" : 63316,
        "total_ios" : 18004614,
        "short_ios" : 0,
        "drop_ios" : 0,
        "slat_ns" : {
          "min" : 0,
          "max" : 0,
          "mean" : 0.000000,
          "stddev" : 0.000000,
          "N" : 0
        },
        "clat_ns" : {
          "min" : 2400,
          "max" : 203802,
          "mean" : 3077.899248,
          "stddev" : 1789.328376,
          "N" : 18004614,
          "percentile" : {
            "1.000000" : 2608,
            "5.000000" : 2608,
            "10.000000" : 2608,
            "20.000000" : 2608,
            "30.000000" : 2704,
            "40.000000" : 2704,
            "50.000000" : 2704,
            "60.000000" : 2800,
            "70.000000" : 2896,
            "80.000000" : 3088,
            "90.000000" : 3792,
            "95.000000" : 4320,
            "99.000000" : 5408,
            "99.500000" : 7776,
            "99.900000" : 30592,
            "99.950000" : 37120,
            "99.990000" : 42240
          }
        },
        "lat_ns" : {
          "min" : 2400,
          "max" : 203802,
          "mean" : 3126.771495,
          "stddev" : 1800.635447,
          "N" : 18004614
        },
        "bw_min" : 1126092,
        "bw_max" : 1277536,
        "bw_agg" : 100.000000,
        "bw_mean" : 1201923.126050,
        "bw_dev" : 41134.023892,
        "bw_samples" : 119,
        "iops_min" : 281523,
        "iops_max" : 319384,
        "iops_mean" : 300480.647059,
        "iops_stddev" : 10283.400743,
        "iops_samples" : 119
      },
      "trim" : {
        "io_bytes" : 0,
        "io_kbytes" : 0,
        "bw_bytes" : 0,
        "bw" : 0,
        "iops" : 0.000000,
        "runtime" : 0,
        "total_ios" : 0,
        "short_ios" : 0,
        "drop_ios" : 0,
        "slat_ns" : {
          "min" : 0,
          "max" : 0,
          "mean" : 0.000000,
          "stddev" : 0.000000,
          "N" : 0
        },
        "clat_ns" : {
          "min" : 0,
          "max" : 0,
          "mean" : 0.000000,
          "stddev" : 0.000000,
          "N" : 0
        },
        "lat_ns" : {
          "min" : 0,
          "max" : 0,
          "mean" : 0.000000,
          "stddev" : 0.000000,
          "N" : 0
        },
        "bw_min" : 0,
        "bw_max" : 0,
        "bw_agg" : 0.000000,
        "bw_mean" : 0.000000,
        "bw_dev" : 0.000000,
        "bw_samples" : 0,
        "iops_min" : 0,
        "iops_max" : 0,
        "iops_mean" : 0.000000,
        "iops_stddev" : 0.000000,
        "iops_samples" : 0
      },
      "sync" : {
        "total_ios" : 0,
        "lat_ns" : {
          "min" : 0,
          "max" : 0,
          "mean" : 0.000000,
          "stddev" : 0.000000,
          "N" : 0
        }
      },
      "job_runtime" : 63315,
      "usr_cpu" : 12.913212,
      "sys_cpu" : 85.000395,
      "ctx" : 46728,
      "majf" : 0,
      "minf" : 36,
      "iodepth_level" : {
        "1" : 100.000000,
        "2" : 0.000000,
        "4" : 0.000000,
        "8" : 0.000000,
        "16" : 0.000000,
        "32" : 0.000000,
        ">=64" : 0.000000
      },
      "iodepth_submit" : {
        "0" : 0.000000,
        "4" : 100.000000,
        "8" : 0.000000,
        "16" : 0.000000,
        "32" : 0.000000,
        "64" : 0.000000,
        ">=64" : 0.000000
      },
      "iodepth_complete" : {
        "0" : 0.000000,
        "4" : 100.000000,
        "8" : 0.000000,
        "16" : 0.000000,
        "32" : 0.000000,
        "64" : 0.000000,
        ">=64" : 0.000000
      },
      "latency_ns" : {
        "2" : 0.000000,
        "4" : 0.000000,
        "10" : 0.000000,
        "20" : 0.000000,
        "50" : 0.000000,
        "100" : 0.000000,
        "250" : 0.000000,
        "500" : 0.000000,
        "750" : 0.000000,
        "1000" : 0.000000
      },
      "latency_us" : {
        "2" : 0.000000,
        "4" : 90.748471,
        "10" : 8.849243,
        "20" : 0.046410,
        "50" : 0.352138,
        "100" : 0.010000,
        "250" : 0.010000,
        "500" : 0.000000,
        "750" : 0.000000,
        "1000" : 0.000000
      },
      "latency_ms" : {
        "2" : 0.000000,
        "4" : 0.000000,
        "10" : 0.000000,
        "20" : 0.000000,
        "50" : 0.000000,
        "100" : 0.000000,
        "250" : 0.000000,
        "500" : 0.000000,
        "750" : 0.000000,
        "1000" : 0.000000,
        "2000" : 0.000000,
        ">=2000" : 0.000000
      },
      "latency_depth" : 1,
      "latency_target" : 0,
      "latency_percentile" : 100.000000,
      "latency_window" : 0
    }
  ],
  "disk_util" : [
    {
      "name" : "sdb",
      "read_ios" : 59,
      "write_ios" : 449474,
      "read_sectors" : 4168,
      "write_sectors" : 219616720,
      "read_merges" : 0,
      "write_merges" : 27007891,
      "read_ticks" : 21,
      "write_ticks" : 8216535,
      "in_queue" : 8216556,
      "util" : 36.070759
    }
  ]
}
