{
  "fio version" : "fio-3.36",
  "timestamp" : 1733277771,
  "timestamp_ms" : 1733277771435,
  "time" : "Wed Dec  4 02:02:51 2024",
  "jobs" : [
    {
      "jobname" : "write_direct0_fsync0_threads_16_6a8a",
      "groupid" : 0,
      "job_start" : 1733277699555,
      "error" : 0,
      "eta" : 0,
      "elapsed" : 102,
      "job options" : {
        "name" : "write_direct0_fsync0_threads_16_6a8a",
        "rw" : "write",
        "direct" : "0",
        "filename" : "/dev/sdb1",
        "numjobs" : "16",
        "fsync" : "0",
        "bs" : "4k",
        "ramp_time" : "30",
        "runtime" : "60",
        "iodepth" : "1",
        "end_fsync" : "1"
      },
      "read" : {
        "io_bytes" : 0,
        "io_kbytes" : 0,
        "bw_bytes" : 0,
        "bw" : 0,
        "iops" : 0.000000,
        "runtime" : 0,
        "total_ios" : 0,
        "short_ios" : 0,
        "drop_ios" : 0,
        "slat_ns" : {
          "min" : 0,
          "max" : 0,
          "mean" : 0.000000,
          "stddev" : 0.000000,
          "N" : 0
        },
        "clat_ns" : {
          "min" : 0,
          "max" : 0,
          "mean" : 0.000000,
          "stddev" : 0.000000,
          "N" : 0
        },
        "lat_ns" : {
          "min" : 0,
          "max" : 0,
          "mean" : 0.000000,
          "stddev" : 0.000000,
          "N" : 0
        },
        "bw_min" : 0,
        "bw_max" : 0,
        "bw_agg" : 0.000000,
        "bw_mean" : 0.000000,
        "bw_dev" : 0.000000,
        "bw_samples" : 0,
        "iops_min" : 0,
        "iops_max" : 0,
        "iops_mean" : 0.000000,
        "iops_stddev" : 0.000000,
        "iops_samples" : 0
      },
      "write" : {
        "io_bytes" : 526306557952,
        "io_kbytes" : 513971248,
        "bw_bytes" : 8255659643,
        "bw" : 8062167,
        "iops" : 2015541.905225,
        "runtime" : 63751,
        "total_ios" : 128492812,
        "short_ios" : 0,
        "drop_ios" : 0,
        "slat_ns" : {
          "min" : 0,
          "max" : 0,
          "mean" : 0.000000,
          "stddev" : 0.000000,
          "N" : 0
        },
        "clat_ns" : {
          "min" : 1100,
          "max" : 20290913,
          "mean" : 6879.009274,
          "stddev" : 16774.701232,
          "N" : 128492812,
          "percentile" : {
            "1.000000" : 1208,
            "5.000000" : 1400,
            "10.000000" : 1496,
            "20.000000" : 1608,
            "30.000000" : 1608,
            "40.000000" : 1704,
            "50.000000" : 1800,
            "60.000000" : 2288,
            "70.000000" : 3408,
            "80.000000" : 4832,
            "90.000000" : 13632,
            "95.000000" : 40704,
            "99.000000" : 71168,
            "99.500000" : 86528,
            "99.900000" : 140288,
            "99.950000" : 187392,
            "99.990000" : 370688
          }
        },
        "lat_ns" : {
          "min" : 1100,
          "max" : 20291113,
          "mean" : 6981.217073,
          "stddev" : 16810.491549,
          "N" : 128492812
        },
        "bw_min" : 6630342,
        "bw_max" : 8866072,
        "bw_agg" : 100.000000,
        "bw_mean" : 8573454.705882,
        "bw_dev" : 18063.648237,
        "bw_samples" : 1904,
        "iops_min" : 1657585,
        "iops_max" : 2216518,
        "iops_mean" : 2143361.336134,
        "iops_stddev" : 4515.895657,
        "iops_samples" : 1904
      },
      "trim" : {
        "io_bytes" : 0,
        "io_kbytes" : 0,
        "bw_bytes" : 0,
        "bw" : 0,
        "iops" : 0.000000,
        "runtime" : 0,
        "total_ios" : 0,
        "short_ios" : 0,
        "drop_ios" : 0,
        "slat_ns" : {
          "min" : 0,
          "max" : 0,
          "mean" : 0.000000,
          "stddev" : 0.000000,
          "N" : 0
        },
        "clat_ns" : {
          "min" : 0,
          "max" : 0,
          "mean" : 0.000000,
          "stddev" : 0.000000,
          "N" : 0
        },
        "lat_ns" : {
          "min" : 0,
          "max" : 0,
          "mean" : 0.000000,
          "stddev" : 0.000000,
          "N" : 0
        },
        "bw_min" : 0,
        "bw_max" : 0,
        "bw_agg" : 0.000000,
        "bw_mean" : 0.000000,
        "bw_dev" : 0.000000,
        "bw_samples" : 0,
        "iops_min" : 0,
        "iops_max" : 0,
        "iops_mean" : 0.000000,
        "iops_stddev" : 0.000000,
        "iops_samples" : 0
      },
      "sync" : {
        "total_ios" : 0,
        "lat_ns" : {
          "min" : 0,
          "max" : 0,
          "mean" : 0.000000,
          "stddev" : 0.000000,
          "N" : 0
        }
      },
      "job_runtime" : 1019970,
      "usr_cpu" : 12.829887,
      "sys_cpu" : 50.758846,
      "ctx" : 12487953,
      "majf" : 0,
      "minf" : 583,
      "iodepth_level" : {
        "1" : 100.000000,
        "2" : 0.000000,
        "4" : 0.000000,
        "8" : 0.000000,
        "16" : 0.000000,
        "32" : 0.000000,
        ">=64" : 0.000000
      },
      "iodepth_submit" : {
        "0" : 0.000000,
        "4" : 100.000000,
        "8" : 0.000000,
        "16" : 0.000000,
        "32" : 0.000000,
        "64" : 0.000000,
        ">=64" : 0.000000
      },
      "iodepth_complete" : {
        "0" : 0.000000,
        "4" : 100.000000,
        "8" : 0.000000,
        "16" : 0.000000,
        "32" : 0.000000,
        "64" : 0.000000,
        ">=64" : 0.000000
      },
      "latency_ns" : {
        "2" : 0.000000,
        "4" : 0.000000,
        "10" : 0.000000,
        "20" : 0.000000,
        "50" : 0.000000,
        "100" : 0.000000,
        "250" : 0.000000,
        "500" : 0.000000,
        "750" : 0.000000,
        "1000" : 0.000000
      },
      "latency_us" : {
        "2" : 54.335801,
        "4" : 21.860382,
        "10" : 12.082849,
        "20" : 3.569567,
        "50" : 4.879394,
        "100" : 2.975537,
        "250" : 0.271092,
        "500" : 0.021006,
        "750" : 0.010000,
        "1000" : 0.010000
      },
      "latency_ms" : {
        "2" : 0.010000,
        "4" : 0.010000,
        "10" : 0.010000,
        "20" : 0.000000,
        "50" : 0.010000,
        "100" : 0.000000,
        "250" : 0.000000,
        "500" : 0.000000,
        "750" : 0.000000,
        "1000" : 0.000000,
        "2000" : 0.000000,
        ">=2000" : 0.000000
      },
      "latency_depth" : 1,
      "latency_target" : 0,
      "latency_percentile" : 100.000000,
      "latency_window" : 0
    }
  ],
  "disk_util" : [
    {
      "name" : "sdb",
      "read_ios" : 118,
      "write_ios" : 418809,
      "read_sectors" : 8336,
      "write_sectors" : 97227896,
      "read_merges" : 0,
      "write_merges" : 11734678,
      "read_ticks" : 32,
      "write_ticks" : 340194,
      "in_queue" : 340225,
      "util" : 17.780361
    }
  ]
}
