{
  "fio version" : "fio-3.36",
  "timestamp" : 1733279579,
  "timestamp_ms" : 1733279579147,
  "time" : "Wed Dec  4 02:32:59 2024",
  "jobs" : [
    {
      "jobname" : "randwrite_direct0_fsync0_threads_4_622d",
      "groupid" : 0,
      "job_start" : 1733279472625,
      "error" : 0,
      "eta" : 0,
      "elapsed" : 137,
      "job options" : {
        "name" : "randwrite_direct0_fsync0_threads_4_622d",
        "rw" : "randwrite",
        "direct" : "0",
        "filename" : "/dev/sdb1",
        "numjobs" : "4",
        "fsync" : "0",
        "bs" : "4k",
        "ramp_time" : "30",
        "runtime" : "60",
        "iodepth" : "1",
        "end_fsync" : "1"
      },
      "read" : {
        "io_bytes" : 0,
        "io_kbytes" : 0,
        "bw_bytes" : 0,
        "bw" : 0,
        "iops" : 0.000000,
        "runtime" : 0,
        "total_ios" : 0,
        "short_ios" : 0,
        "drop_ios" : 0,
        "slat_ns" : {
          "min" : 0,
          "max" : 0,
          "mean" : 0.000000,
          "stddev" : 0.000000,
          "N" : 0
        },
        "clat_ns" : {
          "min" : 0,
          "max" : 0,
          "mean" : 0.000000,
          "stddev" : 0.000000,
          "N" : 0
        },
        "lat_ns" : {
          "min" : 0,
          "max" : 0,
          "mean" : 0.000000,
          "stddev" : 0.000000,
          "N" : 0
        },
        "bw_min" : 0,
        "bw_max" : 0,
        "bw_agg" : 0.000000,
        "bw_mean" : 0.000000,
        "bw_dev" : 0.000000,
        "bw_samples" : 0,
        "iops_min" : 0,
        "iops_max" : 0,
        "iops_mean" : 0.000000,
        "iops_stddev" : 0.000000,
        "iops_samples" : 0
      },
      "write" : {
        "io_bytes" : 13039222784,
        "io_kbytes" : 12733616,
        "bw_bytes" : 138007480,
        "bw" : 134772,
        "iops" : 33693.232573,
        "runtime" : 94482,
        "total_ios" : 3183404,
        "short_ios" : 0,
        "drop_ios" : 0,
        "slat_ns" : {
          "min" : 0,
          "max" : 0,
          "mean" : 0.000000,
          "stddev" : 0.000000,
          "N" : 0
        },
        "clat_ns" : {
          "min" : 1400,
          "max" : 33099391,
          "mean" : 74922.696483,
          "stddev" : 1449305.366599,
          "N" : 3183404,
          "percentile" : {
            "1.000000" : 2608,
            "5.000000" : 2992,
            "10.000000" : 3088,
            "20.000000" : 3216,
            "30.000000" : 3216,
            "40.000000" : 3312,
            "50.000000" : 3504,
            "60.000000" : 3696,
            "70.000000" : 3888,
            "80.000000" : 4016,
            "90.000000" : 4832,
            "95.000000" : 5792,
            "99.000000" : 17536,
            "99.500000" : 35584,
            "99.900000" : 30277632,
            "99.950000" : 31064064,
            "99.990000" : 32112640
          }
        },
        "lat_ns" : {
          "min" : 1500,
          "max" : 33099491,
          "mean" : 74980.045337,
          "stddev" : 1449305.041313,
          "N" : 3183404
        },
        "bw_min" : 182472,
        "bw_max" : 250768,
        "bw_agg" : 100.000000,
        "bw_mean" : 212313.605042,
        "bw_dev" : 3195.017705,
        "bw_samples" : 476,
        "iops_min" : 45618,
        "iops_max" : 62692,
        "iops_mean" : 53078.184874,
        "iops_stddev" : 798.754253,
        "iops_samples" : 476
      },
      "trim" : {
        "io_bytes" : 0,
        "io_kbytes" : 0,
        "bw_bytes" : 0,
        "bw" : 0,
        "iops" : 0.000000,
        "runtime" : 0,
        "total_ios" : 0,
        "short_ios" : 0,
        "drop_ios" : 0,
        "slat_ns" : {
          "min" : 0,
          "max" : 0,
          "mean" : 0.000000,
          "stddev" : 0.000000,
          "N" : 0
        },
        "clat_ns" : {
          "min" : 0,
          "max" : 0,
          "mean" : 0.000000,
          "stddev" : 0.000000,
          "N" : 0
        },
        "lat_ns" : {
          "min" : 0,
          "max" : 0,
          "mean" : 0.000000,
          "stddev" : 0.000000,
          "N" : 0
        },
        "bw_min" : 0,
        "bw_max" : 0,
        "bw_agg" : 0.000000,
        "bw_mean" : 0.000000,
        "bw_dev" : 0.000000,
        "bw_samples" : 0,
        "iops_min" : 0,
        "iops_max" : 0,
        "iops_mean" : 0.000000,
        "iops_stddev" : 0.000000,
        "iops_samples" : 0
      },
      "sync" : {
        "total_ios" : 0,
        "lat_ns" : {
          "min" : 0,
          "max" : 0,
          "mean" : 0.000000,
          "stddev" : 0.000000,
          "N" : 0
        }
      },
      "job_runtime" : 377890,
      "usr_cpu" : 0.586414,
      "sys_cpu" : 9.743576,
      "ctx" : 581886,
      "majf" : 0,
      "minf" : 150,
      "iodepth_level" : {
        "1" : 100.000000,
        "2" : 0.000000,
        "4" : 0.000000,
        "8" : 0.000000,
        "16" : 0.000000,
        "32" : 0.000000,
        ">=64" : 0.000000
      },
      "iodepth_submit" : {
        "0" : 0.000000,
        "4" : 100.000000,
        "8" : 0.000000,
        "16" : 0.000000,
        "32" : 0.000000,
        "64" : 0.000000,
        ">=64" : 0.000000
      },
      "iodepth_complete" : {
        "0" : 0.000000,
        "4" : 100.000000,
        "8" : 0.000000,
        "16" : 0.000000,
        "32" : 0.000000,
        "64" : 0.000000,
        ">=64" : 0.000000
      },
      "latency_ns" : {
        "2" : 0.000000,
        "4" : 0.000000,
        "10" : 0.000000,
        "20" : 0.000000,
        "50" : 0.000000,
        "100" : 0.000000,
        "250" : 0.000000,
        "500" : 0.000000,
        "750" : 0.000000,
        "1000" : 0.000000
      },
      "latency_us" : {
        "2" : 0.010000,
        "4" : 75.551454,
        "10" : 22.353273,
        "20" : 1.405854,
        "50" : 0.338191,
        "100" : 0.104479,
        "250" : 0.010000,
        "500" : 0.010000,
        "750" : 0.000000,
        "1000" : 0.000000
      },
      "latency_ms" : {
        "2" : 0.000000,
        "4" : 0.000000,
        "10" : 0.000000,
        "20" : 0.000000,
        "50" : 0.239869,
        "100" : 0.000000,
        "250" : 0.000000,
        "500" : 0.000000,
        "750" : 0.000000,
        "1000" : 0.000000,
        "2000" : 0.000000,
        ">=2000" : 0.000000
      },
      "latency_depth" : 1,
      "latency_target" : 0,
      "latency_percentile" : 100.000000,
      "latency_window" : 0
    }
  ],
  "disk_util" : [
    {
      "name" : "sdb",
      "read_ios" : 59,
      "write_ios" : 7476822,
      "read_sectors" : 4168,
      "write_sectors" : 61763048,
      "read_merges" : 0,
      "write_merges" : 243560,
      "read_ticks" : 17,
      "write_ticks" : 70716804,
      "in_queue" : 70716821,
      "util" : 88.524577
    }
  ]
}
