{
  "fio version" : "fio-3.36",
  "timestamp" : 1733280192,
  "timestamp_ms" : 1733280192655,
  "time" : "Wed Dec  4 02:43:12 2024",
  "jobs" : [
    {
      "jobname" : "randwrite_direct0_fsync1_threads_1_1b1f",
      "groupid" : 0,
      "job_start" : 1733280131636,
      "error" : 0,
      "eta" : 0,
      "elapsed" : 92,
      "job options" : {
        "name" : "randwrite_direct0_fsync1_threads_1_1b1f",
        "rw" : "randwrite",
        "direct" : "0",
        "filename" : "/dev/sdb1",
        "numjobs" : "1",
        "fsync" : "1",
        "bs" : "4k",
        "ramp_time" : "30",
        "runtime" : "60",
        "iodepth" : "1",
        "end_fsync" : "1"
      },
      "read" : {
        "io_bytes" : 0,
        "io_kbytes" : 0,
        "bw_bytes" : 0,
        "bw" : 0,
        "iops" : 0.000000,
        "runtime" : 0,
        "total_ios" : 0,
        "short_ios" : 0,
        "drop_ios" : 0,
        "slat_ns" : {
          "min" : 0,
          "max" : 0,
          "mean" : 0.000000,
          "stddev" : 0.000000,
          "N" : 0
        },
        "clat_ns" : {
          "min" : 0,
          "max" : 0,
          "mean" : 0.000000,
          "stddev" : 0.000000,
          "N" : 0
        },
        "lat_ns" : {
          "min" : 0,
          "max" : 0,
          "mean" : 0.000000,
          "stddev" : 0.000000,
          "N" : 0
        },
        "bw_min" : 0,
        "bw_max" : 0,
        "bw_agg" : 0.000000,
        "bw_mean" : 0.000000,
        "bw_dev" : 0.000000,
        "bw_samples" : 0,
        "iops_min" : 0,
        "iops_max" : 0,
        "iops_mean" : 0.000000,
        "iops_stddev" : 0.000000,
        "iops_samples" : 0
      },
      "write" : {
        "io_bytes" : 1181192192,
        "io_kbytes" : 1153508,
        "bw_bytes" : 19686208,
        "bw" : 19224,
        "iops" : 4806.203230,
        "runtime" : 60001,
        "total_ios" : 288377,
        "short_ios" : 0,
        "drop_ios" : 0,
        "slat_ns" : {
          "min" : 0,
          "max" : 0,
          "mean" : 0.000000,
          "stddev" : 0.000000,
          "N" : 0
        },
        "clat_ns" : {
          "min" : 3700,
          "max" : 166901,
          "mean" : 5342.635557,
          "stddev" : 3641.713598,
          "N" : 288377,
          "percentile" : {
            "1.000000" : 4192,
            "5.000000" : 4320,
            "10.000000" : 4384,
            "20.000000" : 4512,
            "30.000000" : 4576,
            "40.000000" : 4576,
            "50.000000" : 4832,
            "60.000000" : 5024,
            "70.000000" : 5216,
            "80.000000" : 5472,
            "90.000000" : 5920,
            "95.000000" : 7328,
            "99.000000" : 11712,
            "99.500000" : 39680,
            "99.900000" : 51456,
            "99.950000" : 65280,
            "99.990000" : 102912
          }
        },
        "lat_ns" : {
          "min" : 3800,
          "max" : 167001,
          "mean" : 5456.099925,
          "stddev" : 3668.465610,
          "N" : 288377
        },
        "bw_min" : 12744,
        "bw_max" : 31800,
        "bw_agg" : 100.000000,
        "bw_mean" : 19236.133333,
        "bw_dev" : 4521.033386,
        "bw_samples" : 120,
        "iops_min" : 3186,
        "iops_max" : 7950,
        "iops_mean" : 4808.900000,
        "iops_stddev" : 1130.254537,
        "iops_samples" : 120
      },
      "trim" : {
        "io_bytes" : 0,
        "io_kbytes" : 0,
        "bw_bytes" : 0,
        "bw" : 0,
        "iops" : 0.000000,
        "runtime" : 0,
        "total_ios" : 0,
        "short_ios" : 0,
        "drop_ios" : 0,
        "slat_ns" : {
          "min" : 0,
          "max" : 0,
          "mean" : 0.000000,
          "stddev" : 0.000000,
          "N" : 0
        },
        "clat_ns" : {
          "min" : 0,
          "max" : 0,
          "mean" : 0.000000,
          "stddev" : 0.000000,
          "N" : 0
        },
        "lat_ns" : {
          "min" : 0,
          "max" : 0,
          "mean" : 0.000000,
          "stddev" : 0.000000,
          "N" : 0
        },
        "bw_min" : 0,
        "bw_max" : 0,
        "bw_agg" : 0.000000,
        "bw_mean" : 0.000000,
        "bw_dev" : 0.000000,
        "bw_samples" : 0,
        "iops_min" : 0,
        "iops_max" : 0,
        "iops_mean" : 0.000000,
        "iops_stddev" : 0.000000,
        "iops_samples" : 0
      },
      "sync" : {
        "total_ios" : 288377,
        "lat_ns" : {
          "min" : 69100,
          "max" : 17552719,
          "mean" : 201444.544433,
          "stddev" : 242269.495951,
          "N" : 288377,
          "percentile" : {
            "1.000000" : 89600,
            "5.000000" : 98816,
            "10.000000" : 103936,
            "20.000000" : 111104,
            "30.000000" : 116224,
            "40.000000" : 122368,
            "50.000000" : 130560,
            "60.000000" : 144384,
            "70.000000" : 166912,
            "80.000000" : 214016,
            "90.000000" : 342016,
            "95.000000" : 552960,
            "99.000000" : 1236992,
            "99.500000" : 1564672,
            "99.900000" : 2506752,
            "99.950000" : 3162112,
            "99.990000" : 5079040
          }
        }
      },
      "job_runtime" : 60000,
      "usr_cpu" : 2.450000,
      "sys_cpu" : 14.735000,
      "ctx" : 288377,
      "majf" : 0,
      "minf" : 36,
      "iodepth_level" : {
        "1" : 200.000000,
        "2" : 0.000000,
        "4" : 0.000000,
        "8" : 0.000000,
        "16" : 0.000000,
        "32" : 0.000000,
        ">=64" : 0.000000
      },
      "iodepth_submit" : {
        "0" : 0.000000,
        "4" : 100.000000,
        "8" : 0.000000,
        "16" : 0.000000,
        "32" : 0.000000,
        "64" : 0.000000,
        ">=64" : 0.000000
      },
      "iodepth_complete" : {
        "0" : 0.000000,
        "4" : 100.000000,
        "8" : 0.000000,
        "16" : 0.000000,
        "32" : 0.000000,
        "64" : 0.000000,
        ">=64" : 0.000000
      },
      "latency_ns" : {
        "2" : 0.000000,
        "4" : 0.000000,
        "10" : 0.000000,
        "20" : 0.000000,
        "50" : 0.000000,
        "100" : 0.000000,
        "250" : 0.000000,
        "500" : 0.000000,
        "750" : 0.000000,
        "1000" : 0.000000
      },
      "latency_us" : {
        "2" : 0.000000,
        "4" : 0.023927,
        "10" : 98.706901,
        "20" : 0.695270,
        "50" : 0.436581,
        "100" : 0.126570,
        "250" : 0.010750,
        "500" : 0.000000,
        "750" : 0.000000,
        "1000" : 0.000000
      },
      "latency_ms" : {
        "2" : 0.000000,
        "4" : 0.000000,
        "10" : 0.000000,
        "20" : 0.000000,
        "50" : 0.000000,
        "100" : 0.000000,
        "250" : 0.000000,
        "500" : 0.000000,
        "750" : 0.000000,
        "1000" : 0.000000,
        "2000" : 0.000000,
        ">=2000" : 0.000000
      },
      "latency_depth" : 1,
      "latency_target" : 0,
      "latency_percentile" : 100.000000,
      "latency_window" : 0
    }
  ],
  "disk_util" : [
    {
      "name" : "sdb",
      "read_ios" : 59,
      "write_ios" : 426126,
      "read_sectors" : 4168,
      "write_sectors" : 3409008,
      "read_merges" : 0,
      "write_merges" : 0,
      "read_ticks" : 29,
      "write_ticks" : 75253,
      "in_queue" : 75283,
      "util" : 75.622973
    }
  ]
}
