{
  "fio version" : "fio-3.36",
  "timestamp" : 1733171997,
  "timestamp_ms" : 1733171997629,
  "time" : "Mon Dec  2 20:39:57 2024",
  "jobs" : [
    {
      "jobname" : "seq_write_direct0_fsync0",
      "groupid" : 0,
      "job_start" : 1733171952284,
      "error" : 0,
      "eta" : 0,
      "elapsed" : 106,
      "job options" : {
        "name" : "seq_write_direct0_fsync0",
        "rw" : "write",
        "direct" : "0",
        "bs" : "4k",
        "runtime" : "30",
        "ramp_time" : "60",
        "filename" : "/dev/sdb1",
        "iodepth" : "1",
        "numjobs" : "1"
      },
      "read" : {
        "io_bytes" : 0,
        "io_kbytes" : 0,
        "bw_bytes" : 0,
        "bw" : 0,
        "iops" : 0.000000,
        "runtime" : 0,
        "total_ios" : 0,
        "short_ios" : 0,
        "drop_ios" : 0,
        "slat_ns" : {
          "min" : 0,
          "max" : 0,
          "mean" : 0.000000,
          "stddev" : 0.000000,
          "N" : 0
        },
        "clat_ns" : {
          "min" : 0,
          "max" : 0,
          "mean" : 0.000000,
          "stddev" : 0.000000,
          "N" : 0
        },
        "lat_ns" : {
          "min" : 0,
          "max" : 0,
          "mean" : 0.000000,
          "stddev" : 0.000000,
          "N" : 0
        },
        "bw_min" : 0,
        "bw_max" : 0,
        "bw_agg" : 0.000000,
        "bw_mean" : 0.000000,
        "bw_dev" : 0.000000,
        "bw_samples" : 0,
        "iops_min" : 0,
        "iops_max" : 0,
        "iops_mean" : 0.000000,
        "iops_stddev" : 0.000000,
        "iops_samples" : 0
      },
      "write" : {
        "io_bytes" : 35909615616,
        "io_kbytes" : 35067984,
        "bw_bytes" : 1196947288,
        "bw" : 1168893,
        "iops" : 292223.459218,
        "runtime" : 30001,
        "total_ios" : 8766996,
        "short_ios" : 0,
        "drop_ios" : 0,
        "slat_ns" : {
          "min" : 0,
          "max" : 0,
          "mean" : 0.000000,
          "stddev" : 0.000000,
          "N" : 0
        },
        "clat_ns" : {
          "min" : 2500,
          "max" : 4097338,
          "mean" : 3163.123146,
          "stddev" : 2411.723490,
          "N" : 8766996,
          "percentile" : {
            "1.000000" : 2608,
            "5.000000" : 2608,
            "10.000000" : 2608,
            "20.000000" : 2704,
            "30.000000" : 2704,
            "40.000000" : 2704,
            "50.000000" : 2800,
            "60.000000" : 2896,
            "70.000000" : 2992,
            "80.000000" : 3216,
            "90.000000" : 4128,
            "95.000000" : 4512,
            "99.000000" : 6176,
            "99.500000" : 8896,
            "99.900000" : 34560,
            "99.950000" : 40192,
            "99.990000" : 51456
          }
        },
        "lat_ns" : {
          "min" : 2500,
          "max" : 4097338,
          "mean" : 3212.101854,
          "stddev" : 2422.282889,
          "N" : 8766996
        },
        "bw_min" : 1066816,
        "bw_max" : 1237322,
        "bw_agg" : 100.000000,
        "bw_mean" : 1169897.916667,
        "bw_dev" : 47491.001104,
        "bw_samples" : 60,
        "iops_min" : 266704,
        "iops_max" : 309330,
        "iops_mean" : 292474.433333,
        "iops_stddev" : 11872.595954,
        "iops_samples" : 60
      },
      "trim" : {
        "io_bytes" : 0,
        "io_kbytes" : 0,
        "bw_bytes" : 0,
        "bw" : 0,
        "iops" : 0.000000,
        "runtime" : 0,
        "total_ios" : 0,
        "short_ios" : 0,
        "drop_ios" : 0,
        "slat_ns" : {
          "min" : 0,
          "max" : 0,
          "mean" : 0.000000,
          "stddev" : 0.000000,
          "N" : 0
        },
        "clat_ns" : {
          "min" : 0,
          "max" : 0,
          "mean" : 0.000000,
          "stddev" : 0.000000,
          "N" : 0
        },
        "lat_ns" : {
          "min" : 0,
          "max" : 0,
          "mean" : 0.000000,
          "stddev" : 0.000000,
          "N" : 0
        },
        "bw_min" : 0,
        "bw_max" : 0,
        "bw_agg" : 0.000000,
        "bw_mean" : 0.000000,
        "bw_dev" : 0.000000,
        "bw_samples" : 0,
        "iops_min" : 0,
        "iops_max" : 0,
        "iops_mean" : 0.000000,
        "iops_stddev" : 0.000000,
        "iops_samples" : 0
      },
      "sync" : {
        "total_ios" : 0,
        "lat_ns" : {
          "min" : 0,
          "max" : 0,
          "mean" : 0.000000,
          "stddev" : 0.000000,
          "N" : 0
        }
      },
      "job_runtime" : 30000,
      "usr_cpu" : 12.953333,
      "sys_cpu" : 87.033333,
      "ctx" : 72,
      "majf" : 0,
      "minf" : 36,
      "iodepth_level" : {
        "1" : 100.000000,
        "2" : 0.000000,
        "4" : 0.000000,
        "8" : 0.000000,
        "16" : 0.000000,
        "32" : 0.000000,
        ">=64" : 0.000000
      },
      "iodepth_submit" : {
        "0" : 0.000000,
        "4" : 100.000000,
        "8" : 0.000000,
        "16" : 0.000000,
        "32" : 0.000000,
        "64" : 0.000000,
        ">=64" : 0.000000
      },
      "iodepth_complete" : {
        "0" : 0.000000,
        "4" : 100.000000,
        "8" : 0.000000,
        "16" : 0.000000,
        "32" : 0.000000,
        "64" : 0.000000,
        ">=64" : 0.000000
      },
      "latency_ns" : {
        "2" : 0.000000,
        "4" : 0.000000,
        "10" : 0.000000,
        "20" : 0.000000,
        "50" : 0.000000,
        "100" : 0.000000,
        "250" : 0.000000,
        "500" : 0.000000,
        "750" : 0.000000,
        "1000" : 0.000000
      },
      "latency_us" : {
        "2" : 0.000000,
        "4" : 89.164658,
        "10" : 10.391404,
        "20" : 0.078727,
        "50" : 0.352584,
        "100" : 0.012353,
        "250" : 0.010000,
        "500" : 0.010000,
        "750" : 0.000000,
        "1000" : 0.000000
      },
      "latency_ms" : {
        "2" : 0.000000,
        "4" : 0.000000,
        "10" : 0.010000,
        "20" : 0.000000,
        "50" : 0.000000,
        "100" : 0.000000,
        "250" : 0.000000,
        "500" : 0.000000,
        "750" : 0.000000,
        "1000" : 0.000000,
        "2000" : 0.000000,
        ">=2000" : 0.000000
      },
      "latency_depth" : 1,
      "latency_target" : 0,
      "latency_percentile" : 100.000000,
      "latency_window" : 0
    }
  ],
  "disk_util" : [
    {
      "name" : "sdb",
      "read_ios" : 59,
      "write_ios" : 407784,
      "read_sectors" : 4168,
      "write_sectors" : 205509568,
      "read_merges" : 0,
      "write_merges" : 25294129,
      "read_ticks" : 10,
      "write_ticks" : 8210712,
      "in_queue" : 8210722,
      "util" : 34.806225
    }
  ]
}
