{
  "fio version" : "fio-3.36",
  "timestamp" : 1733282481,
  "timestamp_ms" : 1733282481645,
  "time" : "Wed Dec  4 03:21:21 2024",
  "jobs" : [
    {
      "jobname" : "randread_direct1_fsync0_threads_8_42ce",
      "groupid" : 0,
      "job_start" : 1733282421625,
      "error" : 0,
      "eta" : 0,
      "elapsed" : 91,
      "job options" : {
        "name" : "randread_direct1_fsync0_threads_8_42ce",
        "rw" : "randread",
        "direct" : "1",
        "filename" : "/dev/sdb1",
        "numjobs" : "8",
        "fsync" : "0",
        "bs" : "4k",
        "ramp_time" : "30",
        "runtime" : "60",
        "iodepth" : "1",
        "end_fsync" : "1"
      },
      "read" : {
        "io_bytes" : 9625468928,
        "io_kbytes" : 9399872,
        "bw_bytes" : 160421808,
        "bw" : 156661,
        "iops" : 39165.480575,
        "runtime" : 60001,
        "total_ios" : 2349968,
        "short_ios" : 0,
        "drop_ios" : 0,
        "slat_ns" : {
          "min" : 0,
          "max" : 0,
          "mean" : 0.000000,
          "stddev" : 0.000000,
          "N" : 0
        },
        "clat_ns" : {
          "min" : 111501,
          "max" : 117484010,
          "mean" : 203313.823507,
          "stddev" : 579577.958574,
          "N" : 2349968,
          "percentile" : {
            "1.000000" : 140288,
            "5.000000" : 148480,
            "10.000000" : 154624,
            "20.000000" : 162816,
            "30.000000" : 166912,
            "40.000000" : 173056,
            "50.000000" : 179200,
            "60.000000" : 183296,
            "70.000000" : 191488,
            "80.000000" : 201728,
            "90.000000" : 218112,
            "95.000000" : 238592,
            "99.000000" : 411648,
            "99.500000" : 962560,
            "99.900000" : 4046848,
            "99.950000" : 7897088,
            "99.990000" : 27394048
          }
        },
        "lat_ns" : {
          "min" : 111501,
          "max" : 117484210,
          "mean" : 203387.375053,
          "stddev" : 579581.290131,
          "N" : 2349968
        },
        "bw_min" : 73872,
        "bw_max" : 180969,
        "bw_agg" : 100.000000,
        "bw_mean" : 156824.537815,
        "bw_dev" : 1900.261725,
        "bw_samples" : 952,
        "iops_min" : 18467,
        "iops_max" : 45242,
        "iops_mean" : 39205.394958,
        "iops_stddev" : 475.062193,
        "iops_samples" : 952
      },
      "write" : {
        "io_bytes" : 0,
        "io_kbytes" : 0,
        "bw_bytes" : 0,
        "bw" : 0,
        "iops" : 0.000000,
        "runtime" : 0,
        "total_ios" : 0,
        "short_ios" : 0,
        "drop_ios" : 0,
        "slat_ns" : {
          "min" : 0,
          "max" : 0,
          "mean" : 0.000000,
          "stddev" : 0.000000,
          "N" : 0
        },
        "clat_ns" : {
          "min" : 0,
          "max" : 0,
          "mean" : 0.000000,
          "stddev" : 0.000000,
          "N" : 0
        },
        "lat_ns" : {
          "min" : 0,
          "max" : 0,
          "mean" : 0.000000,
          "stddev" : 0.000000,
          "N" : 0
        },
        "bw_min" : 0,
        "bw_max" : 0,
        "bw_agg" : 0.000000,
        "bw_mean" : 0.000000,
        "bw_dev" : 0.000000,
        "bw_samples" : 0,
        "iops_min" : 0,
        "iops_max" : 0,
        "iops_mean" : 0.000000,
        "iops_stddev" : 0.000000,
        "iops_samples" : 0
      },
      "trim" : {
        "io_bytes" : 0,
        "io_kbytes" : 0,
        "bw_bytes" : 0,
        "bw" : 0,
        "iops" : 0.000000,
        "runtime" : 0,
        "total_ios" : 0,
        "short_ios" : 0,
        "drop_ios" : 0,
        "slat_ns" : {
          "min" : 0,
          "max" : 0,
          "mean" : 0.000000,
          "stddev" : 0.000000,
          "N" : 0
        },
        "clat_ns" : {
          "min" : 0,
          "max" : 0,
          "mean" : 0.000000,
          "stddev" : 0.000000,
          "N" : 0
        },
        "lat_ns" : {
          "min" : 0,
          "max" : 0,
          "mean" : 0.000000,
          "stddev" : 0.000000,
          "N" : 0
        },
        "bw_min" : 0,
        "bw_max" : 0,
        "bw_agg" : 0.000000,
        "bw_mean" : 0.000000,
        "bw_dev" : 0.000000,
        "bw_samples" : 0,
        "iops_min" : 0,
        "iops_max" : 0,
        "iops_mean" : 0.000000,
        "iops_stddev" : 0.000000,
        "iops_samples" : 0
      },
      "sync" : {
        "total_ios" : 0,
        "lat_ns" : {
          "min" : 0,
          "max" : 0,
          "mean" : 0.000000,
          "stddev" : 0.000000,
          "N" : 0
        }
      },
      "job_runtime" : 480000,
      "usr_cpu" : 2.342917,
      "sys_cpu" : 11.455833,
      "ctx" : 2349970,
      "majf" : 0,
      "minf" : 291,
      "iodepth_level" : {
        "1" : 100.000000,
        "2" : 0.000000,
        "4" : 0.000000,
        "8" : 0.000000,
        "16" : 0.000000,
        "32" : 0.000000,
        ">=64" : 0.000000
      },
      "iodepth_submit" : {
        "0" : 0.000000,
        "4" : 100.000000,
        "8" : 0.000000,
        "16" : 0.000000,
        "32" : 0.000000,
        "64" : 0.000000,
        ">=64" : 0.000000
      },
      "iodepth_complete" : {
        "0" : 0.000000,
        "4" : 100.000000,
        "8" : 0.000000,
        "16" : 0.000000,
        "32" : 0.000000,
        "64" : 0.000000,
        ">=64" : 0.000000
      },
      "latency_ns" : {
        "2" : 0.000000,
        "4" : 0.000000,
        "10" : 0.000000,
        "20" : 0.000000,
        "50" : 0.000000,
        "100" : 0.000000,
        "250" : 0.000000,
        "500" : 0.000000,
        "750" : 0.000000,
        "1000" : 0.000000
      },
      "latency_us" : {
        "2" : 0.000000,
        "4" : 0.000000,
        "10" : 0.000000,
        "20" : 0.000000,
        "50" : 0.000000,
        "100" : 0.000000,
        "250" : 96.319652,
        "500" : 2.862039,
        "750" : 0.219833,
        "1000" : 0.113150
      },
      "latency_ms" : {
        "2" : 0.295493,
        "4" : 0.088342,
        "10" : 0.061618,
        "20" : 0.025617,
        "50" : 0.011958,
        "100" : 0.010000,
        "250" : 0.010000,
        "500" : 0.000000,
        "750" : 0.000000,
        "1000" : 0.000000,
        "2000" : 0.000000,
        ">=2000" : 0.000000
      },
      "latency_depth" : 1,
      "latency_target" : 0,
      "latency_percentile" : 100.000000,
      "latency_window" : 0
    }
  ],
  "disk_util" : [
    {
      "name" : "sdb",
      "read_ios" : 3578248,
      "write_ios" : 0,
      "read_sectors" : 28625984,
      "write_sectors" : 0,
      "read_merges" : 0,
      "write_merges" : 0,
      "read_ticks" : 619307,
      "write_ticks" : 0,
      "in_queue" : 619307,
      "util" : 73.866741
    }
  ]
}
