{
  "fio version" : "fio-3.36",
  "timestamp" : 1733281556,
  "timestamp_ms" : 1733281556992,
  "time" : "Wed Dec  4 03:05:56 2024",
  "jobs" : [
    {
      "jobname" : "read_direct1_fsync0_threads_8_5855",
      "groupid" : 0,
      "job_start" : 1733281496973,
      "error" : 0,
      "eta" : 0,
      "elapsed" : 91,
      "job options" : {
        "name" : "read_direct1_fsync0_threads_8_5855",
        "rw" : "read",
        "direct" : "1",
        "filename" : "/dev/sdb1",
        "numjobs" : "8",
        "fsync" : "0",
        "bs" : "4k",
        "ramp_time" : "30",
        "runtime" : "60",
        "iodepth" : "1",
        "end_fsync" : "1"
      },
      "read" : {
        "io_bytes" : 9639342080,
        "io_kbytes" : 9413420,
        "bw_bytes" : 160653023,
        "bw" : 156887,
        "iops" : 39221.929635,
        "runtime" : 60001,
        "total_ios" : 2353355,
        "short_ios" : 0,
        "drop_ios" : 0,
        "slat_ns" : {
          "min" : 0,
          "max" : 0,
          "mean" : 0.000000,
          "stddev" : 0.000000,
          "N" : 0
        },
        "clat_ns" : {
          "min" : 110501,
          "max" : 64686557,
          "mean" : 203312.363813,
          "stddev" : 495043.490677,
          "N" : 2353355,
          "percentile" : {
            "1.000000" : 138240,
            "5.000000" : 148480,
            "10.000000" : 154624,
            "20.000000" : 160768,
            "30.000000" : 166912,
            "40.000000" : 173056,
            "50.000000" : 177152,
            "60.000000" : 183296,
            "70.000000" : 191488,
            "80.000000" : 201728,
            "90.000000" : 220160,
            "95.000000" : 242688,
            "99.000000" : 432128,
            "99.500000" : 929792,
            "99.900000" : 4292608,
            "99.950000" : 8716288,
            "99.990000" : 25296896
          }
        },
        "lat_ns" : {
          "min" : 110601,
          "max" : 64686557,
          "mean" : 203378.578108,
          "stddev" : 495044.076226,
          "N" : 2353355
        },
        "bw_min" : 75651,
        "bw_max" : 182961,
        "bw_agg" : 100.000000,
        "bw_mean" : 156992.191667,
        "bw_dev" : 2262.145535,
        "bw_samples" : 960,
        "iops_min" : 18912,
        "iops_max" : 45740,
        "iops_mean" : 39247.041667,
        "iops_stddev" : 565.523518,
        "iops_samples" : 960
      },
      "write" : {
        "io_bytes" : 0,
        "io_kbytes" : 0,
        "bw_bytes" : 0,
        "bw" : 0,
        "iops" : 0.000000,
        "runtime" : 0,
        "total_ios" : 0,
        "short_ios" : 0,
        "drop_ios" : 0,
        "slat_ns" : {
          "min" : 0,
          "max" : 0,
          "mean" : 0.000000,
          "stddev" : 0.000000,
          "N" : 0
        },
        "clat_ns" : {
          "min" : 0,
          "max" : 0,
          "mean" : 0.000000,
          "stddev" : 0.000000,
          "N" : 0
        },
        "lat_ns" : {
          "min" : 0,
          "max" : 0,
          "mean" : 0.000000,
          "stddev" : 0.000000,
          "N" : 0
        },
        "bw_min" : 0,
        "bw_max" : 0,
        "bw_agg" : 0.000000,
        "bw_mean" : 0.000000,
        "bw_dev" : 0.000000,
        "bw_samples" : 0,
        "iops_min" : 0,
        "iops_max" : 0,
        "iops_mean" : 0.000000,
        "iops_stddev" : 0.000000,
        "iops_samples" : 0
      },
      "trim" : {
        "io_bytes" : 0,
        "io_kbytes" : 0,
        "bw_bytes" : 0,
        "bw" : 0,
        "iops" : 0.000000,
        "runtime" : 0,
        "total_ios" : 0,
        "short_ios" : 0,
        "drop_ios" : 0,
        "slat_ns" : {
          "min" : 0,
          "max" : 0,
          "mean" : 0.000000,
          "stddev" : 0.000000,
          "N" : 0
        },
        "clat_ns" : {
          "min" : 0,
          "max" : 0,
          "mean" : 0.000000,
          "stddev" : 0.000000,
          "N" : 0
        },
        "lat_ns" : {
          "min" : 0,
          "max" : 0,
          "mean" : 0.000000,
          "stddev" : 0.000000,
          "N" : 0
        },
        "bw_min" : 0,
        "bw_max" : 0,
        "bw_agg" : 0.000000,
        "bw_mean" : 0.000000,
        "bw_dev" : 0.000000,
        "bw_samples" : 0,
        "iops_min" : 0,
        "iops_max" : 0,
        "iops_mean" : 0.000000,
        "iops_stddev" : 0.000000,
        "iops_samples" : 0
      },
      "sync" : {
        "total_ios" : 0,
        "lat_ns" : {
          "min" : 0,
          "max" : 0,
          "mean" : 0.000000,
          "stddev" : 0.000000,
          "N" : 0
        }
      },
      "job_runtime" : 480000,
      "usr_cpu" : 1.850625,
      "sys_cpu" : 11.309375,
      "ctx" : 2353374,
      "majf" : 0,
      "minf" : 291,
      "iodepth_level" : {
        "1" : 100.000000,
        "2" : 0.000000,
        "4" : 0.000000,
        "8" : 0.000000,
        "16" : 0.000000,
        "32" : 0.000000,
        ">=64" : 0.000000
      },
      "iodepth_submit" : {
        "0" : 0.000000,
        "4" : 100.000000,
        "8" : 0.000000,
        "16" : 0.000000,
        "32" : 0.000000,
        "64" : 0.000000,
        ">=64" : 0.000000
      },
      "iodepth_complete" : {
        "0" : 0.000000,
        "4" : 100.000000,
        "8" : 0.000000,
        "16" : 0.000000,
        "32" : 0.000000,
        "64" : 0.000000,
        ">=64" : 0.000000
      },
      "latency_ns" : {
        "2" : 0.000000,
        "4" : 0.000000,
        "10" : 0.000000,
        "20" : 0.000000,
        "50" : 0.000000,
        "100" : 0.000000,
        "250" : 0.000000,
        "500" : 0.000000,
        "750" : 0.000000,
        "1000" : 0.000000
      },
      "latency_us" : {
        "2" : 0.000000,
        "4" : 0.000000,
        "10" : 0.000000,
        "20" : 0.000000,
        "50" : 0.000000,
        "100" : 0.000000,
        "250" : 95.882517,
        "500" : 3.275324,
        "750" : 0.262774,
        "1000" : 0.103937
      },
      "latency_ms" : {
        "2" : 0.283128,
        "4" : 0.082903,
        "10" : 0.066501,
        "20" : 0.029107,
        "50" : 0.013300,
        "100" : 0.010000,
        "250" : 0.000000,
        "500" : 0.000000,
        "750" : 0.000000,
        "1000" : 0.000000,
        "2000" : 0.000000,
        ">=2000" : 0.000000
      },
      "latency_depth" : 1,
      "latency_target" : 0,
      "latency_percentile" : 100.000000,
      "latency_window" : 0
    }
  ],
  "disk_util" : [
    {
      "name" : "sdb",
      "read_ios" : 3516042,
      "write_ios" : 0,
      "read_sectors" : 28128344,
      "write_sectors" : 0,
      "read_merges" : 0,
      "write_merges" : 0,
      "read_ticks" : 624021,
      "write_ticks" : 0,
      "in_queue" : 624021,
      "util" : 74.277845
    }
  ]
}
