{
  "fio version" : "fio-3.36",
  "timestamp" : 1733173497,
  "timestamp_ms" : 1733173497748,
  "time" : "Mon Dec  2 21:04:57 2024",
  "jobs" : [
    {
      "jobname" : "rand_write_direct0_fsync1",
      "groupid" : 0,
      "job_start" : 1733173465093,
      "error" : 0,
      "eta" : 0,
      "elapsed" : 93,
      "job options" : {
        "name" : "rand_write_direct0_fsync1",
        "rw" : "randwrite",
        "direct" : "0",
        "bs" : "4k",
        "runtime" : "30",
        "ramp_time" : "60",
        "filename" : "/dev/sdb1",
        "iodepth" : "1",
        "numjobs" : "2",
        "fsync" : "1"
      },
      "read" : {
        "io_bytes" : 0,
        "io_kbytes" : 0,
        "bw_bytes" : 0,
        "bw" : 0,
        "iops" : 0.000000,
        "runtime" : 0,
        "total_ios" : 0,
        "short_ios" : 0,
        "drop_ios" : 0,
        "slat_ns" : {
          "min" : 0,
          "max" : 0,
          "mean" : 0.000000,
          "stddev" : 0.000000,
          "N" : 0
        },
        "clat_ns" : {
          "min" : 0,
          "max" : 0,
          "mean" : 0.000000,
          "stddev" : 0.000000,
          "N" : 0
        },
        "lat_ns" : {
          "min" : 0,
          "max" : 0,
          "mean" : 0.000000,
          "stddev" : 0.000000,
          "N" : 0
        },
        "bw_min" : 0,
        "bw_max" : 0,
        "bw_agg" : 0.000000,
        "bw_mean" : 0.000000,
        "bw_dev" : 0.000000,
        "bw_samples" : 0,
        "iops_min" : 0,
        "iops_max" : 0,
        "iops_mean" : 0.000000,
        "iops_stddev" : 0.000000,
        "iops_samples" : 0
      },
      "write" : {
        "io_bytes" : 1654120448,
        "io_kbytes" : 1615352,
        "bw_bytes" : 55135510,
        "bw" : 53843,
        "iops" : 13460.817973,
        "runtime" : 30001,
        "total_ios" : 403838,
        "short_ios" : 0,
        "drop_ios" : 0,
        "slat_ns" : {
          "min" : 0,
          "max" : 0,
          "mean" : 0.000000,
          "stddev" : 0.000000,
          "N" : 0
        },
        "clat_ns" : {
          "min" : 3200,
          "max" : 334203,
          "mean" : 5364.190797,
          "stddev" : 2924.977544,
          "N" : 403838,
          "percentile" : {
            "1.000000" : 4320,
            "5.000000" : 4384,
            "10.000000" : 4512,
            "20.000000" : 4576,
            "30.000000" : 4704,
            "40.000000" : 4832,
            "50.000000" : 4896,
            "60.000000" : 5024,
            "70.000000" : 5216,
            "80.000000" : 5408,
            "90.000000" : 5984,
            "95.000000" : 7584,
            "99.000000" : 10816,
            "99.500000" : 29312,
            "99.900000" : 44288,
            "99.950000" : 50944,
            "99.990000" : 59648
          }
        },
        "lat_ns" : {
          "min" : 3300,
          "max" : 334503,
          "mean" : 5537.791020,
          "stddev" : 2970.525767,
          "N" : 403838
        },
        "bw_min" : 41088,
        "bw_max" : 64472,
        "bw_agg" : 100.000000,
        "bw_mean" : 53881.983333,
        "bw_dev" : 2551.221657,
        "bw_samples" : 120,
        "iops_min" : 10272,
        "iops_max" : 16118,
        "iops_mean" : 13470.200000,
        "iops_stddev" : 637.772270,
        "iops_samples" : 120
      },
      "trim" : {
        "io_bytes" : 0,
        "io_kbytes" : 0,
        "bw_bytes" : 0,
        "bw" : 0,
        "iops" : 0.000000,
        "runtime" : 0,
        "total_ios" : 0,
        "short_ios" : 0,
        "drop_ios" : 0,
        "slat_ns" : {
          "min" : 0,
          "max" : 0,
          "mean" : 0.000000,
          "stddev" : 0.000000,
          "N" : 0
        },
        "clat_ns" : {
          "min" : 0,
          "max" : 0,
          "mean" : 0.000000,
          "stddev" : 0.000000,
          "N" : 0
        },
        "lat_ns" : {
          "min" : 0,
          "max" : 0,
          "mean" : 0.000000,
          "stddev" : 0.000000,
          "N" : 0
        },
        "bw_min" : 0,
        "bw_max" : 0,
        "bw_agg" : 0.000000,
        "bw_mean" : 0.000000,
        "bw_dev" : 0.000000,
        "bw_samples" : 0,
        "iops_min" : 0,
        "iops_max" : 0,
        "iops_mean" : 0.000000,
        "iops_stddev" : 0.000000,
        "iops_samples" : 0
      },
      "sync" : {
        "total_ios" : 403838,
        "lat_ns" : {
          "min" : 45301,
          "max" : 24017926,
          "mean" : 141897.004660,
          "stddev" : 148961.006454,
          "N" : 403838,
          "percentile" : {
            "1.000000" : 83456,
            "5.000000" : 93696,
            "10.000000" : 98816,
            "20.000000" : 105984,
            "30.000000" : 111104,
            "40.000000" : 114176,
            "50.000000" : 119296,
            "60.000000" : 123392,
            "70.000000" : 129536,
            "80.000000" : 140288,
            "90.000000" : 164864,
            "95.000000" : 224256,
            "99.000000" : 675840,
            "99.500000" : 1003520,
            "99.900000" : 1728512,
            "99.950000" : 2179072,
            "99.990000" : 4079616
          }
        }
      },
      "job_runtime" : 60000,
      "usr_cpu" : 3.340000,
      "sys_cpu" : 21.250000,
      "ctx" : 428658,
      "majf" : 0,
      "minf" : 73,
      "iodepth_level" : {
        "1" : 200.000000,
        "2" : 0.000000,
        "4" : 0.000000,
        "8" : 0.000000,
        "16" : 0.000000,
        "32" : 0.000000,
        ">=64" : 0.000000
      },
      "iodepth_submit" : {
        "0" : 0.000000,
        "4" : 100.000000,
        "8" : 0.000000,
        "16" : 0.000000,
        "32" : 0.000000,
        "64" : 0.000000,
        ">=64" : 0.000000
      },
      "iodepth_complete" : {
        "0" : 0.000000,
        "4" : 100.000000,
        "8" : 0.000000,
        "16" : 0.000000,
        "32" : 0.000000,
        "64" : 0.000000,
        ">=64" : 0.000000
      },
      "latency_ns" : {
        "2" : 0.000000,
        "4" : 0.000000,
        "10" : 0.000000,
        "20" : 0.000000,
        "50" : 0.000000,
        "100" : 0.000000,
        "250" : 0.000000,
        "500" : 0.000000,
        "750" : 0.000000,
        "1000" : 0.000000
      },
      "latency_us" : {
        "2" : 0.000000,
        "4" : 0.120593,
        "10" : 98.620734,
        "20" : 0.685423,
        "50" : 0.511344,
        "100" : 0.061658,
        "250" : 0.000000,
        "500" : 0.010000,
        "750" : 0.000000,
        "1000" : 0.000000
      },
      "latency_ms" : {
        "2" : 0.000000,
        "4" : 0.000000,
        "10" : 0.000000,
        "20" : 0.000000,
        "50" : 0.000000,
        "100" : 0.000000,
        "250" : 0.000000,
        "500" : 0.000000,
        "750" : 0.000000,
        "1000" : 0.000000,
        "2000" : 0.000000,
        ">=2000" : 0.000000
      },
      "latency_depth" : 1,
      "latency_target" : 0,
      "latency_percentile" : 100.000000,
      "latency_window" : 0
    }
  ],
  "disk_util" : [
    {
      "name" : "sdb",
      "read_ios" : 59,
      "write_ios" : 1198533,
      "read_sectors" : 4168,
      "write_sectors" : 9588264,
      "read_merges" : 0,
      "write_merges" : 0,
      "read_ticks" : 12,
      "write_ticks" : 136249,
      "in_queue" : 136261,
      "util" : 72.462239
    }
  ]
}
