{
  "fio version" : "fio-3.36",
  "timestamp" : 1733172591,
  "timestamp_ms" : 1733172591522,
  "time" : "Mon Dec  2 20:49:51 2024",
  "jobs" : [
    {
      "jobname" : "rand_write_direct1_fsync1",
      "groupid" : 0,
      "job_start" : 1733172561509,
      "error" : 0,
      "eta" : 0,
      "elapsed" : 91,
      "job options" : {
        "name" : "rand_write_direct1_fsync1",
        "rw" : "randwrite",
        "direct" : "1",
        "bs" : "4k",
        "runtime" : "30",
        "ramp_time" : "60",
        "filename" : "/dev/sdb1",
        "iodepth" : "1",
        "numjobs" : "2",
        "fsync" : "1"
      },
      "read" : {
        "io_bytes" : 0,
        "io_kbytes" : 0,
        "bw_bytes" : 0,
        "bw" : 0,
        "iops" : 0.000000,
        "runtime" : 0,
        "total_ios" : 0,
        "short_ios" : 0,
        "drop_ios" : 0,
        "slat_ns" : {
          "min" : 0,
          "max" : 0,
          "mean" : 0.000000,
          "stddev" : 0.000000,
          "N" : 0
        },
        "clat_ns" : {
          "min" : 0,
          "max" : 0,
          "mean" : 0.000000,
          "stddev" : 0.000000,
          "N" : 0
        },
        "lat_ns" : {
          "min" : 0,
          "max" : 0,
          "mean" : 0.000000,
          "stddev" : 0.000000,
          "N" : 0
        },
        "bw_min" : 0,
        "bw_max" : 0,
        "bw_agg" : 0.000000,
        "bw_mean" : 0.000000,
        "bw_dev" : 0.000000,
        "bw_samples" : 0,
        "iops_min" : 0,
        "iops_max" : 0,
        "iops_mean" : 0.000000,
        "iops_stddev" : 0.000000,
        "iops_samples" : 0
      },
      "write" : {
        "io_bytes" : 1271029760,
        "io_kbytes" : 1241240,
        "bw_bytes" : 42366246,
        "bw" : 41373,
        "iops" : 10343.321889,
        "runtime" : 30001,
        "total_ios" : 310310,
        "short_ios" : 0,
        "drop_ios" : 0,
        "slat_ns" : {
          "min" : 0,
          "max" : 0,
          "mean" : 0.000000,
          "stddev" : 0.000000,
          "N" : 0
        },
        "clat_ns" : {
          "min" : 62500,
          "max" : 35030326,
          "mean" : 191233.026834,
          "stddev" : 212695.158866,
          "N" : 310310,
          "percentile" : {
            "1.000000" : 87552,
            "5.000000" : 100864,
            "10.000000" : 110080,
            "20.000000" : 134144,
            "30.000000" : 148480,
            "40.000000" : 156672,
            "50.000000" : 164864,
            "60.000000" : 173056,
            "70.000000" : 183296,
            "80.000000" : 197632,
            "90.000000" : 236544,
            "95.000000" : 337920,
            "99.000000" : 880640,
            "99.500000" : 1204224,
            "99.900000" : 1941504,
            "99.950000" : 2473984,
            "99.990000" : 4554752
          }
        },
        "lat_ns" : {
          "min" : 62600,
          "max" : 35030426,
          "mean" : 191307.011621,
          "stddev" : 212695.361646,
          "N" : 310310
        },
        "bw_min" : 33800,
        "bw_max" : 48513,
        "bw_agg" : 100.000000,
        "bw_mean" : 41448.118644,
        "bw_dev" : 1533.596653,
        "bw_samples" : 118,
        "iops_min" : 8450,
        "iops_max" : 12128,
        "iops_mean" : 10361.864407,
        "iops_stddev" : 383.385925,
        "iops_samples" : 118
      },
      "trim" : {
        "io_bytes" : 0,
        "io_kbytes" : 0,
        "bw_bytes" : 0,
        "bw" : 0,
        "iops" : 0.000000,
        "runtime" : 0,
        "total_ios" : 0,
        "short_ios" : 0,
        "drop_ios" : 0,
        "slat_ns" : {
          "min" : 0,
          "max" : 0,
          "mean" : 0.000000,
          "stddev" : 0.000000,
          "N" : 0
        },
        "clat_ns" : {
          "min" : 0,
          "max" : 0,
          "mean" : 0.000000,
          "stddev" : 0.000000,
          "N" : 0
        },
        "lat_ns" : {
          "min" : 0,
          "max" : 0,
          "mean" : 0.000000,
          "stddev" : 0.000000,
          "N" : 0
        },
        "bw_min" : 0,
        "bw_max" : 0,
        "bw_agg" : 0.000000,
        "bw_mean" : 0.000000,
        "bw_dev" : 0.000000,
        "bw_samples" : 0,
        "iops_min" : 0,
        "iops_max" : 0,
        "iops_mean" : 0.000000,
        "iops_stddev" : 0.000000,
        "iops_samples" : 0
      },
      "sync" : {
        "total_ios" : 310308,
        "lat_ns" : {
          "min" : 700,
          "max" : 3563933,
          "mean" : 1036.880992,
          "stddev" : 6555.895349,
          "N" : 310308,
          "percentile" : {
            "1.000000" : 804,
            "5.000000" : 804,
            "10.000000" : 804,
            "20.000000" : 900,
            "30.000000" : 900,
            "40.000000" : 900,
            "50.000000" : 900,
            "60.000000" : 900,
            "70.000000" : 1004,
            "80.000000" : 1004,
            "90.000000" : 1096,
            "95.000000" : 1208,
            "99.000000" : 2416,
            "99.500000" : 2800,
            "99.900000" : 25984,
            "99.950000" : 35584,
            "99.990000" : 52480
          }
        }
      },
      "job_runtime" : 60000,
      "usr_cpu" : 2.836667,
      "sys_cpu" : 11.190000,
      "ctx" : 310311,
      "majf" : 0,
      "minf" : 73,
      "iodepth_level" : {
        "1" : 199.999355,
        "2" : 0.000000,
        "4" : 0.000000,
        "8" : 0.000000,
        "16" : 0.000000,
        "32" : 0.000000,
        ">=64" : 0.000000
      },
      "iodepth_submit" : {
        "0" : 0.000000,
        "4" : 100.000000,
        "8" : 0.000000,
        "16" : 0.000000,
        "32" : 0.000000,
        "64" : 0.000000,
        ">=64" : 0.000000
      },
      "iodepth_complete" : {
        "0" : 0.000000,
        "4" : 100.000000,
        "8" : 0.000000,
        "16" : 0.000000,
        "32" : 0.000000,
        "64" : 0.000000,
        ">=64" : 0.000000
      },
      "latency_ns" : {
        "2" : 0.000000,
        "4" : 0.000000,
        "10" : 0.000000,
        "20" : 0.000000,
        "50" : 0.000000,
        "100" : 0.000000,
        "250" : 0.000000,
        "500" : 0.000000,
        "750" : 0.000000,
        "1000" : 0.000000
      },
      "latency_us" : {
        "2" : 0.000000,
        "4" : 0.000000,
        "10" : 0.000000,
        "20" : 0.000000,
        "50" : 0.000000,
        "100" : 4.797138,
        "250" : 86.590184,
        "500" : 5.901518,
        "750" : 1.349296,
        "1000" : 0.606490
      },
      "latency_ms" : {
        "2" : 0.666753,
        "4" : 0.068641,
        "10" : 0.016435,
        "20" : 0.010000,
        "50" : 0.010000,
        "100" : 0.000000,
        "250" : 0.000000,
        "500" : 0.000000,
        "750" : 0.000000,
        "1000" : 0.000000,
        "2000" : 0.000000,
        ">=2000" : 0.000000
      },
      "latency_depth" : 1,
      "latency_target" : 0,
      "latency_percentile" : 100.000000,
      "latency_window" : 0
    }
  ],
  "disk_util" : [
    {
      "name" : "sdb",
      "read_ios" : 59,
      "write_ios" : 1059174,
      "read_sectors" : 4168,
      "write_sectors" : 8473392,
      "read_merges" : 0,
      "write_merges" : 0,
      "read_ticks" : 11,
      "write_ticks" : 150284,
      "in_queue" : 150295,
      "util" : 71.003374
    }
  ]
}
