{
  "fio version" : "fio-3.36",
  "timestamp" : 1733172681,
  "timestamp_ms" : 1733172681746,
  "time" : "Mon Dec  2 20:51:21 2024",
  "jobs" : [
    {
      "jobname" : "rand_write_direct1_fsync1",
      "groupid" : 0,
      "job_start" : 1733172651734,
      "error" : 0,
      "eta" : 0,
      "elapsed" : 91,
      "job options" : {
        "name" : "rand_write_direct1_fsync1",
        "rw" : "randwrite",
        "direct" : "1",
        "bs" : "4k",
        "runtime" : "30",
        "ramp_time" : "60",
        "filename" : "/dev/sdb1",
        "iodepth" : "1",
        "numjobs" : "4",
        "fsync" : "1"
      },
      "read" : {
        "io_bytes" : 0,
        "io_kbytes" : 0,
        "bw_bytes" : 0,
        "bw" : 0,
        "iops" : 0.000000,
        "runtime" : 0,
        "total_ios" : 0,
        "short_ios" : 0,
        "drop_ios" : 0,
        "slat_ns" : {
          "min" : 0,
          "max" : 0,
          "mean" : 0.000000,
          "stddev" : 0.000000,
          "N" : 0
        },
        "clat_ns" : {
          "min" : 0,
          "max" : 0,
          "mean" : 0.000000,
          "stddev" : 0.000000,
          "N" : 0
        },
        "lat_ns" : {
          "min" : 0,
          "max" : 0,
          "mean" : 0.000000,
          "stddev" : 0.000000,
          "N" : 0
        },
        "bw_min" : 0,
        "bw_max" : 0,
        "bw_agg" : 0.000000,
        "bw_mean" : 0.000000,
        "bw_dev" : 0.000000,
        "bw_samples" : 0,
        "iops_min" : 0,
        "iops_max" : 0,
        "iops_mean" : 0.000000,
        "iops_stddev" : 0.000000,
        "iops_samples" : 0
      },
      "write" : {
        "io_bytes" : 2971004928,
        "io_kbytes" : 2901372,
        "bw_bytes" : 99030196,
        "bw" : 96709,
        "iops" : 24177.294090,
        "runtime" : 30001,
        "total_ios" : 725343,
        "short_ios" : 0,
        "drop_ios" : 0,
        "slat_ns" : {
          "min" : 0,
          "max" : 0,
          "mean" : 0.000000,
          "stddev" : 0.000000,
          "N" : 0
        },
        "clat_ns" : {
          "min" : 49100,
          "max" : 121769537,
          "mean" : 163243.118609,
          "stddev" : 423199.672172,
          "N" : 725343,
          "percentile" : {
            "1.000000" : 79360,
            "5.000000" : 90624,
            "10.000000" : 96768,
            "20.000000" : 108032,
            "30.000000" : 120320,
            "40.000000" : 136192,
            "50.000000" : 148480,
            "60.000000" : 158720,
            "70.000000" : 168960,
            "80.000000" : 183296,
            "90.000000" : 203776,
            "95.000000" : 226304,
            "99.000000" : 423936,
            "99.500000" : 782336,
            "99.900000" : 2408448,
            "99.950000" : 4046848,
            "99.990000" : 15138816
          }
        },
        "lat_ns" : {
          "min" : 49200,
          "max" : 121769637,
          "mean" : 163325.896340,
          "stddev" : 423200.529335,
          "N" : 725343
        },
        "bw_min" : 64468,
        "bw_max" : 114921,
        "bw_agg" : 100.000000,
        "bw_mean" : 96824.135593,
        "bw_dev" : 3206.559738,
        "bw_samples" : 236,
        "iops_min" : 16116,
        "iops_max" : 28730,
        "iops_mean" : 24205.644068,
        "iops_stddev" : 801.631084,
        "iops_samples" : 236
      },
      "trim" : {
        "io_bytes" : 0,
        "io_kbytes" : 0,
        "bw_bytes" : 0,
        "bw" : 0,
        "iops" : 0.000000,
        "runtime" : 0,
        "total_ios" : 0,
        "short_ios" : 0,
        "drop_ios" : 0,
        "slat_ns" : {
          "min" : 0,
          "max" : 0,
          "mean" : 0.000000,
          "stddev" : 0.000000,
          "N" : 0
        },
        "clat_ns" : {
          "min" : 0,
          "max" : 0,
          "mean" : 0.000000,
          "stddev" : 0.000000,
          "N" : 0
        },
        "lat_ns" : {
          "min" : 0,
          "max" : 0,
          "mean" : 0.000000,
          "stddev" : 0.000000,
          "N" : 0
        },
        "bw_min" : 0,
        "bw_max" : 0,
        "bw_agg" : 0.000000,
        "bw_mean" : 0.000000,
        "bw_dev" : 0.000000,
        "bw_samples" : 0,
        "iops_min" : 0,
        "iops_max" : 0,
        "iops_mean" : 0.000000,
        "iops_stddev" : 0.000000,
        "iops_samples" : 0
      },
      "sync" : {
        "total_ios" : 725339,
        "lat_ns" : {
          "min" : 700,
          "max" : 154502,
          "mean" : 1063.529619,
          "stddev" : 1429.133128,
          "N" : 725339,
          "percentile" : {
            "1.000000" : 804,
            "5.000000" : 900,
            "10.000000" : 900,
            "20.000000" : 900,
            "30.000000" : 900,
            "40.000000" : 900,
            "50.000000" : 900,
            "60.000000" : 1004,
            "70.000000" : 1004,
            "80.000000" : 1004,
            "90.000000" : 1096,
            "95.000000" : 1400,
            "99.000000" : 2704,
            "99.500000" : 2992,
            "99.900000" : 27776,
            "99.950000" : 35584,
            "99.990000" : 52480
          }
        }
      },
      "job_runtime" : 120000,
      "usr_cpu" : 3.229167,
      "sys_cpu" : 12.778333,
      "ctx" : 725341,
      "majf" : 0,
      "minf" : 146,
      "iodepth_level" : {
        "1" : 199.999449,
        "2" : 0.000000,
        "4" : 0.000000,
        "8" : 0.000000,
        "16" : 0.000000,
        "32" : 0.000000,
        ">=64" : 0.000000
      },
      "iodepth_submit" : {
        "0" : 0.000000,
        "4" : 100.000000,
        "8" : 0.000000,
        "16" : 0.000000,
        "32" : 0.000000,
        "64" : 0.000000,
        ">=64" : 0.000000
      },
      "iodepth_complete" : {
        "0" : 0.000000,
        "4" : 100.000000,
        "8" : 0.000000,
        "16" : 0.000000,
        "32" : 0.000000,
        "64" : 0.000000,
        ">=64" : 0.000000
      },
      "latency_ns" : {
        "2" : 0.000000,
        "4" : 0.000000,
        "10" : 0.000000,
        "20" : 0.000000,
        "50" : 0.000000,
        "100" : 0.000000,
        "250" : 0.000000,
        "500" : 0.000000,
        "750" : 0.000000,
        "1000" : 0.000000
      },
      "latency_us" : {
        "2" : 0.000000,
        "4" : 0.000000,
        "10" : 0.000000,
        "20" : 0.000000,
        "50" : 0.010000,
        "100" : 12.496571,
        "250" : 84.341339,
        "500" : 2.357919,
        "750" : 0.283176,
        "1000" : 0.117600
      },
      "latency_ms" : {
        "2" : 0.272561,
        "4" : 0.080376,
        "10" : 0.034466,
        "20" : 0.011305,
        "50" : 0.010000,
        "100" : 0.010000,
        "250" : 0.010000,
        "500" : 0.000000,
        "750" : 0.000000,
        "1000" : 0.000000,
        "2000" : 0.000000,
        ">=2000" : 0.000000
      },
      "latency_depth" : 1,
      "latency_target" : 0,
      "latency_percentile" : 100.000000,
      "latency_window" : 0
    }
  ],
  "disk_util" : [
    {
      "name" : "sdb",
      "read_ios" : 59,
      "write_ios" : 2344751,
      "read_sectors" : 4168,
      "write_sectors" : 18758016,
      "read_merges" : 0,
      "write_merges" : 0,
      "read_ticks" : 20,
      "write_ticks" : 294377,
      "in_queue" : 294397,
      "util" : 68.219022
    }
  ]
}
