{
  "fio version" : "fio-3.36",
  "timestamp" : 1733278991,
  "timestamp_ms" : 1733278991114,
  "time" : "Wed Dec  4 02:23:11 2024",
  "jobs" : [
    {
      "jobname" : "write_direct1_fsync0_threads_1_0692",
      "groupid" : 0,
      "job_start" : 1733278931102,
      "error" : 0,
      "eta" : 0,
      "elapsed" : 91,
      "job options" : {
        "name" : "write_direct1_fsync0_threads_1_0692",
        "rw" : "write",
        "direct" : "1",
        "filename" : "/dev/sdb1",
        "numjobs" : "1",
        "fsync" : "0",
        "bs" : "4k",
        "ramp_time" : "30",
        "runtime" : "60",
        "iodepth" : "1",
        "end_fsync" : "1"
      },
      "read" : {
        "io_bytes" : 0,
        "io_kbytes" : 0,
        "bw_bytes" : 0,
        "bw" : 0,
        "iops" : 0.000000,
        "runtime" : 0,
        "total_ios" : 0,
        "short_ios" : 0,
        "drop_ios" : 0,
        "slat_ns" : {
          "min" : 0,
          "max" : 0,
          "mean" : 0.000000,
          "stddev" : 0.000000,
          "N" : 0
        },
        "clat_ns" : {
          "min" : 0,
          "max" : 0,
          "mean" : 0.000000,
          "stddev" : 0.000000,
          "N" : 0
        },
        "lat_ns" : {
          "min" : 0,
          "max" : 0,
          "mean" : 0.000000,
          "stddev" : 0.000000,
          "N" : 0
        },
        "bw_min" : 0,
        "bw_max" : 0,
        "bw_agg" : 0.000000,
        "bw_mean" : 0.000000,
        "bw_dev" : 0.000000,
        "bw_samples" : 0,
        "iops_min" : 0,
        "iops_max" : 0,
        "iops_mean" : 0.000000,
        "iops_stddev" : 0.000000,
        "iops_samples" : 0
      },
      "write" : {
        "io_bytes" : 1159630848,
        "io_kbytes" : 1132452,
        "bw_bytes" : 19326858,
        "bw" : 18873,
        "iops" : 4718.471359,
        "runtime" : 60001,
        "total_ios" : 283113,
        "short_ios" : 0,
        "drop_ios" : 0,
        "slat_ns" : {
          "min" : 0,
          "max" : 0,
          "mean" : 0.000000,
          "stddev" : 0.000000,
          "N" : 0
        },
        "clat_ns" : {
          "min" : 65800,
          "max" : 26188043,
          "mean" : 211399.391430,
          "stddev" : 290994.052903,
          "N" : 283113,
          "percentile" : {
            "1.000000" : 85504,
            "5.000000" : 92672,
            "10.000000" : 97792,
            "20.000000" : 102912,
            "30.000000" : 105984,
            "40.000000" : 110080,
            "50.000000" : 119296,
            "60.000000" : 132096,
            "70.000000" : 158720,
            "80.000000" : 220160,
            "90.000000" : 387072,
            "95.000000" : 659456,
            "99.000000" : 1499136,
            "99.500000" : 1908736,
            "99.900000" : 3063808,
            "99.950000" : 3719168,
            "99.990000" : 4620288
          }
        },
        "lat_ns" : {
          "min" : 65800,
          "max" : 26188143,
          "mean" : 211484.209959,
          "stddev" : 290994.130562,
          "N" : 283113
        },
        "bw_min" : 12416,
        "bw_max" : 35512,
        "bw_agg" : 100.000000,
        "bw_mean" : 18885.450000,
        "bw_dev" : 4512.068984,
        "bw_samples" : 120,
        "iops_min" : 3104,
        "iops_max" : 8878,
        "iops_mean" : 4721.225000,
        "iops_stddev" : 1128.003378,
        "iops_samples" : 120
      },
      "trim" : {
        "io_bytes" : 0,
        "io_kbytes" : 0,
        "bw_bytes" : 0,
        "bw" : 0,
        "iops" : 0.000000,
        "runtime" : 0,
        "total_ios" : 0,
        "short_ios" : 0,
        "drop_ios" : 0,
        "slat_ns" : {
          "min" : 0,
          "max" : 0,
          "mean" : 0.000000,
          "stddev" : 0.000000,
          "N" : 0
        },
        "clat_ns" : {
          "min" : 0,
          "max" : 0,
          "mean" : 0.000000,
          "stddev" : 0.000000,
          "N" : 0
        },
        "lat_ns" : {
          "min" : 0,
          "max" : 0,
          "mean" : 0.000000,
          "stddev" : 0.000000,
          "N" : 0
        },
        "bw_min" : 0,
        "bw_max" : 0,
        "bw_agg" : 0.000000,
        "bw_mean" : 0.000000,
        "bw_dev" : 0.000000,
        "bw_samples" : 0,
        "iops_min" : 0,
        "iops_max" : 0,
        "iops_mean" : 0.000000,
        "iops_stddev" : 0.000000,
        "iops_samples" : 0
      },
      "sync" : {
        "total_ios" : 0,
        "lat_ns" : {
          "min" : 0,
          "max" : 0,
          "mean" : 0.000000,
          "stddev" : 0.000000,
          "N" : 0
        }
      },
      "job_runtime" : 60000,
      "usr_cpu" : 1.590000,
      "sys_cpu" : 11.266667,
      "ctx" : 283113,
      "majf" : 0,
      "minf" : 36,
      "iodepth_level" : {
        "1" : 100.000000,
        "2" : 0.000000,
        "4" : 0.000000,
        "8" : 0.000000,
        "16" : 0.000000,
        "32" : 0.000000,
        ">=64" : 0.000000
      },
      "iodepth_submit" : {
        "0" : 0.000000,
        "4" : 100.000000,
        "8" : 0.000000,
        "16" : 0.000000,
        "32" : 0.000000,
        "64" : 0.000000,
        ">=64" : 0.000000
      },
      "iodepth_complete" : {
        "0" : 0.000000,
        "4" : 100.000000,
        "8" : 0.000000,
        "16" : 0.000000,
        "32" : 0.000000,
        "64" : 0.000000,
        ">=64" : 0.000000
      },
      "latency_ns" : {
        "2" : 0.000000,
        "4" : 0.000000,
        "10" : 0.000000,
        "20" : 0.000000,
        "50" : 0.000000,
        "100" : 0.000000,
        "250" : 0.000000,
        "500" : 0.000000,
        "750" : 0.000000,
        "1000" : 0.000000
      },
      "latency_us" : {
        "2" : 0.000000,
        "4" : 0.000000,
        "10" : 0.000000,
        "20" : 0.000000,
        "50" : 0.000000,
        "100" : 13.527814,
        "250" : 69.521004,
        "500" : 9.644912,
        "750" : 3.142915,
        "1000" : 1.600421
      },
      "latency_ms" : {
        "2" : 2.121414,
        "4" : 0.409730,
        "10" : 0.030377,
        "20" : 0.010000,
        "50" : 0.010000,
        "100" : 0.000000,
        "250" : 0.000000,
        "500" : 0.000000,
        "750" : 0.000000,
        "1000" : 0.000000,
        "2000" : 0.000000,
        ">=2000" : 0.000000
      },
      "latency_depth" : 1,
      "latency_target" : 0,
      "latency_percentile" : 100.000000,
      "latency_window" : 0
    }
  ],
  "disk_util" : [
    {
      "name" : "sdb",
      "read_ios" : 59,
      "write_ios" : 424979,
      "read_sectors" : 4168,
      "write_sectors" : 3399832,
      "read_merges" : 0,
      "write_merges" : 0,
      "read_ticks" : 14,
      "write_ticks" : 78261,
      "in_queue" : 78276,
      "util" : 80.465757
    }
  ]
}
