{
  "fio version" : "fio-3.36",
  "timestamp" : 1733280373,
  "timestamp_ms" : 1733280373231,
  "time" : "Wed Dec  4 02:46:13 2024",
  "jobs" : [
    {
      "jobname" : "randwrite_direct1_fsync0_threads_16_66ad",
      "groupid" : 0,
      "job_start" : 1733280313211,
      "error" : 0,
      "eta" : 0,
      "elapsed" : 91,
      "job options" : {
        "name" : "randwrite_direct1_fsync0_threads_16_66ad",
        "rw" : "randwrite",
        "direct" : "1",
        "filename" : "/dev/sdb1",
        "numjobs" : "16",
        "fsync" : "0",
        "bs" : "4k",
        "ramp_time" : "30",
        "runtime" : "60",
        "iodepth" : "1",
        "end_fsync" : "1"
      },
      "read" : {
        "io_bytes" : 0,
        "io_kbytes" : 0,
        "bw_bytes" : 0,
        "bw" : 0,
        "iops" : 0.000000,
        "runtime" : 0,
        "total_ios" : 0,
        "short_ios" : 0,
        "drop_ios" : 0,
        "slat_ns" : {
          "min" : 0,
          "max" : 0,
          "mean" : 0.000000,
          "stddev" : 0.000000,
          "N" : 0
        },
        "clat_ns" : {
          "min" : 0,
          "max" : 0,
          "mean" : 0.000000,
          "stddev" : 0.000000,
          "N" : 0
        },
        "lat_ns" : {
          "min" : 0,
          "max" : 0,
          "mean" : 0.000000,
          "stddev" : 0.000000,
          "N" : 0
        },
        "bw_min" : 0,
        "bw_max" : 0,
        "bw_agg" : 0.000000,
        "bw_mean" : 0.000000,
        "bw_dev" : 0.000000,
        "bw_samples" : 0,
        "iops_min" : 0,
        "iops_max" : 0,
        "iops_mean" : 0.000000,
        "iops_stddev" : 0.000000,
        "iops_samples" : 0
      },
      "write" : {
        "io_bytes" : 18066894848,
        "io_kbytes" : 17643452,
        "bw_bytes" : 301109895,
        "bw" : 294052,
        "iops" : 73513.158114,
        "runtime" : 60001,
        "total_ios" : 4410863,
        "short_ios" : 0,
        "drop_ios" : 0,
        "slat_ns" : {
          "min" : 0,
          "max" : 0,
          "mean" : 0.000000,
          "stddev" : 0.000000,
          "N" : 0
        },
        "clat_ns" : {
          "min" : 43500,
          "max" : 105311863,
          "mean" : 215829.112374,
          "stddev" : 1019078.345954,
          "N" : 4410863,
          "percentile" : {
            "1.000000" : 83456,
            "5.000000" : 94720,
            "10.000000" : 100864,
            "20.000000" : 110080,
            "30.000000" : 118272,
            "40.000000" : 125440,
            "50.000000" : 134144,
            "60.000000" : 144384,
            "70.000000" : 156672,
            "80.000000" : 175104,
            "90.000000" : 214016,
            "95.000000" : 261120,
            "99.000000" : 749568,
            "99.500000" : 3817472,
            "99.900000" : 13959168,
            "99.950000" : 23199744,
            "99.990000" : 31064064
          }
        },
        "lat_ns" : {
          "min" : 43500,
          "max" : 105311963,
          "mean" : 216025.997246,
          "stddev" : 1019084.692139,
          "N" : 4410863
        },
        "bw_min" : 169665,
        "bw_max" : 372048,
        "bw_agg" : 100.000000,
        "bw_mean" : 294413.403361,
        "bw_dev" : 2369.014664,
        "bw_samples" : 1904,
        "iops_min" : 42416,
        "iops_max" : 93012,
        "iops_mean" : 73602.764706,
        "iops_stddev" : 592.252808,
        "iops_samples" : 1904
      },
      "trim" : {
        "io_bytes" : 0,
        "io_kbytes" : 0,
        "bw_bytes" : 0,
        "bw" : 0,
        "iops" : 0.000000,
        "runtime" : 0,
        "total_ios" : 0,
        "short_ios" : 0,
        "drop_ios" : 0,
        "slat_ns" : {
          "min" : 0,
          "max" : 0,
          "mean" : 0.000000,
          "stddev" : 0.000000,
          "N" : 0
        },
        "clat_ns" : {
          "min" : 0,
          "max" : 0,
          "mean" : 0.000000,
          "stddev" : 0.000000,
          "N" : 0
        },
        "lat_ns" : {
          "min" : 0,
          "max" : 0,
          "mean" : 0.000000,
          "stddev" : 0.000000,
          "N" : 0
        },
        "bw_min" : 0,
        "bw_max" : 0,
        "bw_agg" : 0.000000,
        "bw_mean" : 0.000000,
        "bw_dev" : 0.000000,
        "bw_samples" : 0,
        "iops_min" : 0,
        "iops_max" : 0,
        "iops_mean" : 0.000000,
        "iops_stddev" : 0.000000,
        "iops_samples" : 0
      },
      "sync" : {
        "total_ios" : 0,
        "lat_ns" : {
          "min" : 0,
          "max" : 0,
          "mean" : 0.000000,
          "stddev" : 0.000000,
          "N" : 0
        }
      },
      "job_runtime" : 960000,
      "usr_cpu" : 2.747500,
      "sys_cpu" : 15.824896,
      "ctx" : 4405327,
      "majf" : 0,
      "minf" : 582,
      "iodepth_level" : {
        "1" : 100.000000,
        "2" : 0.000000,
        "4" : 0.000000,
        "8" : 0.000000,
        "16" : 0.000000,
        "32" : 0.000000,
        ">=64" : 0.000000
      },
      "iodepth_submit" : {
        "0" : 0.000000,
        "4" : 100.000000,
        "8" : 0.000000,
        "16" : 0.000000,
        "32" : 0.000000,
        "64" : 0.000000,
        ">=64" : 0.000000
      },
      "iodepth_complete" : {
        "0" : 0.000000,
        "4" : 100.000000,
        "8" : 0.000000,
        "16" : 0.000000,
        "32" : 0.000000,
        "64" : 0.000000,
        ">=64" : 0.000000
      },
      "latency_ns" : {
        "2" : 0.000000,
        "4" : 0.000000,
        "10" : 0.000000,
        "20" : 0.000000,
        "50" : 0.000000,
        "100" : 0.000000,
        "250" : 0.000000,
        "500" : 0.000000,
        "750" : 0.000000,
        "1000" : 0.000000
      },
      "latency_us" : {
        "2" : 0.000000,
        "4" : 0.000000,
        "10" : 0.000000,
        "20" : 0.000000,
        "50" : 0.010000,
        "100" : 8.854934,
        "250" : 85.361753,
        "500" : 4.497465,
        "750" : 0.284275,
        "1000" : 0.100751
      },
      "latency_ms" : {
        "2" : 0.272056,
        "4" : 0.139791,
        "10" : 0.194044,
        "20" : 0.232902,
        "50" : 0.059716,
        "100" : 0.010000,
        "250" : 0.010000,
        "500" : 0.000000,
        "750" : 0.000000,
        "1000" : 0.000000,
        "2000" : 0.000000,
        ">=2000" : 0.000000
      },
      "latency_depth" : 1,
      "latency_target" : 0,
      "latency_percentile" : 100.000000,
      "latency_window" : 0
    }
  ],
  "disk_util" : [
    {
      "name" : "sdb",
      "read_ios" : 118,
      "write_ios" : 6563052,
      "read_sectors" : 8336,
      "write_sectors" : 52504424,
      "read_merges" : 0,
      "write_merges" : 0,
      "read_ticks" : 43,
      "write_ticks" : 1166468,
      "in_queue" : 1166512,
      "util" : 86.869159
    }
  ]
}
