{
  "fio version" : "fio-3.36",
  "timestamp" : 1733170155,
  "timestamp_ms" : 1733170155102,
  "time" : "Mon Dec  2 20:09:15 2024",
  "jobs" : [
    {
      "jobname" : "rand_read_direct0_fsync0",
      "groupid" : 0,
      "job_start" : 1733170123818,
      "error" : 0,
      "eta" : 0,
      "elapsed" : 92,
      "job options" : {
        "name" : "rand_read_direct0_fsync0",
        "rw" : "randread",
        "direct" : "0",
        "bs" : "4k",
        "runtime" : "30",
        "ramp_time" : "60",
        "filename" : "/dev/sdb1",
        "iodepth" : "1",
        "numjobs" : "1"
      },
      "read" : {
        "io_bytes" : 950726656,
        "io_kbytes" : 928444,
        "bw_bytes" : 31689832,
        "bw" : 30947,
        "iops" : 7736.775441,
        "runtime" : 30001,
        "total_ios" : 232111,
        "short_ios" : 0,
        "drop_ios" : 0,
        "slat_ns" : {
          "min" : 0,
          "max" : 0,
          "mean" : 0.000000,
          "stddev" : 0.000000,
          "N" : 0
        },
        "clat_ns" : {
          "min" : 36501,
          "max" : 37147136,
          "mean" : 128543.294872,
          "stddev" : 167768.568048,
          "N" : 232111,
          "percentile" : {
            "1.000000" : 61696,
            "5.000000" : 69120,
            "10.000000" : 74240,
            "20.000000" : 79360,
            "30.000000" : 82432,
            "40.000000" : 86528,
            "50.000000" : 89600,
            "60.000000" : 93696,
            "70.000000" : 105984,
            "80.000000" : 127488,
            "90.000000" : 187392,
            "95.000000" : 292864,
            "99.000000" : 823296,
            "99.500000" : 1105920,
            "99.900000" : 1728512,
            "99.950000" : 1990656,
            "99.990000" : 3686400
          }
        },
        "lat_ns" : {
          "min" : 36601,
          "max" : 37147236,
          "mean" : 128622.385725,
          "stddev" : 167769.156271,
          "N" : 232111
        },
        "bw_min" : 18100,
        "bw_max" : 44536,
        "bw_agg" : 99.931814,
        "bw_mean" : 30926.322034,
        "bw_dev" : 6149.493574,
        "bw_samples" : 59,
        "iops_min" : 4525,
        "iops_max" : 11134,
        "iops_mean" : 7731.440678,
        "iops_stddev" : 1537.340048,
        "iops_samples" : 59
      },
      "write" : {
        "io_bytes" : 0,
        "io_kbytes" : 0,
        "bw_bytes" : 0,
        "bw" : 0,
        "iops" : 0.000000,
        "runtime" : 0,
        "total_ios" : 0,
        "short_ios" : 0,
        "drop_ios" : 0,
        "slat_ns" : {
          "min" : 0,
          "max" : 0,
          "mean" : 0.000000,
          "stddev" : 0.000000,
          "N" : 0
        },
        "clat_ns" : {
          "min" : 0,
          "max" : 0,
          "mean" : 0.000000,
          "stddev" : 0.000000,
          "N" : 0
        },
        "lat_ns" : {
          "min" : 0,
          "max" : 0,
          "mean" : 0.000000,
          "stddev" : 0.000000,
          "N" : 0
        },
        "bw_min" : 0,
        "bw_max" : 0,
        "bw_agg" : 0.000000,
        "bw_mean" : 0.000000,
        "bw_dev" : 0.000000,
        "bw_samples" : 0,
        "iops_min" : 0,
        "iops_max" : 0,
        "iops_mean" : 0.000000,
        "iops_stddev" : 0.000000,
        "iops_samples" : 0
      },
      "trim" : {
        "io_bytes" : 0,
        "io_kbytes" : 0,
        "bw_bytes" : 0,
        "bw" : 0,
        "iops" : 0.000000,
        "runtime" : 0,
        "total_ios" : 0,
        "short_ios" : 0,
        "drop_ios" : 0,
        "slat_ns" : {
          "min" : 0,
          "max" : 0,
          "mean" : 0.000000,
          "stddev" : 0.000000,
          "N" : 0
        },
        "clat_ns" : {
          "min" : 0,
          "max" : 0,
          "mean" : 0.000000,
          "stddev" : 0.000000,
          "N" : 0
        },
        "lat_ns" : {
          "min" : 0,
          "max" : 0,
          "mean" : 0.000000,
          "stddev" : 0.000000,
          "N" : 0
        },
        "bw_min" : 0,
        "bw_max" : 0,
        "bw_agg" : 0.000000,
        "bw_mean" : 0.000000,
        "bw_dev" : 0.000000,
        "bw_samples" : 0,
        "iops_min" : 0,
        "iops_max" : 0,
        "iops_mean" : 0.000000,
        "iops_stddev" : 0.000000,
        "iops_samples" : 0
      },
      "sync" : {
        "total_ios" : 0,
        "lat_ns" : {
          "min" : 0,
          "max" : 0,
          "mean" : 0.000000,
          "stddev" : 0.000000,
          "N" : 0
        }
      },
      "job_runtime" : 30000,
      "usr_cpu" : 2.566667,
      "sys_cpu" : 17.283333,
      "ctx" : 232105,
      "majf" : 0,
      "minf" : 36,
      "iodepth_level" : {
        "1" : 100.000000,
        "2" : 0.000000,
        "4" : 0.000000,
        "8" : 0.000000,
        "16" : 0.000000,
        "32" : 0.000000,
        ">=64" : 0.000000
      },
      "iodepth_submit" : {
        "0" : 0.000000,
        "4" : 100.000000,
        "8" : 0.000000,
        "16" : 0.000000,
        "32" : 0.000000,
        "64" : 0.000000,
        ">=64" : 0.000000
      },
      "iodepth_complete" : {
        "0" : 0.000000,
        "4" : 100.000000,
        "8" : 0.000000,
        "16" : 0.000000,
        "32" : 0.000000,
        "64" : 0.000000,
        ">=64" : 0.000000
      },
      "latency_ns" : {
        "2" : 0.000000,
        "4" : 0.000000,
        "10" : 0.000000,
        "20" : 0.000000,
        "50" : 0.000000,
        "100" : 0.000000,
        "250" : 0.000000,
        "500" : 0.000000,
        "750" : 0.000000,
        "1000" : 0.000000
      },
      "latency_us" : {
        "2" : 0.000000,
        "4" : 0.000000,
        "10" : 0.000000,
        "20" : 0.000000,
        "50" : 0.010000,
        "100" : 66.260539,
        "250" : 27.532517,
        "500" : 3.737436,
        "750" : 1.292054,
        "1000" : 0.527334
      },
      "latency_ms" : {
        "2" : 0.597990,
        "4" : 0.042221,
        "10" : 0.010000,
        "20" : 0.000000,
        "50" : 0.010000,
        "100" : 0.000000,
        "250" : 0.000000,
        "500" : 0.000000,
        "750" : 0.000000,
        "1000" : 0.000000,
        "2000" : 0.000000,
        ">=2000" : 0.000000
      },
      "latency_depth" : 1,
      "latency_target" : 0,
      "latency_percentile" : 100.000000,
      "latency_window" : 0
    }
  ],
  "disk_util" : [
    {
      "name" : "sdb",
      "read_ios" : 702312,
      "write_ios" : 0,
      "read_sectors" : 5618496,
      "write_sectors" : 0,
      "read_merges" : 0,
      "write_merges" : 0,
      "read_ticks" : 71381,
      "write_ticks" : 0,
      "in_queue" : 71381,
      "util" : 69.163010
    }
  ]
}
