{
  "fio version" : "fio-3.36",
  "timestamp" : 1733169521,
  "timestamp_ms" : 1733169521757,
  "time" : "Mon Dec  2 19:58:41 2024",
  "jobs" : [
    {
      "jobname" : "seq_read_direct0_fsync0",
      "groupid" : 0,
      "job_start" : 1733169490797,
      "error" : 0,
      "eta" : 0,
      "elapsed" : 92,
      "job options" : {
        "name" : "seq_read_direct0_fsync0",
        "rw" : "read",
        "direct" : "0",
        "bs" : "4k",
        "runtime" : "30",
        "ramp_time" : "60",
        "filename" : "/dev/sdb1",
        "iodepth" : "1",
        "numjobs" : "8"
      },
      "read" : {
        "io_bytes" : 26587209728,
        "io_kbytes" : 25964072,
        "bw_bytes" : 886210783,
        "bw" : 865440,
        "iops" : 216360.054665,
        "runtime" : 30001,
        "total_ios" : 6491018,
        "short_ios" : 0,
        "drop_ios" : 0,
        "slat_ns" : {
          "min" : 0,
          "max" : 0,
          "mean" : 0.000000,
          "stddev" : 0.000000,
          "N" : 0
        },
        "clat_ns" : {
          "min" : 700,
          "max" : 7002064,
          "mean" : 36575.948406,
          "stddev" : 62181.882763,
          "N" : 6491018,
          "percentile" : {
            "1.000000" : 700,
            "5.000000" : 804,
            "10.000000" : 804,
            "20.000000" : 804,
            "30.000000" : 900,
            "40.000000" : 1004,
            "50.000000" : 1096,
            "60.000000" : 1496,
            "70.000000" : 79360,
            "80.000000" : 100864,
            "90.000000" : 108032,
            "95.000000" : 114176,
            "99.000000" : 146432,
            "99.500000" : 171008,
            "99.900000" : 313344,
            "99.950000" : 473088,
            "99.990000" : 1712128
          }
        },
        "lat_ns" : {
          "min" : 700,
          "max" : 7002164,
          "mean" : 36635.551254,
          "stddev" : 62236.471664,
          "N" : 6491018
        },
        "bw_min" : 605512,
        "bw_max" : 1320920,
        "bw_agg" : 100.000000,
        "bw_mean" : 872248.135593,
        "bw_dev" : 20071.843889,
        "bw_samples" : 472,
        "iops_min" : 151378,
        "iops_max" : 330226,
        "iops_mean" : 218060.881356,
        "iops_stddev" : 5017.959779,
        "iops_samples" : 472
      },
      "write" : {
        "io_bytes" : 0,
        "io_kbytes" : 0,
        "bw_bytes" : 0,
        "bw" : 0,
        "iops" : 0.000000,
        "runtime" : 0,
        "total_ios" : 0,
        "short_ios" : 0,
        "drop_ios" : 0,
        "slat_ns" : {
          "min" : 0,
          "max" : 0,
          "mean" : 0.000000,
          "stddev" : 0.000000,
          "N" : 0
        },
        "clat_ns" : {
          "min" : 0,
          "max" : 0,
          "mean" : 0.000000,
          "stddev" : 0.000000,
          "N" : 0
        },
        "lat_ns" : {
          "min" : 0,
          "max" : 0,
          "mean" : 0.000000,
          "stddev" : 0.000000,
          "N" : 0
        },
        "bw_min" : 0,
        "bw_max" : 0,
        "bw_agg" : 0.000000,
        "bw_mean" : 0.000000,
        "bw_dev" : 0.000000,
        "bw_samples" : 0,
        "iops_min" : 0,
        "iops_max" : 0,
        "iops_mean" : 0.000000,
        "iops_stddev" : 0.000000,
        "iops_samples" : 0
      },
      "trim" : {
        "io_bytes" : 0,
        "io_kbytes" : 0,
        "bw_bytes" : 0,
        "bw" : 0,
        "iops" : 0.000000,
        "runtime" : 0,
        "total_ios" : 0,
        "short_ios" : 0,
        "drop_ios" : 0,
        "slat_ns" : {
          "min" : 0,
          "max" : 0,
          "mean" : 0.000000,
          "stddev" : 0.000000,
          "N" : 0
        },
        "clat_ns" : {
          "min" : 0,
          "max" : 0,
          "mean" : 0.000000,
          "stddev" : 0.000000,
          "N" : 0
        },
        "lat_ns" : {
          "min" : 0,
          "max" : 0,
          "mean" : 0.000000,
          "stddev" : 0.000000,
          "N" : 0
        },
        "bw_min" : 0,
        "bw_max" : 0,
        "bw_agg" : 0.000000,
        "bw_mean" : 0.000000,
        "bw_dev" : 0.000000,
        "bw_samples" : 0,
        "iops_min" : 0,
        "iops_max" : 0,
        "iops_mean" : 0.000000,
        "iops_stddev" : 0.000000,
        "iops_samples" : 0
      },
      "sync" : {
        "total_ios" : 0,
        "lat_ns" : {
          "min" : 0,
          "max" : 0,
          "mean" : 0.000000,
          "stddev" : 0.000000,
          "N" : 0
        }
      },
      "job_runtime" : 240000,
      "usr_cpu" : 6.339583,
      "sys_cpu" : 17.711250,
      "ctx" : 2254919,
      "majf" : 0,
      "minf" : 291,
      "iodepth_level" : {
        "1" : 100.000000,
        "2" : 0.000000,
        "4" : 0.000000,
        "8" : 0.000000,
        "16" : 0.000000,
        "32" : 0.000000,
        ">=64" : 0.000000
      },
      "iodepth_submit" : {
        "0" : 0.000000,
        "4" : 100.000000,
        "8" : 0.000000,
        "16" : 0.000000,
        "32" : 0.000000,
        "64" : 0.000000,
        ">=64" : 0.000000
      },
      "iodepth_complete" : {
        "0" : 0.000000,
        "4" : 100.000000,
        "8" : 0.000000,
        "16" : 0.000000,
        "32" : 0.000000,
        "64" : 0.000000,
        ">=64" : 0.000000
      },
      "latency_ns" : {
        "2" : 0.000000,
        "4" : 0.000000,
        "10" : 0.000000,
        "20" : 0.000000,
        "50" : 0.000000,
        "100" : 0.000000,
        "250" : 0.000000,
        "500" : 0.000000,
        "750" : 4.157252,
        "1000" : 30.865836
      },
      "latency_us" : {
        "2" : 27.167973,
        "4" : 2.766870,
        "10" : 0.018657,
        "20" : 0.010000,
        "50" : 0.232845,
        "100" : 14.236873,
        "250" : 20.373045,
        "500" : 0.130781,
        "750" : 0.016515,
        "1000" : 0.010599
      },
      "latency_ms" : {
        "2" : 0.011138,
        "4" : 0.010000,
        "10" : 0.010000,
        "20" : 0.000000,
        "50" : 0.000000,
        "100" : 0.000000,
        "250" : 0.000000,
        "500" : 0.000000,
        "750" : 0.000000,
        "1000" : 0.000000,
        "2000" : 0.000000,
        ">=2000" : 0.000000
      },
      "latency_depth" : 1,
      "latency_target" : 0,
      "latency_percentile" : 100.000000,
      "latency_window" : 0
    }
  ],
  "disk_util" : [
    {
      "name" : "sdb",
      "read_ios" : 88435,
      "write_ios" : 0,
      "read_sectors" : 18669248,
      "write_sectors" : 0,
      "read_merges" : 0,
      "write_merges" : 0,
      "read_ticks" : 135046,
      "write_ticks" : 0,
      "in_queue" : 135046,
      "util" : 64.299794
    }
  ]
}
