{
  "fio version" : "fio-3.36",
  "timestamp" : 1733278449,
  "timestamp_ms" : 1733278449461,
  "time" : "Wed Dec  4 02:14:09 2024",
  "jobs" : [
    {
      "jobname" : "write_direct0_fsync1_threads_4_ac3e",
      "groupid" : 0,
      "job_start" : 1733278389048,
      "error" : 0,
      "eta" : 0,
      "elapsed" : 91,
      "job options" : {
        "name" : "write_direct0_fsync1_threads_4_ac3e",
        "rw" : "write",
        "direct" : "0",
        "filename" : "/dev/sdb1",
        "numjobs" : "4",
        "fsync" : "1",
        "bs" : "4k",
        "ramp_time" : "30",
        "runtime" : "60",
        "iodepth" : "1",
        "end_fsync" : "1"
      },
      "read" : {
        "io_bytes" : 0,
        "io_kbytes" : 0,
        "bw_bytes" : 0,
        "bw" : 0,
        "iops" : 0.000000,
        "runtime" : 0,
        "total_ios" : 0,
        "short_ios" : 0,
        "drop_ios" : 0,
        "slat_ns" : {
          "min" : 0,
          "max" : 0,
          "mean" : 0.000000,
          "stddev" : 0.000000,
          "N" : 0
        },
        "clat_ns" : {
          "min" : 0,
          "max" : 0,
          "mean" : 0.000000,
          "stddev" : 0.000000,
          "N" : 0
        },
        "lat_ns" : {
          "min" : 0,
          "max" : 0,
          "mean" : 0.000000,
          "stddev" : 0.000000,
          "N" : 0
        },
        "bw_min" : 0,
        "bw_max" : 0,
        "bw_agg" : 0.000000,
        "bw_mean" : 0.000000,
        "bw_dev" : 0.000000,
        "bw_samples" : 0,
        "iops_min" : 0,
        "iops_max" : 0,
        "iops_mean" : 0.000000,
        "iops_stddev" : 0.000000,
        "iops_samples" : 0
      },
      "write" : {
        "io_bytes" : 6625439744,
        "io_kbytes" : 6470156,
        "bw_bytes" : 110422155,
        "bw" : 107834,
        "iops" : 26958.534024,
        "runtime" : 60001,
        "total_ios" : 1617539,
        "short_ios" : 0,
        "drop_ios" : 0,
        "slat_ns" : {
          "min" : 0,
          "max" : 0,
          "mean" : 0.000000,
          "stddev" : 0.000000,
          "N" : 0
        },
        "clat_ns" : {
          "min" : 1800,
          "max" : 686304,
          "mean" : 3457.417380,
          "stddev" : 3075.597227,
          "N" : 1617539,
          "percentile" : {
            "1.000000" : 2288,
            "5.000000" : 2416,
            "10.000000" : 2416,
            "20.000000" : 2512,
            "30.000000" : 2608,
            "40.000000" : 2704,
            "50.000000" : 2896,
            "60.000000" : 3088,
            "70.000000" : 3888,
            "80.000000" : 4128,
            "90.000000" : 4384,
            "95.000000" : 5216,
            "99.000000" : 7392,
            "99.500000" : 15552,
            "99.900000" : 44288,
            "99.950000" : 50944,
            "99.990000" : 76288
          }
        },
        "lat_ns" : {
          "min" : 1900,
          "max" : 686404,
          "mean" : 3596.342007,
          "stddev" : 3135.279197,
          "N" : 1617539
        },
        "bw_min" : 55392,
        "bw_max" : 128551,
        "bw_agg" : 100.000000,
        "bw_mean" : 107905.958333,
        "bw_dev" : 2600.886301,
        "bw_samples" : 480,
        "iops_min" : 13848,
        "iops_max" : 32137,
        "iops_mean" : 26976.033333,
        "iops_stddev" : 650.206635,
        "iops_samples" : 480
      },
      "trim" : {
        "io_bytes" : 0,
        "io_kbytes" : 0,
        "bw_bytes" : 0,
        "bw" : 0,
        "iops" : 0.000000,
        "runtime" : 0,
        "total_ios" : 0,
        "short_ios" : 0,
        "drop_ios" : 0,
        "slat_ns" : {
          "min" : 0,
          "max" : 0,
          "mean" : 0.000000,
          "stddev" : 0.000000,
          "N" : 0
        },
        "clat_ns" : {
          "min" : 0,
          "max" : 0,
          "mean" : 0.000000,
          "stddev" : 0.000000,
          "N" : 0
        },
        "lat_ns" : {
          "min" : 0,
          "max" : 0,
          "mean" : 0.000000,
          "stddev" : 0.000000,
          "N" : 0
        },
        "bw_min" : 0,
        "bw_max" : 0,
        "bw_agg" : 0.000000,
        "bw_mean" : 0.000000,
        "bw_dev" : 0.000000,
        "bw_samples" : 0,
        "iops_min" : 0,
        "iops_max" : 0,
        "iops_mean" : 0.000000,
        "iops_stddev" : 0.000000,
        "iops_samples" : 0
      },
      "sync" : {
        "total_ios" : 1617539,
        "lat_ns" : {
          "min" : 1700,
          "max" : 73415799,
          "mean" : 143912.611295,
          "stddev" : 378452.845493,
          "N" : 1617539,
          "percentile" : {
            "1.000000" : 75264,
            "5.000000" : 87552,
            "10.000000" : 93696,
            "20.000000" : 101888,
            "30.000000" : 108032,
            "40.000000" : 114176,
            "50.000000" : 120320,
            "60.000000" : 127488,
            "70.000000" : 136192,
            "80.000000" : 148480,
            "90.000000" : 171008,
            "95.000000" : 199680,
            "99.000000" : 536576,
            "99.500000" : 962560,
            "99.900000" : 2572288,
            "99.950000" : 4227072,
            "99.990000" : 16318464
          }
        }
      },
      "job_runtime" : 240000,
      "usr_cpu" : 3.087083,
      "sys_cpu" : 20.723333,
      "ctx" : 1934303,
      "majf" : 0,
      "minf" : 146,
      "iodepth_level" : {
        "1" : 200.000000,
        "2" : 0.000000,
        "4" : 0.000000,
        "8" : 0.000000,
        "16" : 0.000000,
        "32" : 0.000000,
        ">=64" : 0.000000
      },
      "iodepth_submit" : {
        "0" : 0.000000,
        "4" : 100.000000,
        "8" : 0.000000,
        "16" : 0.000000,
        "32" : 0.000000,
        "64" : 0.000000,
        ">=64" : 0.000000
      },
      "iodepth_complete" : {
        "0" : 0.000000,
        "4" : 100.000000,
        "8" : 0.000000,
        "16" : 0.000000,
        "32" : 0.000000,
        "64" : 0.000000,
        ">=64" : 0.000000
      },
      "latency_ns" : {
        "2" : 0.000000,
        "4" : 0.000000,
        "10" : 0.000000,
        "20" : 0.000000,
        "50" : 0.000000,
        "100" : 0.000000,
        "250" : 0.000000,
        "500" : 0.000000,
        "750" : 0.000000,
        "1000" : 0.000000
      },
      "latency_us" : {
        "2" : 0.010000,
        "4" : 74.325565,
        "10" : 25.073522,
        "20" : 0.122655,
        "50" : 0.419526,
        "100" : 0.055084,
        "250" : 0.010000,
        "500" : 0.010000,
        "750" : 0.010000,
        "1000" : 0.000000
      },
      "latency_ms" : {
        "2" : 0.000000,
        "4" : 0.000000,
        "10" : 0.000000,
        "20" : 0.000000,
        "50" : 0.000000,
        "100" : 0.000000,
        "250" : 0.000000,
        "500" : 0.000000,
        "750" : 0.000000,
        "1000" : 0.000000,
        "2000" : 0.000000,
        ">=2000" : 0.000000
      },
      "latency_depth" : 1,
      "latency_target" : 0,
      "latency_percentile" : 100.000000,
      "latency_window" : 0
    }
  ],
  "disk_util" : [
    {
      "name" : "sdb",
      "read_ios" : 59,
      "write_ios" : 2407577,
      "read_sectors" : 4168,
      "write_sectors" : 19261464,
      "read_merges" : 0,
      "write_merges" : 106,
      "read_ticks" : 13,
      "write_ticks" : 264818,
      "in_queue" : 264831,
      "util" : 73.167861
    }
  ]
}
