{
  "fio version" : "fio-3.36",
  "timestamp" : 1733170717,
  "timestamp_ms" : 1733170717546,
  "time" : "Mon Dec  2 20:18:37 2024",
  "jobs" : [
    {
      "jobname" : "seq_write_direct1_fsync1",
      "groupid" : 0,
      "job_start" : 1733170687529,
      "error" : 0,
      "eta" : 0,
      "elapsed" : 91,
      "job options" : {
        "name" : "seq_write_direct1_fsync1",
        "rw" : "write",
        "direct" : "1",
        "bs" : "4k",
        "runtime" : "30",
        "ramp_time" : "60",
        "filename" : "/dev/sdb1",
        "iodepth" : "1",
        "numjobs" : "2",
        "fsync" : "1"
      },
      "read" : {
        "io_bytes" : 0,
        "io_kbytes" : 0,
        "bw_bytes" : 0,
        "bw" : 0,
        "iops" : 0.000000,
        "runtime" : 0,
        "total_ios" : 0,
        "short_ios" : 0,
        "drop_ios" : 0,
        "slat_ns" : {
          "min" : 0,
          "max" : 0,
          "mean" : 0.000000,
          "stddev" : 0.000000,
          "N" : 0
        },
        "clat_ns" : {
          "min" : 0,
          "max" : 0,
          "mean" : 0.000000,
          "stddev" : 0.000000,
          "N" : 0
        },
        "lat_ns" : {
          "min" : 0,
          "max" : 0,
          "mean" : 0.000000,
          "stddev" : 0.000000,
          "N" : 0
        },
        "bw_min" : 0,
        "bw_max" : 0,
        "bw_agg" : 0.000000,
        "bw_mean" : 0.000000,
        "bw_dev" : 0.000000,
        "bw_samples" : 0,
        "iops_min" : 0,
        "iops_max" : 0,
        "iops_mean" : 0.000000,
        "iops_stddev" : 0.000000,
        "iops_samples" : 0
      },
      "write" : {
        "io_bytes" : 1746341888,
        "io_kbytes" : 1705412,
        "bw_bytes" : 58209455,
        "bw" : 56845,
        "iops" : 14211.292957,
        "runtime" : 30001,
        "total_ios" : 426353,
        "short_ios" : 0,
        "drop_ios" : 0,
        "slat_ns" : {
          "min" : 0,
          "max" : 0,
          "mean" : 0.000000,
          "stddev" : 0.000000,
          "N" : 0
        },
        "clat_ns" : {
          "min" : 58800,
          "max" : 15334542,
          "mean" : 138817.910136,
          "stddev" : 123325.743748,
          "N" : 426353,
          "percentile" : {
            "1.000000" : 81408,
            "5.000000" : 89600,
            "10.000000" : 94720,
            "20.000000" : 100864,
            "30.000000" : 104960,
            "40.000000" : 109056,
            "50.000000" : 113152,
            "60.000000" : 118272,
            "70.000000" : 126464,
            "80.000000" : 140288,
            "90.000000" : 177152,
            "95.000000" : 244736,
            "99.000000" : 634880,
            "99.500000" : 880640,
            "99.900000" : 1515520,
            "99.950000" : 1794048,
            "99.990000" : 3489792
          }
        },
        "lat_ns" : {
          "min" : 58900,
          "max" : 15334542,
          "mean" : 138888.303242,
          "stddev" : 123325.794942,
          "N" : 426353
        },
        "bw_min" : 42949,
        "bw_max" : 72128,
        "bw_agg" : 100.000000,
        "bw_mean" : 56884.266667,
        "bw_dev" : 2684.609649,
        "bw_samples" : 120,
        "iops_min" : 10736,
        "iops_max" : 18032,
        "iops_mean" : 14220.800000,
        "iops_stddev" : 671.162891,
        "iops_samples" : 120
      },
      "trim" : {
        "io_bytes" : 0,
        "io_kbytes" : 0,
        "bw_bytes" : 0,
        "bw" : 0,
        "iops" : 0.000000,
        "runtime" : 0,
        "total_ios" : 0,
        "short_ios" : 0,
        "drop_ios" : 0,
        "slat_ns" : {
          "min" : 0,
          "max" : 0,
          "mean" : 0.000000,
          "stddev" : 0.000000,
          "N" : 0
        },
        "clat_ns" : {
          "min" : 0,
          "max" : 0,
          "mean" : 0.000000,
          "stddev" : 0.000000,
          "N" : 0
        },
        "lat_ns" : {
          "min" : 0,
          "max" : 0,
          "mean" : 0.000000,
          "stddev" : 0.000000,
          "N" : 0
        },
        "bw_min" : 0,
        "bw_max" : 0,
        "bw_agg" : 0.000000,
        "bw_mean" : 0.000000,
        "bw_dev" : 0.000000,
        "bw_samples" : 0,
        "iops_min" : 0,
        "iops_max" : 0,
        "iops_mean" : 0.000000,
        "iops_stddev" : 0.000000,
        "iops_samples" : 0
      },
      "sync" : {
        "total_ios" : 426351,
        "lat_ns" : {
          "min" : 700,
          "max" : 112501,
          "mean" : 1025.365201,
          "stddev" : 1307.059930,
          "N" : 426351,
          "percentile" : {
            "1.000000" : 804,
            "5.000000" : 900,
            "10.000000" : 900,
            "20.000000" : 900,
            "30.000000" : 900,
            "40.000000" : 900,
            "50.000000" : 1004,
            "60.000000" : 1004,
            "70.000000" : 1004,
            "80.000000" : 1004,
            "90.000000" : 1096,
            "95.000000" : 1096,
            "99.000000" : 1496,
            "99.500000" : 2512,
            "99.900000" : 23680,
            "99.950000" : 35072,
            "99.990000" : 44800
          }
        }
      },
      "job_runtime" : 60000,
      "usr_cpu" : 3.588333,
      "sys_cpu" : 15.910000,
      "ctx" : 426350,
      "majf" : 0,
      "minf" : 73,
      "iodepth_level" : {
        "1" : 199.999531,
        "2" : 0.000000,
        "4" : 0.000000,
        "8" : 0.000000,
        "16" : 0.000000,
        "32" : 0.000000,
        ">=64" : 0.000000
      },
      "iodepth_submit" : {
        "0" : 0.000000,
        "4" : 100.000000,
        "8" : 0.000000,
        "16" : 0.000000,
        "32" : 0.000000,
        "64" : 0.000000,
        ">=64" : 0.000000
      },
      "iodepth_complete" : {
        "0" : 0.000000,
        "4" : 100.000000,
        "8" : 0.000000,
        "16" : 0.000000,
        "32" : 0.000000,
        "64" : 0.000000,
        ">=64" : 0.000000
      },
      "latency_ns" : {
        "2" : 0.000000,
        "4" : 0.000000,
        "10" : 0.000000,
        "20" : 0.000000,
        "50" : 0.000000,
        "100" : 0.000000,
        "250" : 0.000000,
        "500" : 0.000000,
        "750" : 0.000000,
        "1000" : 0.000000
      },
      "latency_us" : {
        "2" : 0.000000,
        "4" : 0.000000,
        "10" : 0.000000,
        "20" : 0.000000,
        "50" : 0.000000,
        "100" : 19.293872,
        "250" : 75.857095,
        "500" : 3.235816,
        "750" : 0.916611,
        "1000" : 0.316874
      },
      "latency_ms" : {
        "2" : 0.344550,
        "4" : 0.028615,
        "10" : 0.010000,
        "20" : 0.010000,
        "50" : 0.000000,
        "100" : 0.000000,
        "250" : 0.000000,
        "500" : 0.000000,
        "750" : 0.000000,
        "1000" : 0.000000,
        "2000" : 0.000000,
        ">=2000" : 0.000000
      },
      "latency_depth" : 1,
      "latency_target" : 0,
      "latency_percentile" : 100.000000,
      "latency_window" : 0
    }
  ],
  "disk_util" : [
    {
      "name" : "sdb",
      "read_ios" : 59,
      "write_ios" : 1250210,
      "read_sectors" : 4168,
      "write_sectors" : 10001680,
      "read_merges" : 0,
      "write_merges" : 0,
      "read_ticks" : 11,
      "write_ticks" : 145461,
      "in_queue" : 145473,
      "util" : 73.577949
    }
  ]
}
