{
  "fio version" : "fio-3.36",
  "timestamp" : 1733280101,
  "timestamp_ms" : 1733280101428,
  "time" : "Wed Dec  4 02:41:41 2024",
  "jobs" : [
    {
      "jobname" : "randwrite_direct0_fsync1_threads_4_fdc5",
      "groupid" : 0,
      "job_start" : 1733280036965,
      "error" : 0,
      "eta" : 0,
      "elapsed" : 95,
      "job options" : {
        "name" : "randwrite_direct0_fsync1_threads_4_fdc5",
        "rw" : "randwrite",
        "direct" : "0",
        "filename" : "/dev/sdb1",
        "numjobs" : "4",
        "fsync" : "1",
        "bs" : "4k",
        "ramp_time" : "30",
        "runtime" : "60",
        "iodepth" : "1",
        "end_fsync" : "1"
      },
      "read" : {
        "io_bytes" : 0,
        "io_kbytes" : 0,
        "bw_bytes" : 0,
        "bw" : 0,
        "iops" : 0.000000,
        "runtime" : 0,
        "total_ios" : 0,
        "short_ios" : 0,
        "drop_ios" : 0,
        "slat_ns" : {
          "min" : 0,
          "max" : 0,
          "mean" : 0.000000,
          "stddev" : 0.000000,
          "N" : 0
        },
        "clat_ns" : {
          "min" : 0,
          "max" : 0,
          "mean" : 0.000000,
          "stddev" : 0.000000,
          "N" : 0
        },
        "lat_ns" : {
          "min" : 0,
          "max" : 0,
          "mean" : 0.000000,
          "stddev" : 0.000000,
          "N" : 0
        },
        "bw_min" : 0,
        "bw_max" : 0,
        "bw_agg" : 0.000000,
        "bw_mean" : 0.000000,
        "bw_dev" : 0.000000,
        "bw_samples" : 0,
        "iops_min" : 0,
        "iops_max" : 0,
        "iops_mean" : 0.000000,
        "iops_stddev" : 0.000000,
        "iops_samples" : 0
      },
      "write" : {
        "io_bytes" : 6157770752,
        "io_kbytes" : 6013448,
        "bw_bytes" : 102627802,
        "bw" : 100222,
        "iops" : 25055.615740,
        "runtime" : 60001,
        "total_ios" : 1503362,
        "short_ios" : 0,
        "drop_ios" : 0,
        "slat_ns" : {
          "min" : 0,
          "max" : 0,
          "mean" : 0.000000,
          "stddev" : 0.000000,
          "N" : 0
        },
        "clat_ns" : {
          "min" : 2600,
          "max" : 4395049,
          "mean" : 5686.872055,
          "stddev" : 5816.579409,
          "N" : 1503362,
          "percentile" : {
            "1.000000" : 4192,
            "5.000000" : 4384,
            "10.000000" : 4384,
            "20.000000" : 4576,
            "30.000000" : 4704,
            "40.000000" : 4832,
            "50.000000" : 4896,
            "60.000000" : 5088,
            "70.000000" : 5408,
            "80.000000" : 5792,
            "90.000000" : 7072,
            "95.000000" : 9152,
            "99.000000" : 12992,
            "99.500000" : 38656,
            "99.900000" : 53504,
            "99.950000" : 62208,
            "99.990000" : 97792
          }
        },
        "lat_ns" : {
          "min" : 2700,
          "max" : 4395149,
          "mean" : 5811.829599,
          "stddev" : 5845.974953,
          "N" : 1503362
        },
        "bw_min" : 54664,
        "bw_max" : 129295,
        "bw_agg" : 100.000000,
        "bw_mean" : 100268.988866,
        "bw_dev" : 2166.867922,
        "bw_samples" : 478,
        "iops_min" : 13666,
        "iops_max" : 32322,
        "iops_mean" : 25066.719818,
        "iops_stddev" : 541.703826,
        "iops_samples" : 478
      },
      "trim" : {
        "io_bytes" : 0,
        "io_kbytes" : 0,
        "bw_bytes" : 0,
        "bw" : 0,
        "iops" : 0.000000,
        "runtime" : 0,
        "total_ios" : 0,
        "short_ios" : 0,
        "drop_ios" : 0,
        "slat_ns" : {
          "min" : 0,
          "max" : 0,
          "mean" : 0.000000,
          "stddev" : 0.000000,
          "N" : 0
        },
        "clat_ns" : {
          "min" : 0,
          "max" : 0,
          "mean" : 0.000000,
          "stddev" : 0.000000,
          "N" : 0
        },
        "lat_ns" : {
          "min" : 0,
          "max" : 0,
          "mean" : 0.000000,
          "stddev" : 0.000000,
          "N" : 0
        },
        "bw_min" : 0,
        "bw_max" : 0,
        "bw_agg" : 0.000000,
        "bw_mean" : 0.000000,
        "bw_dev" : 0.000000,
        "bw_samples" : 0,
        "iops_min" : 0,
        "iops_max" : 0,
        "iops_mean" : 0.000000,
        "iops_stddev" : 0.000000,
        "iops_samples" : 0
      },
      "sync" : {
        "total_ios" : 1503362,
        "lat_ns" : {
          "min" : 38500,
          "max" : 94968415,
          "mean" : 152538.572541,
          "stddev" : 430757.706689,
          "N" : 1503362,
          "percentile" : {
            "1.000000" : 75264,
            "5.000000" : 88576,
            "10.000000" : 95744,
            "20.000000" : 104960,
            "30.000000" : 112128,
            "40.000000" : 118272,
            "50.000000" : 125440,
            "60.000000" : 132096,
            "70.000000" : 142336,
            "80.000000" : 156672,
            "90.000000" : 181248,
            "95.000000" : 216064,
            "99.000000" : 651264,
            "99.500000" : 1122304,
            "99.900000" : 2834432,
            "99.950000" : 4489216,
            "99.990000" : 15925248
          }
        }
      },
      "job_runtime" : 240000,
      "usr_cpu" : 2.975417,
      "sys_cpu" : 21.783333,
      "ctx" : 1848075,
      "majf" : 0,
      "minf" : 147,
      "iodepth_level" : {
        "1" : 200.000000,
        "2" : 0.000000,
        "4" : 0.000000,
        "8" : 0.000000,
        "16" : 0.000000,
        "32" : 0.000000,
        ">=64" : 0.000000
      },
      "iodepth_submit" : {
        "0" : 0.000000,
        "4" : 100.000000,
        "8" : 0.000000,
        "16" : 0.000000,
        "32" : 0.000000,
        "64" : 0.000000,
        ">=64" : 0.000000
      },
      "iodepth_complete" : {
        "0" : 0.000000,
        "4" : 100.000000,
        "8" : 0.000000,
        "16" : 0.000000,
        "32" : 0.000000,
        "64" : 0.000000,
        ">=64" : 0.000000
      },
      "latency_ns" : {
        "2" : 0.000000,
        "4" : 0.000000,
        "10" : 0.000000,
        "20" : 0.000000,
        "50" : 0.000000,
        "100" : 0.000000,
        "250" : 0.000000,
        "500" : 0.000000,
        "750" : 0.000000,
        "1000" : 0.000000
      },
      "latency_us" : {
        "2" : 0.000000,
        "4" : 0.298863,
        "10" : 96.758465,
        "20" : 2.197009,
        "50" : 0.595332,
        "100" : 0.141084,
        "250" : 0.010000,
        "500" : 0.010000,
        "750" : 0.010000,
        "1000" : 0.000000
      },
      "latency_ms" : {
        "2" : 0.010000,
        "4" : 0.010000,
        "10" : 0.010000,
        "20" : 0.000000,
        "50" : 0.000000,
        "100" : 0.000000,
        "250" : 0.000000,
        "500" : 0.000000,
        "750" : 0.000000,
        "1000" : 0.000000,
        "2000" : 0.000000,
        ">=2000" : 0.000000
      },
      "latency_depth" : 1,
      "latency_target" : 0,
      "latency_percentile" : 100.000000,
      "latency_window" : 0
    }
  ],
  "disk_util" : [
    {
      "name" : "sdb",
      "read_ios" : 59,
      "write_ios" : 2221787,
      "read_sectors" : 4168,
      "write_sectors" : 17774296,
      "read_merges" : 0,
      "write_merges" : 0,
      "read_ticks" : 26,
      "write_ticks" : 260800,
      "in_queue" : 260826,
      "util" : 73.798947
    }
  ]
}
