{
  "fio version" : "fio-3.36",
  "timestamp" : 1733172411,
  "timestamp_ms" : 1733172411053,
  "time" : "Mon Dec  2 20:46:51 2024",
  "jobs" : [
    {
      "jobname" : "seq_write_direct0_fsync0",
      "groupid" : 0,
      "job_start" : 1733172370924,
      "error" : 0,
      "eta" : 0,
      "elapsed" : 101,
      "job options" : {
        "name" : "seq_write_direct0_fsync0",
        "rw" : "write",
        "direct" : "0",
        "bs" : "4k",
        "runtime" : "30",
        "ramp_time" : "60",
        "filename" : "/dev/sdb1",
        "iodepth" : "1",
        "numjobs" : "16"
      },
      "read" : {
        "io_bytes" : 0,
        "io_kbytes" : 0,
        "bw_bytes" : 0,
        "bw" : 0,
        "iops" : 0.000000,
        "runtime" : 0,
        "total_ios" : 0,
        "short_ios" : 0,
        "drop_ios" : 0,
        "slat_ns" : {
          "min" : 0,
          "max" : 0,
          "mean" : 0.000000,
          "stddev" : 0.000000,
          "N" : 0
        },
        "clat_ns" : {
          "min" : 0,
          "max" : 0,
          "mean" : 0.000000,
          "stddev" : 0.000000,
          "N" : 0
        },
        "lat_ns" : {
          "min" : 0,
          "max" : 0,
          "mean" : 0.000000,
          "stddev" : 0.000000,
          "N" : 0
        },
        "bw_min" : 0,
        "bw_max" : 0,
        "bw_agg" : 0.000000,
        "bw_mean" : 0.000000,
        "bw_dev" : 0.000000,
        "bw_samples" : 0,
        "iops_min" : 0,
        "iops_max" : 0,
        "iops_mean" : 0.000000,
        "iops_stddev" : 0.000000,
        "iops_samples" : 0
      },
      "write" : {
        "io_bytes" : 262338752512,
        "io_kbytes" : 256190188,
        "bw_bytes" : 8744333605,
        "bw" : 8539388,
        "iops" : 2134847.071764,
        "runtime" : 30001,
        "total_ios" : 64047547,
        "short_ios" : 0,
        "drop_ios" : 0,
        "slat_ns" : {
          "min" : 0,
          "max" : 0,
          "mean" : 0.000000,
          "stddev" : 0.000000,
          "N" : 0
        },
        "clat_ns" : {
          "min" : 1100,
          "max" : 8250277,
          "mean" : 6902.421744,
          "stddev" : 17108.993083,
          "N" : 64047547,
          "percentile" : {
            "1.000000" : 1208,
            "5.000000" : 1400,
            "10.000000" : 1496,
            "20.000000" : 1496,
            "30.000000" : 1608,
            "40.000000" : 1704,
            "50.000000" : 1800,
            "60.000000" : 2288,
            "70.000000" : 3504,
            "80.000000" : 4704,
            "90.000000" : 13248,
            "95.000000" : 41216,
            "99.000000" : 73216,
            "99.500000" : 89600,
            "99.900000" : 146432,
            "99.950000" : 199680,
            "99.990000" : 395264
          }
        },
        "lat_ns" : {
          "min" : 1100,
          "max" : 8250377,
          "mean" : 7006.527652,
          "stddev" : 17131.860994,
          "N" : 64047547
        },
        "bw_min" : 7884744,
        "bw_max" : 8801174,
        "bw_agg" : 100.000000,
        "bw_mean" : 8547315.033333,
        "bw_dev" : 14598.338425,
        "bw_samples" : 960,
        "iops_min" : 1971186,
        "iops_max" : 2200292,
        "iops_mean" : 2136826.000000,
        "iops_stddev" : 3649.582439,
        "iops_samples" : 960
      },
      "trim" : {
        "io_bytes" : 0,
        "io_kbytes" : 0,
        "bw_bytes" : 0,
        "bw" : 0,
        "iops" : 0.000000,
        "runtime" : 0,
        "total_ios" : 0,
        "short_ios" : 0,
        "drop_ios" : 0,
        "slat_ns" : {
          "min" : 0,
          "max" : 0,
          "mean" : 0.000000,
          "stddev" : 0.000000,
          "N" : 0
        },
        "clat_ns" : {
          "min" : 0,
          "max" : 0,
          "mean" : 0.000000,
          "stddev" : 0.000000,
          "N" : 0
        },
        "lat_ns" : {
          "min" : 0,
          "max" : 0,
          "mean" : 0.000000,
          "stddev" : 0.000000,
          "N" : 0
        },
        "bw_min" : 0,
        "bw_max" : 0,
        "bw_agg" : 0.000000,
        "bw_mean" : 0.000000,
        "bw_dev" : 0.000000,
        "bw_samples" : 0,
        "iops_min" : 0,
        "iops_max" : 0,
        "iops_mean" : 0.000000,
        "iops_stddev" : 0.000000,
        "iops_samples" : 0
      },
      "sync" : {
        "total_ios" : 0,
        "lat_ns" : {
          "min" : 0,
          "max" : 0,
          "mean" : 0.000000,
          "stddev" : 0.000000,
          "N" : 0
        }
      },
      "job_runtime" : 480000,
      "usr_cpu" : 13.467708,
      "sys_cpu" : 51.046042,
      "ctx" : 5785719,
      "majf" : 0,
      "minf" : 583,
      "iodepth_level" : {
        "1" : 100.000000,
        "2" : 0.000000,
        "4" : 0.000000,
        "8" : 0.000000,
        "16" : 0.000000,
        "32" : 0.000000,
        ">=64" : 0.000000
      },
      "iodepth_submit" : {
        "0" : 0.000000,
        "4" : 100.000000,
        "8" : 0.000000,
        "16" : 0.000000,
        "32" : 0.000000,
        "64" : 0.000000,
        ">=64" : 0.000000
      },
      "iodepth_complete" : {
        "0" : 0.000000,
        "4" : 100.000000,
        "8" : 0.000000,
        "16" : 0.000000,
        "32" : 0.000000,
        "64" : 0.000000,
        ">=64" : 0.000000
      },
      "latency_ns" : {
        "2" : 0.000000,
        "4" : 0.000000,
        "10" : 0.000000,
        "20" : 0.000000,
        "50" : 0.000000,
        "100" : 0.000000,
        "250" : 0.000000,
        "500" : 0.000000,
        "750" : 0.000000,
        "1000" : 0.000000
      },
      "latency_us" : {
        "2" : 55.002096,
        "4" : 21.539459,
        "10" : 11.862963,
        "20" : 3.595238,
        "50" : 4.550138,
        "100" : 3.119600,
        "250" : 0.300464,
        "500" : 0.024846,
        "750" : 0.010000,
        "1000" : 0.010000
      },
      "latency_ms" : {
        "2" : 0.010000,
        "4" : 0.010000,
        "10" : 0.010000,
        "20" : 0.000000,
        "50" : 0.000000,
        "100" : 0.000000,
        "250" : 0.000000,
        "500" : 0.000000,
        "750" : 0.000000,
        "1000" : 0.000000,
        "2000" : 0.000000,
        ">=2000" : 0.000000
      },
      "latency_depth" : 1,
      "latency_target" : 0,
      "latency_percentile" : 100.000000,
      "latency_window" : 0
    }
  ],
  "disk_util" : [
    {
      "name" : "sdb",
      "read_ios" : 177,
      "write_ios" : 180648,
      "read_sectors" : 12504,
      "write_sectors" : 91038848,
      "read_merges" : 0,
      "write_merges" : 11199208,
      "read_ticks" : 46,
      "write_ticks" : 161890,
      "in_queue" : 161936,
      "util" : 16.804763
    }
  ]
}
