{
  "fio version" : "fio-3.36",
  "timestamp" : 1733282210,
  "timestamp_ms" : 1733282210830,
  "time" : "Wed Dec  4 03:16:50 2024",
  "jobs" : [
    {
      "jobname" : "randread_direct0_fsync0_threads_1_5cfa",
      "groupid" : 0,
      "job_start" : 1733282150259,
      "error" : 0,
      "eta" : 0,
      "elapsed" : 91,
      "job options" : {
        "name" : "randread_direct0_fsync0_threads_1_5cfa",
        "rw" : "randread",
        "direct" : "0",
        "filename" : "/dev/sdb1",
        "numjobs" : "1",
        "fsync" : "0",
        "bs" : "4k",
        "ramp_time" : "30",
        "runtime" : "60",
        "iodepth" : "1",
        "end_fsync" : "1"
      },
      "read" : {
        "io_bytes" : 759558144,
        "io_kbytes" : 741756,
        "bw_bytes" : 12659091,
        "bw" : 12362,
        "iops" : 3090.598490,
        "runtime" : 60001,
        "total_ios" : 185439,
        "short_ios" : 0,
        "drop_ios" : 0,
        "slat_ns" : {
          "min" : 0,
          "max" : 0,
          "mean" : 0.000000,
          "stddev" : 0.000000,
          "N" : 0
        },
        "clat_ns" : {
          "min" : 132801,
          "max" : 32616023,
          "mean" : 322681.978332,
          "stddev" : 362991.487019,
          "N" : 185439,
          "percentile" : {
            "1.000000" : 154624,
            "5.000000" : 164864,
            "10.000000" : 171008,
            "20.000000" : 179200,
            "30.000000" : 187392,
            "40.000000" : 195584,
            "50.000000" : 207872,
            "60.000000" : 226304,
            "70.000000" : 264192,
            "80.000000" : 337920,
            "90.000000" : 577536,
            "95.000000" : 921600,
            "99.000000" : 1859584,
            "99.500000" : 2277376,
            "99.900000" : 3358720,
            "99.950000" : 4014080,
            "99.990000" : 6324224
          }
        },
        "lat_ns" : {
          "min" : 132801,
          "max" : 32616123,
          "mean" : 322758.302687,
          "stddev" : 362990.850182,
          "N" : 185439
        },
        "bw_min" : 8088,
        "bw_max" : 18725,
        "bw_agg" : 100.000000,
        "bw_mean" : 12369.675000,
        "bw_dev" : 2283.499681,
        "bw_samples" : 120,
        "iops_min" : 2022,
        "iops_max" : 4681,
        "iops_mean" : 3092.325000,
        "iops_stddev" : 570.880452,
        "iops_samples" : 120
      },
      "write" : {
        "io_bytes" : 0,
        "io_kbytes" : 0,
        "bw_bytes" : 0,
        "bw" : 0,
        "iops" : 0.000000,
        "runtime" : 0,
        "total_ios" : 0,
        "short_ios" : 0,
        "drop_ios" : 0,
        "slat_ns" : {
          "min" : 0,
          "max" : 0,
          "mean" : 0.000000,
          "stddev" : 0.000000,
          "N" : 0
        },
        "clat_ns" : {
          "min" : 0,
          "max" : 0,
          "mean" : 0.000000,
          "stddev" : 0.000000,
          "N" : 0
        },
        "lat_ns" : {
          "min" : 0,
          "max" : 0,
          "mean" : 0.000000,
          "stddev" : 0.000000,
          "N" : 0
        },
        "bw_min" : 0,
        "bw_max" : 0,
        "bw_agg" : 0.000000,
        "bw_mean" : 0.000000,
        "bw_dev" : 0.000000,
        "bw_samples" : 0,
        "iops_min" : 0,
        "iops_max" : 0,
        "iops_mean" : 0.000000,
        "iops_stddev" : 0.000000,
        "iops_samples" : 0
      },
      "trim" : {
        "io_bytes" : 0,
        "io_kbytes" : 0,
        "bw_bytes" : 0,
        "bw" : 0,
        "iops" : 0.000000,
        "runtime" : 0,
        "total_ios" : 0,
        "short_ios" : 0,
        "drop_ios" : 0,
        "slat_ns" : {
          "min" : 0,
          "max" : 0,
          "mean" : 0.000000,
          "stddev" : 0.000000,
          "N" : 0
        },
        "clat_ns" : {
          "min" : 0,
          "max" : 0,
          "mean" : 0.000000,
          "stddev" : 0.000000,
          "N" : 0
        },
        "lat_ns" : {
          "min" : 0,
          "max" : 0,
          "mean" : 0.000000,
          "stddev" : 0.000000,
          "N" : 0
        },
        "bw_min" : 0,
        "bw_max" : 0,
        "bw_agg" : 0.000000,
        "bw_mean" : 0.000000,
        "bw_dev" : 0.000000,
        "bw_samples" : 0,
        "iops_min" : 0,
        "iops_max" : 0,
        "iops_mean" : 0.000000,
        "iops_stddev" : 0.000000,
        "iops_samples" : 0
      },
      "sync" : {
        "total_ios" : 0,
        "lat_ns" : {
          "min" : 0,
          "max" : 0,
          "mean" : 0.000000,
          "stddev" : 0.000000,
          "N" : 0
        }
      },
      "job_runtime" : 60000,
      "usr_cpu" : 1.301667,
      "sys_cpu" : 8.820000,
      "ctx" : 185439,
      "majf" : 0,
      "minf" : 37,
      "iodepth_level" : {
        "1" : 100.000000,
        "2" : 0.000000,
        "4" : 0.000000,
        "8" : 0.000000,
        "16" : 0.000000,
        "32" : 0.000000,
        ">=64" : 0.000000
      },
      "iodepth_submit" : {
        "0" : 0.000000,
        "4" : 100.000000,
        "8" : 0.000000,
        "16" : 0.000000,
        "32" : 0.000000,
        "64" : 0.000000,
        ">=64" : 0.000000
      },
      "iodepth_complete" : {
        "0" : 0.000000,
        "4" : 100.000000,
        "8" : 0.000000,
        "16" : 0.000000,
        "32" : 0.000000,
        "64" : 0.000000,
        ">=64" : 0.000000
      },
      "latency_ns" : {
        "2" : 0.000000,
        "4" : 0.000000,
        "10" : 0.000000,
        "20" : 0.000000,
        "50" : 0.000000,
        "100" : 0.000000,
        "250" : 0.000000,
        "500" : 0.000000,
        "750" : 0.000000,
        "1000" : 0.000000
      },
      "latency_us" : {
        "2" : 0.000000,
        "4" : 0.000000,
        "10" : 0.000000,
        "20" : 0.000000,
        "50" : 0.000000,
        "100" : 0.000000,
        "250" : 67.165483,
        "500" : 20.805224,
        "750" : 5.074445,
        "1000" : 2.572814
      },
      "latency_ms" : {
        "2" : 3.599566,
        "4" : 0.730159,
        "10" : 0.047455,
        "20" : 0.010000,
        "50" : 0.010000,
        "100" : 0.000000,
        "250" : 0.000000,
        "500" : 0.000000,
        "750" : 0.000000,
        "1000" : 0.000000,
        "2000" : 0.000000,
        ">=2000" : 0.000000
      },
      "latency_depth" : 1,
      "latency_target" : 0,
      "latency_percentile" : 100.000000,
      "latency_window" : 0
    }
  ],
  "disk_util" : [
    {
      "name" : "sdb",
      "read_ios" : 276161,
      "write_ios" : 0,
      "read_sectors" : 2209288,
      "write_sectors" : 0,
      "read_merges" : 0,
      "write_merges" : 0,
      "read_ticks" : 81544,
      "write_ticks" : 0,
      "in_queue" : 81543,
      "util" : 84.750694
    }
  ]
}
