{
  "fio version" : "fio-3.36",
  "timestamp" : 1733280643,
  "timestamp_ms" : 1733280643962,
  "time" : "Wed Dec  4 02:50:43 2024",
  "jobs" : [
    {
      "jobname" : "randwrite_direct1_fsync0_threads_1_0939",
      "groupid" : 0,
      "job_start" : 1733280583945,
      "error" : 0,
      "eta" : 0,
      "elapsed" : 91,
      "job options" : {
        "name" : "randwrite_direct1_fsync0_threads_1_0939",
        "rw" : "randwrite",
        "direct" : "1",
        "filename" : "/dev/sdb1",
        "numjobs" : "1",
        "fsync" : "0",
        "bs" : "4k",
        "ramp_time" : "30",
        "runtime" : "60",
        "iodepth" : "1",
        "end_fsync" : "1"
      },
      "read" : {
        "io_bytes" : 0,
        "io_kbytes" : 0,
        "bw_bytes" : 0,
        "bw" : 0,
        "iops" : 0.000000,
        "runtime" : 0,
        "total_ios" : 0,
        "short_ios" : 0,
        "drop_ios" : 0,
        "slat_ns" : {
          "min" : 0,
          "max" : 0,
          "mean" : 0.000000,
          "stddev" : 0.000000,
          "N" : 0
        },
        "clat_ns" : {
          "min" : 0,
          "max" : 0,
          "mean" : 0.000000,
          "stddev" : 0.000000,
          "N" : 0
        },
        "lat_ns" : {
          "min" : 0,
          "max" : 0,
          "mean" : 0.000000,
          "stddev" : 0.000000,
          "N" : 0
        },
        "bw_min" : 0,
        "bw_max" : 0,
        "bw_agg" : 0.000000,
        "bw_mean" : 0.000000,
        "bw_dev" : 0.000000,
        "bw_samples" : 0,
        "iops_min" : 0,
        "iops_max" : 0,
        "iops_mean" : 0.000000,
        "iops_stddev" : 0.000000,
        "iops_samples" : 0
      },
      "write" : {
        "io_bytes" : 1081303040,
        "io_kbytes" : 1055960,
        "bw_bytes" : 18021416,
        "bw" : 17599,
        "iops" : 4399.760004,
        "runtime" : 60001,
        "total_ios" : 263990,
        "short_ios" : 0,
        "drop_ios" : 0,
        "slat_ns" : {
          "min" : 0,
          "max" : 0,
          "mean" : 0.000000,
          "stddev" : 0.000000,
          "N" : 0
        },
        "clat_ns" : {
          "min" : 67200,
          "max" : 54017607,
          "mean" : 226339.337437,
          "stddev" : 325383.036723,
          "N" : 263990,
          "percentile" : {
            "1.000000" : 87552,
            "5.000000" : 95744,
            "10.000000" : 100864,
            "20.000000" : 107008,
            "30.000000" : 113152,
            "40.000000" : 119296,
            "50.000000" : 127488,
            "60.000000" : 142336,
            "70.000000" : 173056,
            "80.000000" : 236544,
            "90.000000" : 419840,
            "95.000000" : 716800,
            "99.000000" : 1597440,
            "99.500000" : 2007040,
            "99.900000" : 3063808,
            "99.950000" : 3653632,
            "99.990000" : 4882432
          }
        },
        "lat_ns" : {
          "min" : 67300,
          "max" : 54017707,
          "mean" : 226451.471052,
          "stddev" : 325385.038001,
          "N" : 263990
        },
        "bw_min" : 10048,
        "bw_max" : 30224,
        "bw_agg" : 100.000000,
        "bw_mean" : 17609.125000,
        "bw_dev" : 4841.417314,
        "bw_samples" : 120,
        "iops_min" : 2512,
        "iops_max" : 7556,
        "iops_mean" : 4402.166667,
        "iops_stddev" : 1210.356836,
        "iops_samples" : 120
      },
      "trim" : {
        "io_bytes" : 0,
        "io_kbytes" : 0,
        "bw_bytes" : 0,
        "bw" : 0,
        "iops" : 0.000000,
        "runtime" : 0,
        "total_ios" : 0,
        "short_ios" : 0,
        "drop_ios" : 0,
        "slat_ns" : {
          "min" : 0,
          "max" : 0,
          "mean" : 0.000000,
          "stddev" : 0.000000,
          "N" : 0
        },
        "clat_ns" : {
          "min" : 0,
          "max" : 0,
          "mean" : 0.000000,
          "stddev" : 0.000000,
          "N" : 0
        },
        "lat_ns" : {
          "min" : 0,
          "max" : 0,
          "mean" : 0.000000,
          "stddev" : 0.000000,
          "N" : 0
        },
        "bw_min" : 0,
        "bw_max" : 0,
        "bw_agg" : 0.000000,
        "bw_mean" : 0.000000,
        "bw_dev" : 0.000000,
        "bw_samples" : 0,
        "iops_min" : 0,
        "iops_max" : 0,
        "iops_mean" : 0.000000,
        "iops_stddev" : 0.000000,
        "iops_samples" : 0
      },
      "sync" : {
        "total_ios" : 0,
        "lat_ns" : {
          "min" : 0,
          "max" : 0,
          "mean" : 0.000000,
          "stddev" : 0.000000,
          "N" : 0
        }
      },
      "job_runtime" : 60000,
      "usr_cpu" : 2.443333,
      "sys_cpu" : 9.485000,
      "ctx" : 263991,
      "majf" : 0,
      "minf" : 36,
      "iodepth_level" : {
        "1" : 100.000000,
        "2" : 0.000000,
        "4" : 0.000000,
        "8" : 0.000000,
        "16" : 0.000000,
        "32" : 0.000000,
        ">=64" : 0.000000
      },
      "iodepth_submit" : {
        "0" : 0.000000,
        "4" : 100.000000,
        "8" : 0.000000,
        "16" : 0.000000,
        "32" : 0.000000,
        "64" : 0.000000,
        ">=64" : 0.000000
      },
      "iodepth_complete" : {
        "0" : 0.000000,
        "4" : 100.000000,
        "8" : 0.000000,
        "16" : 0.000000,
        "32" : 0.000000,
        "64" : 0.000000,
        ">=64" : 0.000000
      },
      "latency_ns" : {
        "2" : 0.000000,
        "4" : 0.000000,
        "10" : 0.000000,
        "20" : 0.000000,
        "50" : 0.000000,
        "100" : 0.000000,
        "250" : 0.000000,
        "500" : 0.000000,
        "750" : 0.000000,
        "1000" : 0.000000
      },
      "latency_us" : {
        "2" : 0.000000,
        "4" : 0.000000,
        "10" : 0.000000,
        "20" : 0.000000,
        "50" : 0.000000,
        "100" : 9.375734,
        "250" : 72.008031,
        "500" : 10.470094,
        "750" : 3.497102,
        "1000" : 1.737945
      },
      "latency_ms" : {
        "2" : 2.408425,
        "4" : 0.466306,
        "10" : 0.032577,
        "20" : 0.010000,
        "50" : 0.000000,
        "100" : 0.010000,
        "250" : 0.000000,
        "500" : 0.000000,
        "750" : 0.000000,
        "1000" : 0.000000,
        "2000" : 0.000000,
        ">=2000" : 0.000000
      },
      "latency_depth" : 1,
      "latency_target" : 0,
      "latency_percentile" : 100.000000,
      "latency_window" : 0
    }
  ],
  "disk_util" : [
    {
      "name" : "sdb",
      "read_ios" : 59,
      "write_ios" : 400415,
      "read_sectors" : 4168,
      "write_sectors" : 3203320,
      "read_merges" : 0,
      "write_merges" : 0,
      "read_ticks" : 20,
      "write_ticks" : 79005,
      "in_queue" : 79024,
      "util" : 80.857514
    }
  ]
}
