{
  "fio version" : "fio-3.36",
  "timestamp" : 1733174290,
  "timestamp_ms" : 1733174290708,
  "time" : "Mon Dec  2 21:18:10 2024",
  "jobs" : [
    {
      "jobname" : "rand_write_direct0_fsync0",
      "groupid" : 0,
      "job_start" : 1733174215237,
      "error" : 0,
      "eta" : 0,
      "elapsed" : 136,
      "job options" : {
        "name" : "rand_write_direct0_fsync0",
        "rw" : "randwrite",
        "direct" : "0",
        "bs" : "4k",
        "runtime" : "30",
        "ramp_time" : "60",
        "filename" : "/dev/sdb1",
        "iodepth" : "1",
        "numjobs" : "8"
      },
      "read" : {
        "io_bytes" : 0,
        "io_kbytes" : 0,
        "bw_bytes" : 0,
        "bw" : 0,
        "iops" : 0.000000,
        "runtime" : 0,
        "total_ios" : 0,
        "short_ios" : 0,
        "drop_ios" : 0,
        "slat_ns" : {
          "min" : 0,
          "max" : 0,
          "mean" : 0.000000,
          "stddev" : 0.000000,
          "N" : 0
        },
        "clat_ns" : {
          "min" : 0,
          "max" : 0,
          "mean" : 0.000000,
          "stddev" : 0.000000,
          "N" : 0
        },
        "lat_ns" : {
          "min" : 0,
          "max" : 0,
          "mean" : 0.000000,
          "stddev" : 0.000000,
          "N" : 0
        },
        "bw_min" : 0,
        "bw_max" : 0,
        "bw_agg" : 0.000000,
        "bw_mean" : 0.000000,
        "bw_dev" : 0.000000,
        "bw_samples" : 0,
        "iops_min" : 0,
        "iops_max" : 0,
        "iops_mean" : 0.000000,
        "iops_stddev" : 0.000000,
        "iops_samples" : 0
      },
      "write" : {
        "io_bytes" : 9542553600,
        "io_kbytes" : 9318900,
        "bw_bytes" : 317682721,
        "bw" : 310237,
        "iops" : 77559.258273,
        "runtime" : 30038,
        "total_ios" : 2329725,
        "short_ios" : 0,
        "drop_ios" : 0,
        "slat_ns" : {
          "min" : 0,
          "max" : 0,
          "mean" : 0.000000,
          "stddev" : 0.000000,
          "N" : 0
        },
        "clat_ns" : {
          "min" : 1400,
          "max" : 44105128,
          "mean" : 102598.543235,
          "stddev" : 1961875.506167,
          "N" : 2329725,
          "percentile" : {
            "1.000000" : 2608,
            "5.000000" : 2992,
            "10.000000" : 3088,
            "20.000000" : 3216,
            "30.000000" : 3312,
            "40.000000" : 3408,
            "50.000000" : 3504,
            "60.000000" : 3792,
            "70.000000" : 4016,
            "80.000000" : 4192,
            "90.000000" : 4704,
            "95.000000" : 5408,
            "99.000000" : 7520,
            "99.500000" : 40704,
            "99.900000" : 39059456,
            "99.950000" : 40108032,
            "99.990000" : 42205184
          }
        },
        "lat_ns" : {
          "min" : 1500,
          "max" : 44105228,
          "mean" : 102654.073592,
          "stddev" : 1961875.103116,
          "N" : 2329725
        },
        "bw_min" : 280217,
        "bw_max" : 330228,
        "bw_agg" : 100.000000,
        "bw_mean" : 311000.101695,
        "bw_dev" : 1752.018359,
        "bw_samples" : 472,
        "iops_min" : 70052,
        "iops_max" : 82556,
        "iops_mean" : 77749.305085,
        "iops_stddev" : 438.047291,
        "iops_samples" : 472
      },
      "trim" : {
        "io_bytes" : 0,
        "io_kbytes" : 0,
        "bw_bytes" : 0,
        "bw" : 0,
        "iops" : 0.000000,
        "runtime" : 0,
        "total_ios" : 0,
        "short_ios" : 0,
        "drop_ios" : 0,
        "slat_ns" : {
          "min" : 0,
          "max" : 0,
          "mean" : 0.000000,
          "stddev" : 0.000000,
          "N" : 0
        },
        "clat_ns" : {
          "min" : 0,
          "max" : 0,
          "mean" : 0.000000,
          "stddev" : 0.000000,
          "N" : 0
        },
        "lat_ns" : {
          "min" : 0,
          "max" : 0,
          "mean" : 0.000000,
          "stddev" : 0.000000,
          "N" : 0
        },
        "bw_min" : 0,
        "bw_max" : 0,
        "bw_agg" : 0.000000,
        "bw_mean" : 0.000000,
        "bw_dev" : 0.000000,
        "bw_samples" : 0,
        "iops_min" : 0,
        "iops_max" : 0,
        "iops_mean" : 0.000000,
        "iops_stddev" : 0.000000,
        "iops_samples" : 0
      },
      "sync" : {
        "total_ios" : 0,
        "lat_ns" : {
          "min" : 0,
          "max" : 0,
          "mean" : 0.000000,
          "stddev" : 0.000000,
          "N" : 0
        }
      },
      "job_runtime" : 240111,
      "usr_cpu" : 0.541416,
      "sys_cpu" : 3.747433,
      "ctx" : 5897,
      "majf" : 0,
      "minf" : 291,
      "iodepth_level" : {
        "1" : 100.000000,
        "2" : 0.000000,
        "4" : 0.000000,
        "8" : 0.000000,
        "16" : 0.000000,
        "32" : 0.000000,
        ">=64" : 0.000000
      },
      "iodepth_submit" : {
        "0" : 0.000000,
        "4" : 100.000000,
        "8" : 0.000000,
        "16" : 0.000000,
        "32" : 0.000000,
        "64" : 0.000000,
        ">=64" : 0.000000
      },
      "iodepth_complete" : {
        "0" : 0.000000,
        "4" : 100.000000,
        "8" : 0.000000,
        "16" : 0.000000,
        "32" : 0.000000,
        "64" : 0.000000,
        ">=64" : 0.000000
      },
      "latency_ns" : {
        "2" : 0.000000,
        "4" : 0.000000,
        "10" : 0.000000,
        "20" : 0.000000,
        "50" : 0.000000,
        "100" : 0.000000,
        "250" : 0.000000,
        "500" : 0.000000,
        "750" : 0.000000,
        "1000" : 0.000000
      },
      "latency_us" : {
        "2" : 0.010000,
        "4" : 68.871090,
        "10" : 30.523517,
        "20" : 0.056015,
        "50" : 0.185859,
        "100" : 0.105635,
        "250" : 0.010000,
        "500" : 0.000000,
        "750" : 0.010000,
        "1000" : 0.000000
      },
      "latency_ms" : {
        "2" : 0.000000,
        "4" : 0.000000,
        "10" : 0.000000,
        "20" : 0.000000,
        "50" : 0.252862,
        "100" : 0.000000,
        "250" : 0.000000,
        "500" : 0.000000,
        "750" : 0.000000,
        "1000" : 0.000000,
        "2000" : 0.000000,
        ">=2000" : 0.000000
      },
      "latency_depth" : 1,
      "latency_target" : 0,
      "latency_percentile" : 100.000000,
      "latency_window" : 0
    }
  ],
  "disk_util" : [
    {
      "name" : "sdb",
      "read_ios" : 33,
      "write_ios" : 6112223,
      "read_sectors" : 2048,
      "write_sectors" : 50267752,
      "read_merges" : 0,
      "write_merges" : 171251,
      "read_ticks" : 12,
      "write_ticks" : 46548545,
      "in_queue" : 46548557,
      "util" : 81.570034
    }
  ]
}
