{
  "fio version" : "fio-3.36",
  "timestamp" : 1733170439,
  "timestamp_ms" : 1733170439370,
  "time" : "Mon Dec  2 20:13:59 2024",
  "jobs" : [
    {
      "jobname" : "rand_read_direct0_fsync0",
      "groupid" : 0,
      "job_start" : 1733170402439,
      "error" : 0,
      "eta" : 0,
      "elapsed" : 98,
      "job options" : {
        "name" : "rand_read_direct0_fsync0",
        "rw" : "randread",
        "direct" : "0",
        "bs" : "4k",
        "runtime" : "30",
        "ramp_time" : "60",
        "filename" : "/dev/sdb1",
        "iodepth" : "1",
        "numjobs" : "8"
      },
      "read" : {
        "io_bytes" : 8661921792,
        "io_kbytes" : 8458908,
        "bw_bytes" : 288721102,
        "bw" : 281954,
        "iops" : 70488.550382,
        "runtime" : 30001,
        "total_ios" : 2114727,
        "short_ios" : 0,
        "drop_ios" : 0,
        "slat_ns" : {
          "min" : 0,
          "max" : 0,
          "mean" : 0.000000,
          "stddev" : 0.000000,
          "N" : 0
        },
        "clat_ns" : {
          "min" : 1100,
          "max" : 73197880,
          "mean" : 112179.756164,
          "stddev" : 232359.672470,
          "N" : 2114727,
          "percentile" : {
            "1.000000" : 2192,
            "5.000000" : 69120,
            "10.000000" : 77312,
            "20.000000" : 87552,
            "30.000000" : 92672,
            "40.000000" : 97792,
            "50.000000" : 102912,
            "60.000000" : 108032,
            "70.000000" : 114176,
            "80.000000" : 123392,
            "90.000000" : 138240,
            "95.000000" : 160768,
            "99.000000" : 230400,
            "99.500000" : 337920,
            "99.900000" : 1384448,
            "99.950000" : 2768896,
            "99.990000" : 11730944
          }
        },
        "lat_ns" : {
          "min" : 1100,
          "max" : 73197980,
          "mean" : 112289.525411,
          "stddev" : 232361.831322,
          "N" : 2114727
        },
        "bw_min" : 242856,
        "bw_max" : 334511,
        "bw_agg" : 100.000000,
        "bw_mean" : 282172.949153,
        "bw_dev" : 2452.807566,
        "bw_samples" : 472,
        "iops_min" : 60714,
        "iops_max" : 83627,
        "iops_mean" : 70542.423729,
        "iops_stddev" : 613.184215,
        "iops_samples" : 472
      },
      "write" : {
        "io_bytes" : 0,
        "io_kbytes" : 0,
        "bw_bytes" : 0,
        "bw" : 0,
        "iops" : 0.000000,
        "runtime" : 0,
        "total_ios" : 0,
        "short_ios" : 0,
        "drop_ios" : 0,
        "slat_ns" : {
          "min" : 0,
          "max" : 0,
          "mean" : 0.000000,
          "stddev" : 0.000000,
          "N" : 0
        },
        "clat_ns" : {
          "min" : 0,
          "max" : 0,
          "mean" : 0.000000,
          "stddev" : 0.000000,
          "N" : 0
        },
        "lat_ns" : {
          "min" : 0,
          "max" : 0,
          "mean" : 0.000000,
          "stddev" : 0.000000,
          "N" : 0
        },
        "bw_min" : 0,
        "bw_max" : 0,
        "bw_agg" : 0.000000,
        "bw_mean" : 0.000000,
        "bw_dev" : 0.000000,
        "bw_samples" : 0,
        "iops_min" : 0,
        "iops_max" : 0,
        "iops_mean" : 0.000000,
        "iops_stddev" : 0.000000,
        "iops_samples" : 0
      },
      "trim" : {
        "io_bytes" : 0,
        "io_kbytes" : 0,
        "bw_bytes" : 0,
        "bw" : 0,
        "iops" : 0.000000,
        "runtime" : 0,
        "total_ios" : 0,
        "short_ios" : 0,
        "drop_ios" : 0,
        "slat_ns" : {
          "min" : 0,
          "max" : 0,
          "mean" : 0.000000,
          "stddev" : 0.000000,
          "N" : 0
        },
        "clat_ns" : {
          "min" : 0,
          "max" : 0,
          "mean" : 0.000000,
          "stddev" : 0.000000,
          "N" : 0
        },
        "lat_ns" : {
          "min" : 0,
          "max" : 0,
          "mean" : 0.000000,
          "stddev" : 0.000000,
          "N" : 0
        },
        "bw_min" : 0,
        "bw_max" : 0,
        "bw_agg" : 0.000000,
        "bw_mean" : 0.000000,
        "bw_dev" : 0.000000,
        "bw_samples" : 0,
        "iops_min" : 0,
        "iops_max" : 0,
        "iops_mean" : 0.000000,
        "iops_stddev" : 0.000000,
        "iops_samples" : 0
      },
      "sync" : {
        "total_ios" : 0,
        "lat_ns" : {
          "min" : 0,
          "max" : 0,
          "mean" : 0.000000,
          "stddev" : 0.000000,
          "N" : 0
        }
      },
      "job_runtime" : 240000,
      "usr_cpu" : 4.289583,
      "sys_cpu" : 23.332500,
      "ctx" : 2054131,
      "majf" : 0,
      "minf" : 291,
      "iodepth_level" : {
        "1" : 100.000000,
        "2" : 0.000000,
        "4" : 0.000000,
        "8" : 0.000000,
        "16" : 0.000000,
        "32" : 0.000000,
        ">=64" : 0.000000
      },
      "iodepth_submit" : {
        "0" : 0.000000,
        "4" : 100.000000,
        "8" : 0.000000,
        "16" : 0.000000,
        "32" : 0.000000,
        "64" : 0.000000,
        ">=64" : 0.000000
      },
      "iodepth_complete" : {
        "0" : 0.000000,
        "4" : 100.000000,
        "8" : 0.000000,
        "16" : 0.000000,
        "32" : 0.000000,
        "64" : 0.000000,
        ">=64" : 0.000000
      },
      "latency_ns" : {
        "2" : 0.000000,
        "4" : 0.000000,
        "10" : 0.000000,
        "20" : 0.000000,
        "50" : 0.000000,
        "100" : 0.000000,
        "250" : 0.000000,
        "500" : 0.000000,
        "750" : 0.000000,
        "1000" : 0.000000
      },
      "latency_us" : {
        "2" : 0.142430,
        "4" : 2.333682,
        "10" : 0.370166,
        "20" : 0.010000,
        "50" : 0.064264,
        "100" : 41.097314,
        "250" : 55.194217,
        "500" : 0.480866,
        "750" : 0.094764,
        "1000" : 0.050408
      },
      "latency_ms" : {
        "2" : 0.110227,
        "4" : 0.021563,
        "10" : 0.023738,
        "20" : 0.015463,
        "50" : 0.010000,
        "100" : 0.010000,
        "250" : 0.000000,
        "500" : 0.000000,
        "750" : 0.000000,
        "1000" : 0.000000,
        "2000" : 0.000000,
        ">=2000" : 0.000000
      },
      "latency_depth" : 1,
      "latency_target" : 0,
      "latency_percentile" : 100.000000,
      "latency_window" : 0
    }
  ],
  "disk_util" : [
    {
      "name" : "sdb",
      "read_ios" : 6143118,
      "write_ios" : 0,
      "read_sectors" : 49144944,
      "write_sectors" : 0,
      "read_merges" : 0,
      "write_merges" : 0,
      "read_ticks" : 522331,
      "write_ticks" : 0,
      "in_queue" : 522331,
      "util" : 85.809153
    }
  ]
}
