{
  "fio version" : "fio-3.36",
  "timestamp" : 1733169973,
  "timestamp_ms" : 1733169973327,
  "time" : "Mon Dec  2 20:06:13 2024",
  "jobs" : [
    {
      "jobname" : "rand_read_direct1_fsync0",
      "groupid" : 0,
      "job_start" : 1733169943316,
      "error" : 0,
      "eta" : 0,
      "elapsed" : 91,
      "job options" : {
        "name" : "rand_read_direct1_fsync0",
        "rw" : "randread",
        "direct" : "1",
        "bs" : "4k",
        "runtime" : "30",
        "ramp_time" : "60",
        "filename" : "/dev/sdb1",
        "iodepth" : "1",
        "numjobs" : "8"
      },
      "read" : {
        "io_bytes" : 8670318592,
        "io_kbytes" : 8467108,
        "bw_bytes" : 289000986,
        "bw" : 282227,
        "iops" : 70556.881437,
        "runtime" : 30001,
        "total_ios" : 2116777,
        "short_ios" : 0,
        "drop_ios" : 0,
        "slat_ns" : {
          "min" : 0,
          "max" : 0,
          "mean" : 0.000000,
          "stddev" : 0.000000,
          "N" : 0
        },
        "clat_ns" : {
          "min" : 29100,
          "max" : 43113991,
          "mean" : 112189.504841,
          "stddev" : 279200.412921,
          "N" : 2116777,
          "percentile" : {
            "1.000000" : 59648,
            "5.000000" : 71168,
            "10.000000" : 76288,
            "20.000000" : 83456,
            "30.000000" : 88576,
            "40.000000" : 93696,
            "50.000000" : 97792,
            "60.000000" : 102912,
            "70.000000" : 109056,
            "80.000000" : 117248,
            "90.000000" : 132096,
            "95.000000" : 154624,
            "99.000000" : 240640,
            "99.500000" : 403456,
            "99.900000" : 1744896,
            "99.950000" : 4046848,
            "99.990000" : 14614528
          }
        },
        "lat_ns" : {
          "min" : 29100,
          "max" : 43114091,
          "mean" : 112270.359505,
          "stddev" : 279223.638557,
          "N" : 2116777
        },
        "bw_min" : 232684,
        "bw_max" : 327277,
        "bw_agg" : 99.972531,
        "bw_mean" : 282150.847458,
        "bw_dev" : 2554.685863,
        "bw_samples" : 472,
        "iops_min" : 58169,
        "iops_max" : 81819,
        "iops_mean" : 70536.813559,
        "iops_stddev" : 638.695948,
        "iops_samples" : 472
      },
      "write" : {
        "io_bytes" : 0,
        "io_kbytes" : 0,
        "bw_bytes" : 0,
        "bw" : 0,
        "iops" : 0.000000,
        "runtime" : 0,
        "total_ios" : 0,
        "short_ios" : 0,
        "drop_ios" : 0,
        "slat_ns" : {
          "min" : 0,
          "max" : 0,
          "mean" : 0.000000,
          "stddev" : 0.000000,
          "N" : 0
        },
        "clat_ns" : {
          "min" : 0,
          "max" : 0,
          "mean" : 0.000000,
          "stddev" : 0.000000,
          "N" : 0
        },
        "lat_ns" : {
          "min" : 0,
          "max" : 0,
          "mean" : 0.000000,
          "stddev" : 0.000000,
          "N" : 0
        },
        "bw_min" : 0,
        "bw_max" : 0,
        "bw_agg" : 0.000000,
        "bw_mean" : 0.000000,
        "bw_dev" : 0.000000,
        "bw_samples" : 0,
        "iops_min" : 0,
        "iops_max" : 0,
        "iops_mean" : 0.000000,
        "iops_stddev" : 0.000000,
        "iops_samples" : 0
      },
      "trim" : {
        "io_bytes" : 0,
        "io_kbytes" : 0,
        "bw_bytes" : 0,
        "bw" : 0,
        "iops" : 0.000000,
        "runtime" : 0,
        "total_ios" : 0,
        "short_ios" : 0,
        "drop_ios" : 0,
        "slat_ns" : {
          "min" : 0,
          "max" : 0,
          "mean" : 0.000000,
          "stddev" : 0.000000,
          "N" : 0
        },
        "clat_ns" : {
          "min" : 0,
          "max" : 0,
          "mean" : 0.000000,
          "stddev" : 0.000000,
          "N" : 0
        },
        "lat_ns" : {
          "min" : 0,
          "max" : 0,
          "mean" : 0.000000,
          "stddev" : 0.000000,
          "N" : 0
        },
        "bw_min" : 0,
        "bw_max" : 0,
        "bw_agg" : 0.000000,
        "bw_mean" : 0.000000,
        "bw_dev" : 0.000000,
        "bw_samples" : 0,
        "iops_min" : 0,
        "iops_max" : 0,
        "iops_mean" : 0.000000,
        "iops_stddev" : 0.000000,
        "iops_samples" : 0
      },
      "sync" : {
        "total_ios" : 0,
        "lat_ns" : {
          "min" : 0,
          "max" : 0,
          "mean" : 0.000000,
          "stddev" : 0.000000,
          "N" : 0
        }
      },
      "job_runtime" : 240000,
      "usr_cpu" : 4.976250,
      "sys_cpu" : 20.756250,
      "ctx" : 2116567,
      "majf" : 0,
      "minf" : 291,
      "iodepth_level" : {
        "1" : 100.000000,
        "2" : 0.000000,
        "4" : 0.000000,
        "8" : 0.000000,
        "16" : 0.000000,
        "32" : 0.000000,
        ">=64" : 0.000000
      },
      "iodepth_submit" : {
        "0" : 0.000000,
        "4" : 100.000000,
        "8" : 0.000000,
        "16" : 0.000000,
        "32" : 0.000000,
        "64" : 0.000000,
        ">=64" : 0.000000
      },
      "iodepth_complete" : {
        "0" : 0.000000,
        "4" : 100.000000,
        "8" : 0.000000,
        "16" : 0.000000,
        "32" : 0.000000,
        "64" : 0.000000,
        ">=64" : 0.000000
      },
      "latency_ns" : {
        "2" : 0.000000,
        "4" : 0.000000,
        "10" : 0.000000,
        "20" : 0.000000,
        "50" : 0.000000,
        "100" : 0.000000,
        "250" : 0.000000,
        "500" : 0.000000,
        "750" : 0.000000,
        "1000" : 0.000000
      },
      "latency_us" : {
        "2" : 0.000000,
        "4" : 0.000000,
        "10" : 0.000000,
        "20" : 0.000000,
        "50" : 0.130387,
        "100" : 54.080000,
        "250" : 44.859189,
        "500" : 0.530901,
        "750" : 0.121458,
        "1000" : 0.058391
      },
      "latency_ms" : {
        "2" : 0.129017,
        "4" : 0.040014,
        "10" : 0.027353,
        "20" : 0.021259,
        "50" : 0.010000,
        "100" : 0.000000,
        "250" : 0.000000,
        "500" : 0.000000,
        "750" : 0.000000,
        "1000" : 0.000000,
        "2000" : 0.000000,
        ">=2000" : 0.000000
      },
      "latency_depth" : 1,
      "latency_target" : 0,
      "latency_percentile" : 100.000000,
      "latency_window" : 0
    }
  ],
  "disk_util" : [
    {
      "name" : "sdb",
      "read_ios" : 6485845,
      "write_ios" : 0,
      "read_sectors" : 51886760,
      "write_sectors" : 0,
      "read_merges" : 0,
      "write_merges" : 0,
      "read_ticks" : 529472,
      "write_ticks" : 0,
      "in_queue" : 529472,
      "util" : 85.572128
    }
  ]
}
