{
  "fio version" : "fio-3.36",
  "timestamp" : 1733171529,
  "timestamp_ms" : 1733171529960,
  "time" : "Mon Dec  2 20:32:09 2024",
  "jobs" : [
    {
      "jobname" : "seq_write_direct0_fsync1",
      "groupid" : 0,
      "job_start" : 1733171499581,
      "error" : 0,
      "eta" : 0,
      "elapsed" : 91,
      "job options" : {
        "name" : "seq_write_direct0_fsync1",
        "rw" : "write",
        "direct" : "0",
        "bs" : "4k",
        "runtime" : "30",
        "ramp_time" : "60",
        "filename" : "/dev/sdb1",
        "iodepth" : "1",
        "numjobs" : "1",
        "fsync" : "1"
      },
      "read" : {
        "io_bytes" : 0,
        "io_kbytes" : 0,
        "bw_bytes" : 0,
        "bw" : 0,
        "iops" : 0.000000,
        "runtime" : 0,
        "total_ios" : 0,
        "short_ios" : 0,
        "drop_ios" : 0,
        "slat_ns" : {
          "min" : 0,
          "max" : 0,
          "mean" : 0.000000,
          "stddev" : 0.000000,
          "N" : 0
        },
        "clat_ns" : {
          "min" : 0,
          "max" : 0,
          "mean" : 0.000000,
          "stddev" : 0.000000,
          "N" : 0
        },
        "lat_ns" : {
          "min" : 0,
          "max" : 0,
          "mean" : 0.000000,
          "stddev" : 0.000000,
          "N" : 0
        },
        "bw_min" : 0,
        "bw_max" : 0,
        "bw_agg" : 0.000000,
        "bw_mean" : 0.000000,
        "bw_dev" : 0.000000,
        "bw_samples" : 0,
        "iops_min" : 0,
        "iops_max" : 0,
        "iops_mean" : 0.000000,
        "iops_stddev" : 0.000000,
        "iops_samples" : 0
      },
      "write" : {
        "io_bytes" : 740052992,
        "io_kbytes" : 722708,
        "bw_bytes" : 24667610,
        "bw" : 24089,
        "iops" : 6022.365921,
        "runtime" : 30001,
        "total_ios" : 180677,
        "short_ios" : 0,
        "drop_ios" : 0,
        "slat_ns" : {
          "min" : 0,
          "max" : 0,
          "mean" : 0.000000,
          "stddev" : 0.000000,
          "N" : 0
        },
        "clat_ns" : {
          "min" : 3300,
          "max" : 91901,
          "mean" : 4422.565003,
          "stddev" : 2610.205616,
          "N" : 180677,
          "percentile" : {
            "1.000000" : 3696,
            "5.000000" : 3792,
            "10.000000" : 3888,
            "20.000000" : 4016,
            "30.000000" : 4016,
            "40.000000" : 4128,
            "50.000000" : 4128,
            "60.000000" : 4192,
            "70.000000" : 4192,
            "80.000000" : 4320,
            "90.000000" : 4576,
            "95.000000" : 5216,
            "99.000000" : 9152,
            "99.500000" : 17536,
            "99.900000" : 40192,
            "99.950000" : 46848,
            "99.990000" : 51456
          }
        },
        "lat_ns" : {
          "min" : 3400,
          "max" : 92101,
          "mean" : 4582.818018,
          "stddev" : 2648.620930,
          "N" : 180677
        },
        "bw_min" : 16769,
        "bw_max" : 31648,
        "bw_agg" : 100.000000,
        "bw_mean" : 24105.466667,
        "bw_dev" : 3592.972069,
        "bw_samples" : 60,
        "iops_min" : 4192,
        "iops_max" : 7912,
        "iops_mean" : 6026.250000,
        "iops_stddev" : 898.241420,
        "iops_samples" : 60
      },
      "trim" : {
        "io_bytes" : 0,
        "io_kbytes" : 0,
        "bw_bytes" : 0,
        "bw" : 0,
        "iops" : 0.000000,
        "runtime" : 0,
        "total_ios" : 0,
        "short_ios" : 0,
        "drop_ios" : 0,
        "slat_ns" : {
          "min" : 0,
          "max" : 0,
          "mean" : 0.000000,
          "stddev" : 0.000000,
          "N" : 0
        },
        "clat_ns" : {
          "min" : 0,
          "max" : 0,
          "mean" : 0.000000,
          "stddev" : 0.000000,
          "N" : 0
        },
        "lat_ns" : {
          "min" : 0,
          "max" : 0,
          "mean" : 0.000000,
          "stddev" : 0.000000,
          "N" : 0
        },
        "bw_min" : 0,
        "bw_max" : 0,
        "bw_agg" : 0.000000,
        "bw_mean" : 0.000000,
        "bw_dev" : 0.000000,
        "bw_samples" : 0,
        "iops_min" : 0,
        "iops_max" : 0,
        "iops_mean" : 0.000000,
        "iops_stddev" : 0.000000,
        "iops_samples" : 0
      },
      "sync" : {
        "total_ios" : 180677,
        "lat_ns" : {
          "min" : 69701,
          "max" : 51313874,
          "mean" : 160719.787809,
          "stddev" : 230933.530799,
          "N" : 180677,
          "percentile" : {
            "1.000000" : 83456,
            "5.000000" : 92672,
            "10.000000" : 96768,
            "20.000000" : 101888,
            "30.000000" : 105984,
            "40.000000" : 109056,
            "50.000000" : 112128,
            "60.000000" : 119296,
            "70.000000" : 132096,
            "80.000000" : 158720,
            "90.000000" : 234496,
            "95.000000" : 382976,
            "99.000000" : 937984,
            "99.500000" : 1253376,
            "99.900000" : 1859584,
            "99.950000" : 2244608,
            "99.990000" : 4423680
          }
        }
      },
      "job_runtime" : 30000,
      "usr_cpu" : 2.116667,
      "sys_cpu" : 16.840000,
      "ctx" : 180681,
      "majf" : 0,
      "minf" : 36,
      "iodepth_level" : {
        "1" : 200.000000,
        "2" : 0.000000,
        "4" : 0.000000,
        "8" : 0.000000,
        "16" : 0.000000,
        "32" : 0.000000,
        ">=64" : 0.000000
      },
      "iodepth_submit" : {
        "0" : 0.000000,
        "4" : 100.000000,
        "8" : 0.000000,
        "16" : 0.000000,
        "32" : 0.000000,
        "64" : 0.000000,
        ">=64" : 0.000000
      },
      "iodepth_complete" : {
        "0" : 0.000000,
        "4" : 100.000000,
        "8" : 0.000000,
        "16" : 0.000000,
        "32" : 0.000000,
        "64" : 0.000000,
        ">=64" : 0.000000
      },
      "latency_ns" : {
        "2" : 0.000000,
        "4" : 0.000000,
        "10" : 0.000000,
        "20" : 0.000000,
        "50" : 0.000000,
        "100" : 0.000000,
        "250" : 0.000000,
        "500" : 0.000000,
        "750" : 0.000000,
        "1000" : 0.000000
      },
      "latency_us" : {
        "2" : 0.000000,
        "4" : 15.466828,
        "10" : 83.617727,
        "20" : 0.427835,
        "50" : 0.463258,
        "100" : 0.024353,
        "250" : 0.000000,
        "500" : 0.000000,
        "750" : 0.000000,
        "1000" : 0.000000
      },
      "latency_ms" : {
        "2" : 0.000000,
        "4" : 0.000000,
        "10" : 0.000000,
        "20" : 0.000000,
        "50" : 0.000000,
        "100" : 0.000000,
        "250" : 0.000000,
        "500" : 0.000000,
        "750" : 0.000000,
        "1000" : 0.000000,
        "2000" : 0.000000,
        ">=2000" : 0.000000
      },
      "latency_depth" : 1,
      "latency_target" : 0,
      "latency_percentile" : 100.000000,
      "latency_window" : 0
    }
  ],
  "disk_util" : [
    {
      "name" : "sdb",
      "read_ios" : 59,
      "write_ios" : 568046,
      "read_sectors" : 4168,
      "write_sectors" : 4544368,
      "read_merges" : 0,
      "write_merges" : 0,
      "read_ticks" : 17,
      "write_ticks" : 72875,
      "in_queue" : 72892,
      "util" : 72.418044
    }
  ]
}
