{
  "fio version" : "fio-3.36",
  "timestamp" : 1733169430,
  "timestamp_ms" : 1733169430574,
  "time" : "Mon Dec  2 19:57:10 2024",
  "jobs" : [
    {
      "jobname" : "seq_read_direct0_fsync0",
      "groupid" : 0,
      "job_start" : 1733169393896,
      "error" : 0,
      "eta" : 0,
      "elapsed" : 97,
      "job options" : {
        "name" : "seq_read_direct0_fsync0",
        "rw" : "read",
        "direct" : "0",
        "bs" : "4k",
        "runtime" : "30",
        "ramp_time" : "60",
        "filename" : "/dev/sdb1",
        "iodepth" : "1",
        "numjobs" : "4"
      },
      "read" : {
        "io_bytes" : 88552169472,
        "io_kbytes" : 86476728,
        "bw_bytes" : 2951640594,
        "bw" : 2882461,
        "iops" : 720615.379487,
        "runtime" : 30001,
        "total_ios" : 21619182,
        "short_ios" : 0,
        "drop_ios" : 0,
        "slat_ns" : {
          "min" : 0,
          "max" : 0,
          "mean" : 0.000000,
          "stddev" : 0.000000,
          "N" : 0
        },
        "clat_ns" : {
          "min" : 700,
          "max" : 734953488,
          "mean" : 5317.058016,
          "stddev" : 392017.317561,
          "N" : 21619182,
          "percentile" : {
            "1.000000" : 700,
            "5.000000" : 700,
            "10.000000" : 700,
            "20.000000" : 804,
            "30.000000" : 804,
            "40.000000" : 804,
            "50.000000" : 804,
            "60.000000" : 804,
            "70.000000" : 804,
            "80.000000" : 804,
            "90.000000" : 900,
            "95.000000" : 1208,
            "99.000000" : 123392,
            "99.500000" : 179200,
            "99.900000" : 403456,
            "99.950000" : 593920,
            "99.990000" : 1171456
          }
        },
        "lat_ns" : {
          "min" : 700,
          "max" : 734953588,
          "mean" : 5360.249053,
          "stddev" : 392017.406745,
          "N" : 21619182
        },
        "bw_min" : 2130,
        "bw_max" : 3844112,
        "bw_agg" : 100.000000,
        "bw_mean" : 2929204.310345,
        "bw_dev" : 166596.343265,
        "bw_samples" : 232,
        "iops_min" : 532,
        "iops_max" : 961030,
        "iops_mean" : 732300.517241,
        "iops_stddev" : 41649.103359,
        "iops_samples" : 232
      },
      "write" : {
        "io_bytes" : 0,
        "io_kbytes" : 0,
        "bw_bytes" : 0,
        "bw" : 0,
        "iops" : 0.000000,
        "runtime" : 0,
        "total_ios" : 0,
        "short_ios" : 0,
        "drop_ios" : 0,
        "slat_ns" : {
          "min" : 0,
          "max" : 0,
          "mean" : 0.000000,
          "stddev" : 0.000000,
          "N" : 0
        },
        "clat_ns" : {
          "min" : 0,
          "max" : 0,
          "mean" : 0.000000,
          "stddev" : 0.000000,
          "N" : 0
        },
        "lat_ns" : {
          "min" : 0,
          "max" : 0,
          "mean" : 0.000000,
          "stddev" : 0.000000,
          "N" : 0
        },
        "bw_min" : 0,
        "bw_max" : 0,
        "bw_agg" : 0.000000,
        "bw_mean" : 0.000000,
        "bw_dev" : 0.000000,
        "bw_samples" : 0,
        "iops_min" : 0,
        "iops_max" : 0,
        "iops_mean" : 0.000000,
        "iops_stddev" : 0.000000,
        "iops_samples" : 0
      },
      "trim" : {
        "io_bytes" : 0,
        "io_kbytes" : 0,
        "bw_bytes" : 0,
        "bw" : 0,
        "iops" : 0.000000,
        "runtime" : 0,
        "total_ios" : 0,
        "short_ios" : 0,
        "drop_ios" : 0,
        "slat_ns" : {
          "min" : 0,
          "max" : 0,
          "mean" : 0.000000,
          "stddev" : 0.000000,
          "N" : 0
        },
        "clat_ns" : {
          "min" : 0,
          "max" : 0,
          "mean" : 0.000000,
          "stddev" : 0.000000,
          "N" : 0
        },
        "lat_ns" : {
          "min" : 0,
          "max" : 0,
          "mean" : 0.000000,
          "stddev" : 0.000000,
          "N" : 0
        },
        "bw_min" : 0,
        "bw_max" : 0,
        "bw_agg" : 0.000000,
        "bw_mean" : 0.000000,
        "bw_dev" : 0.000000,
        "bw_samples" : 0,
        "iops_min" : 0,
        "iops_max" : 0,
        "iops_mean" : 0.000000,
        "iops_stddev" : 0.000000,
        "iops_samples" : 0
      },
      "sync" : {
        "total_ios" : 0,
        "lat_ns" : {
          "min" : 0,
          "max" : 0,
          "mean" : 0.000000,
          "stddev" : 0.000000,
          "N" : 0
        }
      },
      "job_runtime" : 120000,
      "usr_cpu" : 9.791667,
      "sys_cpu" : 30.352500,
      "ctx" : 735483,
      "majf" : 0,
      "minf" : 146,
      "iodepth_level" : {
        "1" : 100.000000,
        "2" : 0.000000,
        "4" : 0.000000,
        "8" : 0.000000,
        "16" : 0.000000,
        "32" : 0.000000,
        ">=64" : 0.000000
      },
      "iodepth_submit" : {
        "0" : 0.000000,
        "4" : 100.000000,
        "8" : 0.000000,
        "16" : 0.000000,
        "32" : 0.000000,
        "64" : 0.000000,
        ">=64" : 0.000000
      },
      "iodepth_complete" : {
        "0" : 0.000000,
        "4" : 100.000000,
        "8" : 0.000000,
        "16" : 0.000000,
        "32" : 0.000000,
        "64" : 0.000000,
        ">=64" : 0.000000
      },
      "latency_ns" : {
        "2" : 0.000000,
        "4" : 0.000000,
        "10" : 0.000000,
        "20" : 0.000000,
        "50" : 0.000000,
        "100" : 0.000000,
        "250" : 0.000000,
        "500" : 0.000000,
        "750" : 15.971145,
        "1000" : 74.496116
      },
      "latency_us" : {
        "2" : 5.440039,
        "4" : 0.235263,
        "10" : 0.045585,
        "20" : 0.087839,
        "50" : 1.096739,
        "100" : 1.157467,
        "250" : 1.222960,
        "500" : 0.178295,
        "750" : 0.038281,
        "1000" : 0.014621
      },
      "latency_ms" : {
        "2" : 0.014075,
        "4" : 0.010000,
        "10" : 0.010000,
        "20" : 0.010000,
        "50" : 0.010000,
        "100" : 0.000000,
        "250" : 0.000000,
        "500" : 0.010000,
        "750" : 0.010000,
        "1000" : 0.000000,
        "2000" : 0.000000,
        ">=2000" : 0.000000
      },
      "latency_depth" : 1,
      "latency_target" : 0,
      "latency_percentile" : 100.000000,
      "latency_window" : 0
    }
  ],
  "disk_util" : [
    {
      "name" : "sdb",
      "read_ios" : 663008,
      "write_ios" : 0,
      "read_sectors" : 137019720,
      "write_sectors" : 0,
      "read_merges" : 0,
      "write_merges" : 0,
      "read_ticks" : 112655,
      "write_ticks" : 0,
      "in_queue" : 112655,
      "util" : 60.465323
    }
  ]
}
