{
  "fio version" : "fio-3.36",
  "timestamp" : 1733172771,
  "timestamp_ms" : 1733172771988,
  "time" : "Mon Dec  2 20:52:51 2024",
  "jobs" : [
    {
      "jobname" : "rand_write_direct1_fsync1",
      "groupid" : 0,
      "job_start" : 1733172741969,
      "error" : 0,
      "eta" : 0,
      "elapsed" : 91,
      "job options" : {
        "name" : "rand_write_direct1_fsync1",
        "rw" : "randwrite",
        "direct" : "1",
        "bs" : "4k",
        "runtime" : "30",
        "ramp_time" : "60",
        "filename" : "/dev/sdb1",
        "iodepth" : "1",
        "numjobs" : "8",
        "fsync" : "1"
      },
      "read" : {
        "io_bytes" : 0,
        "io_kbytes" : 0,
        "bw_bytes" : 0,
        "bw" : 0,
        "iops" : 0.000000,
        "runtime" : 0,
        "total_ios" : 0,
        "short_ios" : 0,
        "drop_ios" : 0,
        "slat_ns" : {
          "min" : 0,
          "max" : 0,
          "mean" : 0.000000,
          "stddev" : 0.000000,
          "N" : 0
        },
        "clat_ns" : {
          "min" : 0,
          "max" : 0,
          "mean" : 0.000000,
          "stddev" : 0.000000,
          "N" : 0
        },
        "lat_ns" : {
          "min" : 0,
          "max" : 0,
          "mean" : 0.000000,
          "stddev" : 0.000000,
          "N" : 0
        },
        "bw_min" : 0,
        "bw_max" : 0,
        "bw_agg" : 0.000000,
        "bw_mean" : 0.000000,
        "bw_dev" : 0.000000,
        "bw_samples" : 0,
        "iops_min" : 0,
        "iops_max" : 0,
        "iops_mean" : 0.000000,
        "iops_stddev" : 0.000000,
        "iops_samples" : 0
      },
      "write" : {
        "io_bytes" : 6061330432,
        "io_kbytes" : 5919268,
        "bw_bytes" : 202037613,
        "bw" : 197302,
        "iops" : 49325.589147,
        "runtime" : 30001,
        "total_ios" : 1479817,
        "short_ios" : 0,
        "drop_ios" : 0,
        "slat_ns" : {
          "min" : 0,
          "max" : 0,
          "mean" : 0.000000,
          "stddev" : 0.000000,
          "N" : 0
        },
        "clat_ns" : {
          "min" : 46100,
          "max" : 132295833,
          "mean" : 159322.715570,
          "stddev" : 592075.652886,
          "N" : 1479817,
          "percentile" : {
            "1.000000" : 79360,
            "5.000000" : 89600,
            "10.000000" : 95744,
            "20.000000" : 104960,
            "30.000000" : 112128,
            "40.000000" : 120320,
            "50.000000" : 130560,
            "60.000000" : 144384,
            "70.000000" : 158720,
            "80.000000" : 175104,
            "90.000000" : 197632,
            "95.000000" : 220160,
            "99.000000" : 358400,
            "99.500000" : 692224,
            "99.900000" : 3588096,
            "99.950000" : 7897088,
            "99.990000" : 26869760
          }
        },
        "lat_ns" : {
          "min" : 46300,
          "max" : 132295933,
          "mean" : 159441.508873,
          "stddev" : 592076.475186,
          "N" : 1479817
        },
        "bw_min" : 145304,
        "bw_max" : 242088,
        "bw_agg" : 100.000000,
        "bw_mean" : 197703.186441,
        "bw_dev" : 2754.227805,
        "bw_samples" : 472,
        "iops_min" : 36326,
        "iops_max" : 60522,
        "iops_mean" : 49425.457627,
        "iops_stddev" : 688.558266,
        "iops_samples" : 472
      },
      "trim" : {
        "io_bytes" : 0,
        "io_kbytes" : 0,
        "bw_bytes" : 0,
        "bw" : 0,
        "iops" : 0.000000,
        "runtime" : 0,
        "total_ios" : 0,
        "short_ios" : 0,
        "drop_ios" : 0,
        "slat_ns" : {
          "min" : 0,
          "max" : 0,
          "mean" : 0.000000,
          "stddev" : 0.000000,
          "N" : 0
        },
        "clat_ns" : {
          "min" : 0,
          "max" : 0,
          "mean" : 0.000000,
          "stddev" : 0.000000,
          "N" : 0
        },
        "lat_ns" : {
          "min" : 0,
          "max" : 0,
          "mean" : 0.000000,
          "stddev" : 0.000000,
          "N" : 0
        },
        "bw_min" : 0,
        "bw_max" : 0,
        "bw_agg" : 0.000000,
        "bw_mean" : 0.000000,
        "bw_dev" : 0.000000,
        "bw_samples" : 0,
        "iops_min" : 0,
        "iops_max" : 0,
        "iops_mean" : 0.000000,
        "iops_stddev" : 0.000000,
        "iops_samples" : 0
      },
      "sync" : {
        "total_ios" : 1479809,
        "lat_ns" : {
          "min" : 700,
          "max" : 722306,
          "mean" : 1258.476852,
          "stddev" : 2189.423885,
          "N" : 1479809,
          "percentile" : {
            "1.000000" : 804,
            "5.000000" : 804,
            "10.000000" : 900,
            "20.000000" : 900,
            "30.000000" : 900,
            "40.000000" : 900,
            "50.000000" : 1004,
            "60.000000" : 1096,
            "70.000000" : 1208,
            "80.000000" : 1400,
            "90.000000" : 1704,
            "95.000000" : 2512,
            "99.000000" : 3088,
            "99.500000" : 3312,
            "99.900000" : 35584,
            "99.950000" : 46336,
            "99.990000" : 69120
          }
        }
      },
      "job_runtime" : 240000,
      "usr_cpu" : 4.240833,
      "sys_cpu" : 14.582500,
      "ctx" : 1479768,
      "majf" : 0,
      "minf" : 291,
      "iodepth_level" : {
        "1" : 199.999459,
        "2" : 0.000000,
        "4" : 0.000000,
        "8" : 0.000000,
        "16" : 0.000000,
        "32" : 0.000000,
        ">=64" : 0.000000
      },
      "iodepth_submit" : {
        "0" : 0.000000,
        "4" : 100.000000,
        "8" : 0.000000,
        "16" : 0.000000,
        "32" : 0.000000,
        "64" : 0.000000,
        ">=64" : 0.000000
      },
      "iodepth_complete" : {
        "0" : 0.000000,
        "4" : 100.000000,
        "8" : 0.000000,
        "16" : 0.000000,
        "32" : 0.000000,
        "64" : 0.000000,
        ">=64" : 0.000000
      },
      "latency_ns" : {
        "2" : 0.000000,
        "4" : 0.000000,
        "10" : 0.000000,
        "20" : 0.000000,
        "50" : 0.000000,
        "100" : 0.000000,
        "250" : 0.000000,
        "500" : 0.000000,
        "750" : 0.000000,
        "1000" : 0.000000
      },
      "latency_us" : {
        "2" : 0.000000,
        "4" : 0.000000,
        "10" : 0.000000,
        "20" : 0.000000,
        "50" : 0.010000,
        "100" : 14.295889,
        "250" : 83.189611,
        "500" : 1.858270,
        "750" : 0.188199,
        "1000" : 0.071495
      },
      "latency_ms" : {
        "2" : 0.226988,
        "4" : 0.082645,
        "10" : 0.044668,
        "20" : 0.026287,
        "50" : 0.013853,
        "100" : 0.010000,
        "250" : 0.010000,
        "500" : 0.000000,
        "750" : 0.000000,
        "1000" : 0.000000,
        "2000" : 0.000000,
        ">=2000" : 0.000000
      },
      "latency_depth" : 1,
      "latency_target" : 0,
      "latency_percentile" : 100.000000,
      "latency_window" : 0
    }
  ],
  "disk_util" : [
    {
      "name" : "sdb",
      "read_ios" : 118,
      "write_ios" : 4532952,
      "read_sectors" : 8336,
      "write_sectors" : 36263616,
      "read_merges" : 0,
      "write_merges" : 0,
      "read_ticks" : 33,
      "write_ticks" : 579230,
      "in_queue" : 579263,
      "util" : 79.257121
    }
  ]
}
