{
  "fio version" : "fio-3.36",
  "timestamp" : 1733173689,
  "timestamp_ms" : 1733173689534,
  "time" : "Mon Dec  2 21:08:09 2024",
  "jobs" : [
    {
      "jobname" : "rand_write_direct0_fsync1",
      "groupid" : 0,
      "job_start" : 1733173653091,
      "error" : 0,
      "eta" : 0,
      "elapsed" : 97,
      "job options" : {
        "name" : "rand_write_direct0_fsync1",
        "rw" : "randwrite",
        "direct" : "0",
        "bs" : "4k",
        "runtime" : "30",
        "ramp_time" : "60",
        "filename" : "/dev/sdb1",
        "iodepth" : "1",
        "numjobs" : "8",
        "fsync" : "1"
      },
      "read" : {
        "io_bytes" : 0,
        "io_kbytes" : 0,
        "bw_bytes" : 0,
        "bw" : 0,
        "iops" : 0.000000,
        "runtime" : 0,
        "total_ios" : 0,
        "short_ios" : 0,
        "drop_ios" : 0,
        "slat_ns" : {
          "min" : 0,
          "max" : 0,
          "mean" : 0.000000,
          "stddev" : 0.000000,
          "N" : 0
        },
        "clat_ns" : {
          "min" : 0,
          "max" : 0,
          "mean" : 0.000000,
          "stddev" : 0.000000,
          "N" : 0
        },
        "lat_ns" : {
          "min" : 0,
          "max" : 0,
          "mean" : 0.000000,
          "stddev" : 0.000000,
          "N" : 0
        },
        "bw_min" : 0,
        "bw_max" : 0,
        "bw_agg" : 0.000000,
        "bw_mean" : 0.000000,
        "bw_dev" : 0.000000,
        "bw_samples" : 0,
        "iops_min" : 0,
        "iops_max" : 0,
        "iops_mean" : 0.000000,
        "iops_stddev" : 0.000000,
        "iops_samples" : 0
      },
      "write" : {
        "io_bytes" : 4491169792,
        "io_kbytes" : 4385908,
        "bw_bytes" : 149700669,
        "bw" : 146192,
        "iops" : 36548.015066,
        "runtime" : 30001,
        "total_ios" : 1096477,
        "short_ios" : 0,
        "drop_ios" : 0,
        "slat_ns" : {
          "min" : 0,
          "max" : 0,
          "mean" : 0.000000,
          "stddev" : 0.000000,
          "N" : 0
        },
        "clat_ns" : {
          "min" : 2701,
          "max" : 3639034,
          "mean" : 7547.762340,
          "stddev" : 10217.159538,
          "N" : 1096477,
          "percentile" : {
            "1.000000" : 4320,
            "5.000000" : 4576,
            "10.000000" : 4704,
            "20.000000" : 5024,
            "30.000000" : 5216,
            "40.000000" : 5472,
            "50.000000" : 5792,
            "60.000000" : 6432,
            "70.000000" : 7520,
            "80.000000" : 9152,
            "90.000000" : 10560,
            "95.000000" : 11840,
            "99.000000" : 38656,
            "99.500000" : 51968,
            "99.900000" : 111104,
            "99.950000" : 152576,
            "99.990000" : 321536
          }
        },
        "lat_ns" : {
          "min" : 2801,
          "max" : 3639234,
          "mean" : 7768.243883,
          "stddev" : 10334.061638,
          "N" : 1096477
        },
        "bw_min" : 76112,
        "bw_max" : 181680,
        "bw_agg" : 99.803642,
        "bw_mean" : 145905.644068,
        "bw_dev" : 3137.651197,
        "bw_samples" : 472,
        "iops_min" : 19028,
        "iops_max" : 45420,
        "iops_mean" : 36475.220339,
        "iops_stddev" : 784.440196,
        "iops_samples" : 472
      },
      "trim" : {
        "io_bytes" : 0,
        "io_kbytes" : 0,
        "bw_bytes" : 0,
        "bw" : 0,
        "iops" : 0.000000,
        "runtime" : 0,
        "total_ios" : 0,
        "short_ios" : 0,
        "drop_ios" : 0,
        "slat_ns" : {
          "min" : 0,
          "max" : 0,
          "mean" : 0.000000,
          "stddev" : 0.000000,
          "N" : 0
        },
        "clat_ns" : {
          "min" : 0,
          "max" : 0,
          "mean" : 0.000000,
          "stddev" : 0.000000,
          "N" : 0
        },
        "lat_ns" : {
          "min" : 0,
          "max" : 0,
          "mean" : 0.000000,
          "stddev" : 0.000000,
          "N" : 0
        },
        "bw_min" : 0,
        "bw_max" : 0,
        "bw_agg" : 0.000000,
        "bw_mean" : 0.000000,
        "bw_dev" : 0.000000,
        "bw_samples" : 0,
        "iops_min" : 0,
        "iops_max" : 0,
        "iops_mean" : 0.000000,
        "iops_stddev" : 0.000000,
        "iops_samples" : 0
      },
      "sync" : {
        "total_ios" : 1096477,
        "lat_ns" : {
          "min" : 3000,
          "max" : 105627099,
          "mean" : 209168.405241,
          "stddev" : 961917.281159,
          "N" : 1096477,
          "percentile" : {
            "1.000000" : 82432,
            "5.000000" : 97792,
            "10.000000" : 107008,
            "20.000000" : 118272,
            "30.000000" : 128512,
            "40.000000" : 140288,
            "50.000000" : 152576,
            "60.000000" : 166912,
            "70.000000" : 187392,
            "80.000000" : 214016,
            "90.000000" : 254976,
            "95.000000" : 301056,
            "99.000000" : 700416,
            "99.500000" : 1564672,
            "99.900000" : 8716288,
            "99.950000" : 17432576,
            "99.990000" : 43778048
          }
        }
      },
      "job_runtime" : 240000,
      "usr_cpu" : 3.261250,
      "sys_cpu" : 22.194167,
      "ctx" : 1629708,
      "majf" : 0,
      "minf" : 291,
      "iodepth_level" : {
        "1" : 200.000000,
        "2" : 0.000000,
        "4" : 0.000000,
        "8" : 0.000000,
        "16" : 0.000000,
        "32" : 0.000000,
        ">=64" : 0.000000
      },
      "iodepth_submit" : {
        "0" : 0.000000,
        "4" : 100.000000,
        "8" : 0.000000,
        "16" : 0.000000,
        "32" : 0.000000,
        "64" : 0.000000,
        ">=64" : 0.000000
      },
      "iodepth_complete" : {
        "0" : 0.000000,
        "4" : 100.000000,
        "8" : 0.000000,
        "16" : 0.000000,
        "32" : 0.000000,
        "64" : 0.000000,
        ">=64" : 0.000000
      },
      "latency_ns" : {
        "2" : 0.000000,
        "4" : 0.000000,
        "10" : 0.000000,
        "20" : 0.000000,
        "50" : 0.000000,
        "100" : 0.000000,
        "250" : 0.000000,
        "500" : 0.000000,
        "750" : 0.000000,
        "1000" : 0.000000
      },
      "latency_us" : {
        "2" : 0.000000,
        "4" : 0.210675,
        "10" : 85.204888,
        "20" : 13.142091,
        "50" : 0.894228,
        "100" : 0.426092,
        "250" : 0.102419,
        "500" : 0.016690,
        "750" : 0.010000,
        "1000" : 0.010000
      },
      "latency_ms" : {
        "2" : 0.010000,
        "4" : 0.010000,
        "10" : 0.000000,
        "20" : 0.000000,
        "50" : 0.000000,
        "100" : 0.000000,
        "250" : 0.000000,
        "500" : 0.000000,
        "750" : 0.000000,
        "1000" : 0.000000,
        "2000" : 0.000000,
        ">=2000" : 0.000000
      },
      "latency_depth" : 1,
      "latency_target" : 0,
      "latency_percentile" : 100.000000,
      "latency_window" : 0
    }
  ],
  "disk_util" : [
    {
      "name" : "sdb",
      "read_ios" : 118,
      "write_ios" : 3422319,
      "read_sectors" : 8336,
      "write_sectors" : 27378552,
      "read_merges" : 0,
      "write_merges" : 0,
      "read_ticks" : 28,
      "write_ticks" : 440392,
      "in_queue" : 440420,
      "util" : 72.094702
    }
  ]
}
