{
  "fio version" : "fio-3.36",
  "timestamp" : 1733281737,
  "timestamp_ms" : 1733281737435,
  "time" : "Wed Dec  4 03:08:57 2024",
  "jobs" : [
    {
      "jobname" : "read_direct1_fsync0_threads_1_33d8",
      "groupid" : 0,
      "job_start" : 1733281677422,
      "error" : 0,
      "eta" : 0,
      "elapsed" : 91,
      "job options" : {
        "name" : "read_direct1_fsync0_threads_1_33d8",
        "rw" : "read",
        "direct" : "1",
        "filename" : "/dev/sdb1",
        "numjobs" : "1",
        "fsync" : "0",
        "bs" : "4k",
        "ramp_time" : "30",
        "runtime" : "60",
        "iodepth" : "1",
        "end_fsync" : "1"
      },
      "read" : {
        "io_bytes" : 808304640,
        "io_kbytes" : 789360,
        "bw_bytes" : 13471519,
        "bw" : 13155,
        "iops" : 3288.945184,
        "runtime" : 60001,
        "total_ios" : 197340,
        "short_ios" : 0,
        "drop_ios" : 0,
        "slat_ns" : {
          "min" : 0,
          "max" : 0,
          "mean" : 0.000000,
          "stddev" : 0.000000,
          "N" : 0
        },
        "clat_ns" : {
          "min" : 126701,
          "max" : 34533193,
          "mean" : 303522.646088,
          "stddev" : 361920.087981,
          "N" : 197340,
          "percentile" : {
            "1.000000" : 146432,
            "5.000000" : 154624,
            "10.000000" : 160768,
            "20.000000" : 166912,
            "30.000000" : 175104,
            "40.000000" : 183296,
            "50.000000" : 193536,
            "60.000000" : 214016,
            "70.000000" : 248832,
            "80.000000" : 325632,
            "90.000000" : 536576,
            "95.000000" : 839680,
            "99.000000" : 1712128,
            "99.500000" : 2146304,
            "99.900000" : 3325952,
            "99.950000" : 4227072,
            "99.990000" : 10551296
          }
        },
        "lat_ns" : {
          "min" : 126701,
          "max" : 34533193,
          "mean" : 303590.272920,
          "stddev" : 361919.860231,
          "N" : 197340
        },
        "bw_min" : 8841,
        "bw_max" : 21144,
        "bw_agg" : 100.000000,
        "bw_mean" : 13163.733333,
        "bw_dev" : 2497.042953,
        "bw_samples" : 120,
        "iops_min" : 2210,
        "iops_max" : 5286,
        "iops_mean" : 3290.833333,
        "iops_stddev" : 624.256591,
        "iops_samples" : 120
      },
      "write" : {
        "io_bytes" : 0,
        "io_kbytes" : 0,
        "bw_bytes" : 0,
        "bw" : 0,
        "iops" : 0.000000,
        "runtime" : 0,
        "total_ios" : 0,
        "short_ios" : 0,
        "drop_ios" : 0,
        "slat_ns" : {
          "min" : 0,
          "max" : 0,
          "mean" : 0.000000,
          "stddev" : 0.000000,
          "N" : 0
        },
        "clat_ns" : {
          "min" : 0,
          "max" : 0,
          "mean" : 0.000000,
          "stddev" : 0.000000,
          "N" : 0
        },
        "lat_ns" : {
          "min" : 0,
          "max" : 0,
          "mean" : 0.000000,
          "stddev" : 0.000000,
          "N" : 0
        },
        "bw_min" : 0,
        "bw_max" : 0,
        "bw_agg" : 0.000000,
        "bw_mean" : 0.000000,
        "bw_dev" : 0.000000,
        "bw_samples" : 0,
        "iops_min" : 0,
        "iops_max" : 0,
        "iops_mean" : 0.000000,
        "iops_stddev" : 0.000000,
        "iops_samples" : 0
      },
      "trim" : {
        "io_bytes" : 0,
        "io_kbytes" : 0,
        "bw_bytes" : 0,
        "bw" : 0,
        "iops" : 0.000000,
        "runtime" : 0,
        "total_ios" : 0,
        "short_ios" : 0,
        "drop_ios" : 0,
        "slat_ns" : {
          "min" : 0,
          "max" : 0,
          "mean" : 0.000000,
          "stddev" : 0.000000,
          "N" : 0
        },
        "clat_ns" : {
          "min" : 0,
          "max" : 0,
          "mean" : 0.000000,
          "stddev" : 0.000000,
          "N" : 0
        },
        "lat_ns" : {
          "min" : 0,
          "max" : 0,
          "mean" : 0.000000,
          "stddev" : 0.000000,
          "N" : 0
        },
        "bw_min" : 0,
        "bw_max" : 0,
        "bw_agg" : 0.000000,
        "bw_mean" : 0.000000,
        "bw_dev" : 0.000000,
        "bw_samples" : 0,
        "iops_min" : 0,
        "iops_max" : 0,
        "iops_mean" : 0.000000,
        "iops_stddev" : 0.000000,
        "iops_samples" : 0
      },
      "sync" : {
        "total_ios" : 0,
        "lat_ns" : {
          "min" : 0,
          "max" : 0,
          "mean" : 0.000000,
          "stddev" : 0.000000,
          "N" : 0
        }
      },
      "job_runtime" : 60000,
      "usr_cpu" : 1.246667,
      "sys_cpu" : 7.598333,
      "ctx" : 197340,
      "majf" : 0,
      "minf" : 36,
      "iodepth_level" : {
        "1" : 100.000000,
        "2" : 0.000000,
        "4" : 0.000000,
        "8" : 0.000000,
        "16" : 0.000000,
        "32" : 0.000000,
        ">=64" : 0.000000
      },
      "iodepth_submit" : {
        "0" : 0.000000,
        "4" : 100.000000,
        "8" : 0.000000,
        "16" : 0.000000,
        "32" : 0.000000,
        "64" : 0.000000,
        ">=64" : 0.000000
      },
      "iodepth_complete" : {
        "0" : 0.000000,
        "4" : 100.000000,
        "8" : 0.000000,
        "16" : 0.000000,
        "32" : 0.000000,
        "64" : 0.000000,
        ">=64" : 0.000000
      },
      "latency_ns" : {
        "2" : 0.000000,
        "4" : 0.000000,
        "10" : 0.000000,
        "20" : 0.000000,
        "50" : 0.000000,
        "100" : 0.000000,
        "250" : 0.000000,
        "500" : 0.000000,
        "750" : 0.000000,
        "1000" : 0.000000
      },
      "latency_us" : {
        "2" : 0.000000,
        "4" : 0.000000,
        "10" : 0.000000,
        "20" : 0.000000,
        "50" : 0.000000,
        "100" : 0.000000,
        "250" : 70.021790,
        "500" : 18.809669,
        "750" : 5.103882,
        "1000" : 2.376102
      },
      "latency_ms" : {
        "2" : 3.065268,
        "4" : 0.562988,
        "10" : 0.049154,
        "20" : 0.010135,
        "50" : 0.010000,
        "100" : 0.000000,
        "250" : 0.000000,
        "500" : 0.000000,
        "750" : 0.000000,
        "1000" : 0.000000,
        "2000" : 0.000000,
        ">=2000" : 0.000000
      },
      "latency_depth" : 1,
      "latency_target" : 0,
      "latency_percentile" : 100.000000,
      "latency_window" : 0
    }
  ],
  "disk_util" : [
    {
      "name" : "sdb",
      "read_ios" : 314586,
      "write_ios" : 0,
      "read_sectors" : 2516696,
      "write_sectors" : 0,
      "read_merges" : 0,
      "write_merges" : 0,
      "read_ticks" : 81662,
      "write_ticks" : 0,
      "in_queue" : 81661,
      "util" : 85.343698
    }
  ]
}
