{
  "fio version" : "fio-3.36",
  "timestamp" : 1733171711,
  "timestamp_ms" : 1733171711168,
  "time" : "Mon Dec  2 20:35:11 2024",
  "jobs" : [
    {
      "jobname" : "seq_write_direct0_fsync1",
      "groupid" : 0,
      "job_start" : 1733171680761,
      "error" : 0,
      "eta" : 0,
      "elapsed" : 91,
      "job options" : {
        "name" : "seq_write_direct0_fsync1",
        "rw" : "write",
        "direct" : "0",
        "bs" : "4k",
        "runtime" : "30",
        "ramp_time" : "60",
        "filename" : "/dev/sdb1",
        "iodepth" : "1",
        "numjobs" : "4",
        "fsync" : "1"
      },
      "read" : {
        "io_bytes" : 0,
        "io_kbytes" : 0,
        "bw_bytes" : 0,
        "bw" : 0,
        "iops" : 0.000000,
        "runtime" : 0,
        "total_ios" : 0,
        "short_ios" : 0,
        "drop_ios" : 0,
        "slat_ns" : {
          "min" : 0,
          "max" : 0,
          "mean" : 0.000000,
          "stddev" : 0.000000,
          "N" : 0
        },
        "clat_ns" : {
          "min" : 0,
          "max" : 0,
          "mean" : 0.000000,
          "stddev" : 0.000000,
          "N" : 0
        },
        "lat_ns" : {
          "min" : 0,
          "max" : 0,
          "mean" : 0.000000,
          "stddev" : 0.000000,
          "N" : 0
        },
        "bw_min" : 0,
        "bw_max" : 0,
        "bw_agg" : 0.000000,
        "bw_mean" : 0.000000,
        "bw_dev" : 0.000000,
        "bw_samples" : 0,
        "iops_min" : 0,
        "iops_max" : 0,
        "iops_mean" : 0.000000,
        "iops_stddev" : 0.000000,
        "iops_samples" : 0
      },
      "write" : {
        "io_bytes" : 3290726400,
        "io_kbytes" : 3213600,
        "bw_bytes" : 109687223,
        "bw" : 107116,
        "iops" : 26779.107363,
        "runtime" : 30001,
        "total_ios" : 803400,
        "short_ios" : 0,
        "drop_ios" : 0,
        "slat_ns" : {
          "min" : 0,
          "max" : 0,
          "mean" : 0.000000,
          "stddev" : 0.000000,
          "N" : 0
        },
        "clat_ns" : {
          "min" : 1900,
          "max" : 1216611,
          "mean" : 3580.449502,
          "stddev" : 3461.812437,
          "N" : 803400,
          "percentile" : {
            "1.000000" : 2288,
            "5.000000" : 2416,
            "10.000000" : 2512,
            "20.000000" : 2608,
            "30.000000" : 2704,
            "40.000000" : 2800,
            "50.000000" : 2992,
            "60.000000" : 3216,
            "70.000000" : 4016,
            "80.000000" : 4320,
            "90.000000" : 4704,
            "95.000000" : 5472,
            "99.000000" : 7584,
            "99.500000" : 14016,
            "99.900000" : 41216,
            "99.950000" : 48896,
            "99.990000" : 69120
          }
        },
        "lat_ns" : {
          "min" : 1900,
          "max" : 1216811,
          "mean" : 3745.132483,
          "stddev" : 3512.612353,
          "N" : 803400
        },
        "bw_min" : 88160,
        "bw_max" : 124408,
        "bw_agg" : 100.000000,
        "bw_mean" : 107193.316667,
        "bw_dev" : 1927.067536,
        "bw_samples" : 240,
        "iops_min" : 22040,
        "iops_max" : 31102,
        "iops_mean" : 26797.766667,
        "iops_stddev" : 481.728313,
        "iops_samples" : 240
      },
      "trim" : {
        "io_bytes" : 0,
        "io_kbytes" : 0,
        "bw_bytes" : 0,
        "bw" : 0,
        "iops" : 0.000000,
        "runtime" : 0,
        "total_ios" : 0,
        "short_ios" : 0,
        "drop_ios" : 0,
        "slat_ns" : {
          "min" : 0,
          "max" : 0,
          "mean" : 0.000000,
          "stddev" : 0.000000,
          "N" : 0
        },
        "clat_ns" : {
          "min" : 0,
          "max" : 0,
          "mean" : 0.000000,
          "stddev" : 0.000000,
          "N" : 0
        },
        "lat_ns" : {
          "min" : 0,
          "max" : 0,
          "mean" : 0.000000,
          "stddev" : 0.000000,
          "N" : 0
        },
        "bw_min" : 0,
        "bw_max" : 0,
        "bw_agg" : 0.000000,
        "bw_mean" : 0.000000,
        "bw_dev" : 0.000000,
        "bw_samples" : 0,
        "iops_min" : 0,
        "iops_max" : 0,
        "iops_mean" : 0.000000,
        "iops_stddev" : 0.000000,
        "iops_samples" : 0
      },
      "sync" : {
        "total_ios" : 803400,
        "lat_ns" : {
          "min" : 42800,
          "max" : 41491886,
          "mean" : 144682.830996,
          "stddev" : 313409.842556,
          "N" : 803400,
          "percentile" : {
            "1.000000" : 75264,
            "5.000000" : 88576,
            "10.000000" : 94720,
            "20.000000" : 103936,
            "30.000000" : 110080,
            "40.000000" : 116224,
            "50.000000" : 122368,
            "60.000000" : 128512,
            "70.000000" : 138240,
            "80.000000" : 150528,
            "90.000000" : 173056,
            "95.000000" : 207872,
            "99.000000" : 493568,
            "99.500000" : 872448,
            "99.900000" : 2637824,
            "99.950000" : 4145152,
            "99.990000" : 14876672
          }
        }
      },
      "job_runtime" : 120000,
      "usr_cpu" : 3.279167,
      "sys_cpu" : 20.702500,
      "ctx" : 965889,
      "majf" : 0,
      "minf" : 146,
      "iodepth_level" : {
        "1" : 200.000000,
        "2" : 0.000000,
        "4" : 0.000000,
        "8" : 0.000000,
        "16" : 0.000000,
        "32" : 0.000000,
        ">=64" : 0.000000
      },
      "iodepth_submit" : {
        "0" : 0.000000,
        "4" : 100.000000,
        "8" : 0.000000,
        "16" : 0.000000,
        "32" : 0.000000,
        "64" : 0.000000,
        ">=64" : 0.000000
      },
      "iodepth_complete" : {
        "0" : 0.000000,
        "4" : 100.000000,
        "8" : 0.000000,
        "16" : 0.000000,
        "32" : 0.000000,
        "64" : 0.000000,
        ">=64" : 0.000000
      },
      "latency_ns" : {
        "2" : 0.000000,
        "4" : 0.000000,
        "10" : 0.000000,
        "20" : 0.000000,
        "50" : 0.000000,
        "100" : 0.000000,
        "250" : 0.000000,
        "500" : 0.000000,
        "750" : 0.000000,
        "1000" : 0.000000
      },
      "latency_us" : {
        "2" : 0.010000,
        "4" : 68.125591,
        "10" : 31.286906,
        "20" : 0.151730,
        "50" : 0.394200,
        "100" : 0.038088,
        "250" : 0.010000,
        "500" : 0.010000,
        "750" : 0.010000,
        "1000" : 0.010000
      },
      "latency_ms" : {
        "2" : 0.010000,
        "4" : 0.000000,
        "10" : 0.000000,
        "20" : 0.000000,
        "50" : 0.000000,
        "100" : 0.000000,
        "250" : 0.000000,
        "500" : 0.000000,
        "750" : 0.000000,
        "1000" : 0.000000,
        "2000" : 0.000000,
        ">=2000" : 0.000000
      },
      "latency_depth" : 1,
      "latency_target" : 0,
      "latency_percentile" : 100.000000,
      "latency_window" : 0
    }
  ],
  "disk_util" : [
    {
      "name" : "sdb",
      "read_ios" : 59,
      "write_ios" : 2444731,
      "read_sectors" : 4168,
      "write_sectors" : 19560104,
      "read_merges" : 0,
      "write_merges" : 282,
      "read_ticks" : 13,
      "write_ticks" : 260365,
      "in_queue" : 260378,
      "util" : 72.056374
    }
  ]
}
