{
  "fio version" : "fio-3.36",
  "timestamp" : 1733277876,
  "timestamp_ms" : 1733277876614,
  "time" : "Wed Dec  4 02:04:36 2024",
  "jobs" : [
    {
      "jobname" : "write_direct0_fsync0_threads_8_5590",
      "groupid" : 0,
      "job_start" : 1733277801648,
      "error" : 0,
      "eta" : 0,
      "elapsed" : 106,
      "job options" : {
        "name" : "write_direct0_fsync0_threads_8_5590",
        "rw" : "write",
        "direct" : "0",
        "filename" : "/dev/sdb1",
        "numjobs" : "8",
        "fsync" : "0",
        "bs" : "4k",
        "ramp_time" : "30",
        "runtime" : "60",
        "iodepth" : "1",
        "end_fsync" : "1"
      },
      "read" : {
        "io_bytes" : 0,
        "io_kbytes" : 0,
        "bw_bytes" : 0,
        "bw" : 0,
        "iops" : 0.000000,
        "runtime" : 0,
        "total_ios" : 0,
        "short_ios" : 0,
        "drop_ios" : 0,
        "slat_ns" : {
          "min" : 0,
          "max" : 0,
          "mean" : 0.000000,
          "stddev" : 0.000000,
          "N" : 0
        },
        "clat_ns" : {
          "min" : 0,
          "max" : 0,
          "mean" : 0.000000,
          "stddev" : 0.000000,
          "N" : 0
        },
        "lat_ns" : {
          "min" : 0,
          "max" : 0,
          "mean" : 0.000000,
          "stddev" : 0.000000,
          "N" : 0
        },
        "bw_min" : 0,
        "bw_max" : 0,
        "bw_agg" : 0.000000,
        "bw_mean" : 0.000000,
        "bw_dev" : 0.000000,
        "bw_samples" : 0,
        "iops_min" : 0,
        "iops_max" : 0,
        "iops_mean" : 0.000000,
        "iops_stddev" : 0.000000,
        "iops_samples" : 0
      },
      "write" : {
        "io_bytes" : 426187763712,
        "io_kbytes" : 416198988,
        "bw_bytes" : 6655959827,
        "bw" : 6499960,
        "iops" : 1624990.192251,
        "runtime" : 64031,
        "total_ios" : 104049747,
        "short_ios" : 0,
        "drop_ios" : 0,
        "slat_ns" : {
          "min" : 0,
          "max" : 0,
          "mean" : 0.000000,
          "stddev" : 0.000000,
          "N" : 0
        },
        "clat_ns" : {
          "min" : 1100,
          "max" : 5141428,
          "mean" : 4284.834111,
          "stddev" : 9413.689920,
          "N" : 104049747,
          "percentile" : {
            "1.000000" : 1096,
            "5.000000" : 1208,
            "10.000000" : 1208,
            "20.000000" : 1208,
            "30.000000" : 1208,
            "40.000000" : 1304,
            "50.000000" : 1400,
            "60.000000" : 1608,
            "70.000000" : 2008,
            "80.000000" : 3216,
            "90.000000" : 6624,
            "95.000000" : 26240,
            "99.000000" : 46848,
            "99.500000" : 55040,
            "99.900000" : 74240,
            "99.950000" : 82432,
            "99.990000" : 108032
          }
        },
        "lat_ns" : {
          "min" : 1100,
          "max" : 5141428,
          "mean" : 4344.719551,
          "stddev" : 9423.422507,
          "N" : 104049747
        },
        "bw_min" : 5580480,
        "bw_max" : 7665512,
        "bw_agg" : 100.000000,
        "bw_mean" : 6942858.200000,
        "bw_dev" : 58244.620258,
        "bw_samples" : 960,
        "iops_min" : 1395120,
        "iops_max" : 1916376,
        "iops_mean" : 1735713.350000,
        "iops_stddev" : 14561.151344,
        "iops_samples" : 960
      },
      "trim" : {
        "io_bytes" : 0,
        "io_kbytes" : 0,
        "bw_bytes" : 0,
        "bw" : 0,
        "iops" : 0.000000,
        "runtime" : 0,
        "total_ios" : 0,
        "short_ios" : 0,
        "drop_ios" : 0,
        "slat_ns" : {
          "min" : 0,
          "max" : 0,
          "mean" : 0.000000,
          "stddev" : 0.000000,
          "N" : 0
        },
        "clat_ns" : {
          "min" : 0,
          "max" : 0,
          "mean" : 0.000000,
          "stddev" : 0.000000,
          "N" : 0
        },
        "lat_ns" : {
          "min" : 0,
          "max" : 0,
          "mean" : 0.000000,
          "stddev" : 0.000000,
          "N" : 0
        },
        "bw_min" : 0,
        "bw_max" : 0,
        "bw_agg" : 0.000000,
        "bw_mean" : 0.000000,
        "bw_dev" : 0.000000,
        "bw_samples" : 0,
        "iops_min" : 0,
        "iops_max" : 0,
        "iops_mean" : 0.000000,
        "iops_stddev" : 0.000000,
        "iops_samples" : 0
      },
      "sync" : {
        "total_ios" : 0,
        "lat_ns" : {
          "min" : 0,
          "max" : 0,
          "mean" : 0.000000,
          "stddev" : 0.000000,
          "N" : 0
        }
      },
      "job_runtime" : 512233,
      "usr_cpu" : 12.196208,
      "sys_cpu" : 51.851599,
      "ctx" : 8490194,
      "majf" : 0,
      "minf" : 336,
      "iodepth_level" : {
        "1" : 100.000000,
        "2" : 0.000000,
        "4" : 0.000000,
        "8" : 0.000000,
        "16" : 0.000000,
        "32" : 0.000000,
        ">=64" : 0.000000
      },
      "iodepth_submit" : {
        "0" : 0.000000,
        "4" : 100.000000,
        "8" : 0.000000,
        "16" : 0.000000,
        "32" : 0.000000,
        "64" : 0.000000,
        ">=64" : 0.000000
      },
      "iodepth_complete" : {
        "0" : 0.000000,
        "4" : 100.000000,
        "8" : 0.000000,
        "16" : 0.000000,
        "32" : 0.000000,
        "64" : 0.000000,
        ">=64" : 0.000000
      },
      "latency_ns" : {
        "2" : 0.000000,
        "4" : 0.000000,
        "10" : 0.000000,
        "20" : 0.000000,
        "50" : 0.000000,
        "100" : 0.000000,
        "250" : 0.000000,
        "500" : 0.000000,
        "750" : 0.000000,
        "1000" : 0.000000
      },
      "latency_us" : {
        "2" : 69.870796,
        "4" : 14.216238,
        "10" : 8.065149,
        "20" : 1.991975,
        "50" : 5.107968,
        "100" : 0.731854,
        "250" : 0.015051,
        "500" : 0.010000,
        "750" : 0.010000,
        "1000" : 0.010000
      },
      "latency_ms" : {
        "2" : 0.010000,
        "4" : 0.010000,
        "10" : 0.010000,
        "20" : 0.000000,
        "50" : 0.000000,
        "100" : 0.000000,
        "250" : 0.000000,
        "500" : 0.000000,
        "750" : 0.000000,
        "1000" : 0.000000,
        "2000" : 0.000000,
        ">=2000" : 0.000000
      },
      "latency_depth" : 1,
      "latency_target" : 0,
      "latency_percentile" : 100.000000,
      "latency_window" : 0
    }
  ],
  "disk_util" : [
    {
      "name" : "sdb",
      "read_ios" : 118,
      "write_ios" : 471000,
      "read_sectors" : 8336,
      "write_sectors" : 157717720,
      "read_merges" : 0,
      "write_merges" : 19243884,
      "read_ticks" : 31,
      "write_ticks" : 4342541,
      "in_queue" : 4342571,
      "util" : 25.876647
    }
  ]
}
