{
  "fio version" : "fio-3.36",
  "timestamp" : 1733280734,
  "timestamp_ms" : 1733280734314,
  "time" : "Wed Dec  4 02:52:14 2024",
  "jobs" : [
    {
      "jobname" : "randwrite_direct1_fsync1_threads_32_3952",
      "groupid" : 0,
      "job_start" : 1733280674235,
      "error" : 0,
      "eta" : 0,
      "elapsed" : 91,
      "job options" : {
        "name" : "randwrite_direct1_fsync1_threads_32_3952",
        "rw" : "randwrite",
        "direct" : "1",
        "filename" : "/dev/sdb1",
        "numjobs" : "32",
        "fsync" : "1",
        "bs" : "4k",
        "ramp_time" : "30",
        "runtime" : "60",
        "iodepth" : "1",
        "end_fsync" : "1"
      },
      "read" : {
        "io_bytes" : 0,
        "io_kbytes" : 0,
        "bw_bytes" : 0,
        "bw" : 0,
        "iops" : 0.000000,
        "runtime" : 0,
        "total_ios" : 0,
        "short_ios" : 0,
        "drop_ios" : 0,
        "slat_ns" : {
          "min" : 0,
          "max" : 0,
          "mean" : 0.000000,
          "stddev" : 0.000000,
          "N" : 0
        },
        "clat_ns" : {
          "min" : 0,
          "max" : 0,
          "mean" : 0.000000,
          "stddev" : 0.000000,
          "N" : 0
        },
        "lat_ns" : {
          "min" : 0,
          "max" : 0,
          "mean" : 0.000000,
          "stddev" : 0.000000,
          "N" : 0
        },
        "bw_min" : 0,
        "bw_max" : 0,
        "bw_agg" : 0.000000,
        "bw_mean" : 0.000000,
        "bw_dev" : 0.000000,
        "bw_samples" : 0,
        "iops_min" : 0,
        "iops_max" : 0,
        "iops_mean" : 0.000000,
        "iops_stddev" : 0.000000,
        "iops_samples" : 0
      },
      "write" : {
        "io_bytes" : 18403069952,
        "io_kbytes" : 17971748,
        "bw_bytes" : 306702497,
        "bw" : 299514,
        "iops" : 74878.539406,
        "runtime" : 60003,
        "total_ios" : 4492937,
        "short_ios" : 0,
        "drop_ios" : 0,
        "slat_ns" : {
          "min" : 0,
          "max" : 0,
          "mean" : 0.000000,
          "stddev" : 0.000000,
          "N" : 0
        },
        "clat_ns" : {
          "min" : 40901,
          "max" : 101747585,
          "mean" : 422736.428990,
          "stddev" : 2326388.959050,
          "N" : 4492937,
          "percentile" : {
            "1.000000" : 84480,
            "5.000000" : 100864,
            "10.000000" : 111104,
            "20.000000" : 126464,
            "30.000000" : 140288,
            "40.000000" : 156672,
            "50.000000" : 173056,
            "60.000000" : 191488,
            "70.000000" : 218112,
            "80.000000" : 250880,
            "90.000000" : 305152,
            "95.000000" : 374784,
            "99.000000" : 5603328,
            "99.500000" : 22937600,
            "99.900000" : 31326208,
            "99.950000" : 39059456,
            "99.990000" : 42205184
          }
        },
        "lat_ns" : {
          "min" : 41001,
          "max" : 101747785,
          "mean" : 422923.745333,
          "stddev" : 2326389.842031,
          "N" : 4492937
        },
        "bw_min" : 174048,
        "bw_max" : 350935,
        "bw_agg" : 100.000000,
        "bw_mean" : 300021.126050,
        "bw_dev" : 748.025984,
        "bw_samples" : 3808,
        "iops_min" : 43512,
        "iops_max" : 87733,
        "iops_mean" : 75003.151261,
        "iops_stddev" : 186.998611,
        "iops_samples" : 3808
      },
      "trim" : {
        "io_bytes" : 0,
        "io_kbytes" : 0,
        "bw_bytes" : 0,
        "bw" : 0,
        "iops" : 0.000000,
        "runtime" : 0,
        "total_ios" : 0,
        "short_ios" : 0,
        "drop_ios" : 0,
        "slat_ns" : {
          "min" : 0,
          "max" : 0,
          "mean" : 0.000000,
          "stddev" : 0.000000,
          "N" : 0
        },
        "clat_ns" : {
          "min" : 0,
          "max" : 0,
          "mean" : 0.000000,
          "stddev" : 0.000000,
          "N" : 0
        },
        "lat_ns" : {
          "min" : 0,
          "max" : 0,
          "mean" : 0.000000,
          "stddev" : 0.000000,
          "N" : 0
        },
        "bw_min" : 0,
        "bw_max" : 0,
        "bw_agg" : 0.000000,
        "bw_mean" : 0.000000,
        "bw_dev" : 0.000000,
        "bw_samples" : 0,
        "iops_min" : 0,
        "iops_max" : 0,
        "iops_mean" : 0.000000,
        "iops_stddev" : 0.000000,
        "iops_samples" : 0
      },
      "sync" : {
        "total_ios" : 4492905,
        "lat_ns" : {
          "min" : 700,
          "max" : 2060111,
          "mean" : 1893.460035,
          "stddev" : 6933.838416,
          "N" : 4492905,
          "percentile" : {
            "1.000000" : 804,
            "5.000000" : 900,
            "10.000000" : 900,
            "20.000000" : 1004,
            "30.000000" : 1096,
            "40.000000" : 1208,
            "50.000000" : 1304,
            "60.000000" : 1400,
            "70.000000" : 1608,
            "80.000000" : 1896,
            "90.000000" : 2608,
            "95.000000" : 2896,
            "99.000000" : 3600,
            "99.500000" : 23680,
            "99.900000" : 99840,
            "99.950000" : 142336,
            "99.990000" : 248832
          }
        }
      },
      "job_runtime" : 1920003,
      "usr_cpu" : 1.937601,
      "sys_cpu" : 6.931187,
      "ctx" : 4490155,
      "majf" : 0,
      "minf" : 1170,
      "iodepth_level" : {
        "1" : 199.999288,
        "2" : 0.000000,
        "4" : 0.000000,
        "8" : 0.000000,
        "16" : 0.000000,
        "32" : 0.000000,
        ">=64" : 0.000000
      },
      "iodepth_submit" : {
        "0" : 0.000000,
        "4" : 100.000000,
        "8" : 0.000000,
        "16" : 0.000000,
        "32" : 0.000000,
        "64" : 0.000000,
        ">=64" : 0.000000
      },
      "iodepth_complete" : {
        "0" : 0.000000,
        "4" : 100.000000,
        "8" : 0.000000,
        "16" : 0.000000,
        "32" : 0.000000,
        "64" : 0.000000,
        ">=64" : 0.000000
      },
      "latency_ns" : {
        "2" : 0.000000,
        "4" : 0.000000,
        "10" : 0.000000,
        "20" : 0.000000,
        "50" : 0.000000,
        "100" : 0.000000,
        "250" : 0.000000,
        "500" : 0.000000,
        "750" : 0.000000,
        "1000" : 0.000000
      },
      "latency_us" : {
        "2" : 0.000000,
        "4" : 0.000000,
        "10" : 0.000000,
        "20" : 0.000000,
        "50" : 0.010000,
        "100" : 4.585375,
        "250" : 75.057629,
        "500" : 17.630227,
        "750" : 0.756098,
        "1000" : 0.212133
      },
      "latency_ms" : {
        "2" : 0.415118,
        "4" : 0.262278,
        "10" : 0.195907,
        "20" : 0.215627,
        "50" : 0.664999,
        "100" : 0.010000,
        "250" : 0.010000,
        "500" : 0.000000,
        "750" : 0.000000,
        "1000" : 0.000000,
        "2000" : 0.000000,
        ">=2000" : 0.000000
      },
      "latency_depth" : 1,
      "latency_target" : 0,
      "latency_percentile" : 100.000000,
      "latency_window" : 0
    }
  ],
  "disk_util" : [
    {
      "name" : "sdb",
      "read_ios" : 118,
      "write_ios" : 6722688,
      "read_sectors" : 8336,
      "write_sectors" : 53781520,
      "read_merges" : 0,
      "write_merges" : 0,
      "read_ticks" : 41,
      "write_ticks" : 2528968,
      "in_queue" : 2529009,
      "util" : 90.579057
    }
  ]
}
