{
  "fio version" : "fio-3.36",
  "timestamp" : 1733281466,
  "timestamp_ms" : 1733281466763,
  "time" : "Wed Dec  4 03:04:26 2024",
  "jobs" : [
    {
      "jobname" : "read_direct1_fsync0_threads_16_0c60",
      "groupid" : 0,
      "job_start" : 1733281406748,
      "error" : 0,
      "eta" : 0,
      "elapsed" : 91,
      "job options" : {
        "name" : "read_direct1_fsync0_threads_16_0c60",
        "rw" : "read",
        "direct" : "1",
        "filename" : "/dev/sdb1",
        "numjobs" : "16",
        "fsync" : "0",
        "bs" : "4k",
        "ramp_time" : "30",
        "runtime" : "60",
        "iodepth" : "1",
        "end_fsync" : "1"
      },
      "read" : {
        "io_bytes" : 17140146176,
        "io_kbytes" : 16738424,
        "bw_bytes" : 285654820,
        "bw" : 278959,
        "iops" : 69739.946336,
        "runtime" : 60003,
        "total_ios" : 4184606,
        "short_ios" : 0,
        "drop_ios" : 0,
        "slat_ns" : {
          "min" : 0,
          "max" : 0,
          "mean" : 0.000000,
          "stddev" : 0.000000,
          "N" : 0
        },
        "clat_ns" : {
          "min" : 99401,
          "max" : 147570290,
          "mean" : 228388.904507,
          "stddev" : 692754.373793,
          "N" : 4184606,
          "percentile" : {
            "1.000000" : 140288,
            "5.000000" : 150528,
            "10.000000" : 156672,
            "20.000000" : 164864,
            "30.000000" : 171008,
            "40.000000" : 177152,
            "50.000000" : 183296,
            "60.000000" : 191488,
            "70.000000" : 199680,
            "80.000000" : 214016,
            "90.000000" : 238592,
            "95.000000" : 280576,
            "99.000000" : 651264,
            "99.500000" : 1597440,
            "99.900000" : 9502720,
            "99.950000" : 15663104,
            "99.990000" : 27131904
          }
        },
        "lat_ns" : {
          "min" : 99501,
          "max" : 147570390,
          "mean" : 228491.457291,
          "stddev" : 692756.400626,
          "N" : 4184606
        },
        "bw_min" : 175778,
        "bw_max" : 332110,
        "bw_agg" : 100.000000,
        "bw_mean" : 279156.950000,
        "bw_dev" : 1819.812080,
        "bw_samples" : 1920,
        "iops_min" : 43944,
        "iops_max" : 83026,
        "iops_mean" : 69787.400000,
        "iops_stddev" : 454.953692,
        "iops_samples" : 1920
      },
      "write" : {
        "io_bytes" : 0,
        "io_kbytes" : 0,
        "bw_bytes" : 0,
        "bw" : 0,
        "iops" : 0.000000,
        "runtime" : 0,
        "total_ios" : 0,
        "short_ios" : 0,
        "drop_ios" : 0,
        "slat_ns" : {
          "min" : 0,
          "max" : 0,
          "mean" : 0.000000,
          "stddev" : 0.000000,
          "N" : 0
        },
        "clat_ns" : {
          "min" : 0,
          "max" : 0,
          "mean" : 0.000000,
          "stddev" : 0.000000,
          "N" : 0
        },
        "lat_ns" : {
          "min" : 0,
          "max" : 0,
          "mean" : 0.000000,
          "stddev" : 0.000000,
          "N" : 0
        },
        "bw_min" : 0,
        "bw_max" : 0,
        "bw_agg" : 0.000000,
        "bw_mean" : 0.000000,
        "bw_dev" : 0.000000,
        "bw_samples" : 0,
        "iops_min" : 0,
        "iops_max" : 0,
        "iops_mean" : 0.000000,
        "iops_stddev" : 0.000000,
        "iops_samples" : 0
      },
      "trim" : {
        "io_bytes" : 0,
        "io_kbytes" : 0,
        "bw_bytes" : 0,
        "bw" : 0,
        "iops" : 0.000000,
        "runtime" : 0,
        "total_ios" : 0,
        "short_ios" : 0,
        "drop_ios" : 0,
        "slat_ns" : {
          "min" : 0,
          "max" : 0,
          "mean" : 0.000000,
          "stddev" : 0.000000,
          "N" : 0
        },
        "clat_ns" : {
          "min" : 0,
          "max" : 0,
          "mean" : 0.000000,
          "stddev" : 0.000000,
          "N" : 0
        },
        "lat_ns" : {
          "min" : 0,
          "max" : 0,
          "mean" : 0.000000,
          "stddev" : 0.000000,
          "N" : 0
        },
        "bw_min" : 0,
        "bw_max" : 0,
        "bw_agg" : 0.000000,
        "bw_mean" : 0.000000,
        "bw_dev" : 0.000000,
        "bw_samples" : 0,
        "iops_min" : 0,
        "iops_max" : 0,
        "iops_mean" : 0.000000,
        "iops_stddev" : 0.000000,
        "iops_samples" : 0
      },
      "sync" : {
        "total_ios" : 0,
        "lat_ns" : {
          "min" : 0,
          "max" : 0,
          "mean" : 0.000000,
          "stddev" : 0.000000,
          "N" : 0
        }
      },
      "job_runtime" : 960016,
      "usr_cpu" : 2.108507,
      "sys_cpu" : 12.304378,
      "ctx" : 4184316,
      "majf" : 0,
      "minf" : 583,
      "iodepth_level" : {
        "1" : 100.000000,
        "2" : 0.000000,
        "4" : 0.000000,
        "8" : 0.000000,
        "16" : 0.000000,
        "32" : 0.000000,
        ">=64" : 0.000000
      },
      "iodepth_submit" : {
        "0" : 0.000000,
        "4" : 100.000000,
        "8" : 0.000000,
        "16" : 0.000000,
        "32" : 0.000000,
        "64" : 0.000000,
        ">=64" : 0.000000
      },
      "iodepth_complete" : {
        "0" : 0.000000,
        "4" : 100.000000,
        "8" : 0.000000,
        "16" : 0.000000,
        "32" : 0.000000,
        "64" : 0.000000,
        ">=64" : 0.000000
      },
      "latency_ns" : {
        "2" : 0.000000,
        "4" : 0.000000,
        "10" : 0.000000,
        "20" : 0.000000,
        "50" : 0.000000,
        "100" : 0.000000,
        "250" : 0.000000,
        "500" : 0.000000,
        "750" : 0.000000,
        "1000" : 0.000000
      },
      "latency_us" : {
        "2" : 0.000000,
        "4" : 0.000000,
        "10" : 0.000000,
        "20" : 0.000000,
        "50" : 0.000000,
        "100" : 0.010000,
        "250" : 91.970403,
        "500" : 6.756980,
        "750" : 0.365148,
        "1000" : 0.137576
      },
      "latency_ms" : {
        "2" : 0.358935,
        "4" : 0.193375,
        "10" : 0.122855,
        "20" : 0.076996,
        "50" : 0.015557,
        "100" : 0.010000,
        "250" : 0.010000,
        "500" : 0.000000,
        "750" : 0.000000,
        "1000" : 0.000000,
        "2000" : 0.000000,
        ">=2000" : 0.000000
      },
      "latency_depth" : 1,
      "latency_target" : 0,
      "latency_percentile" : 100.000000,
      "latency_window" : 0
    }
  ],
  "disk_util" : [
    {
      "name" : "sdb",
      "read_ios" : 6265777,
      "write_ios" : 0,
      "read_sectors" : 50126224,
      "write_sectors" : 0,
      "read_merges" : 0,
      "write_merges" : 0,
      "read_ticks" : 1228139,
      "write_ticks" : 0,
      "in_queue" : 1228139,
      "util" : 82.947441
    }
  ]
}
